model,dataset,n,temp,n_graded,n_skipped,k,pass_at_k
$USER_HOME/checkpoints/Qwen0.6B_Qwen8B/prefix_overlap/po_prob_lr3e-6_wu20/ckpt_best,gsm8k_eval.jsonl,64,0.8,100,0,1,0.527500
$USER_HOME/checkpoints/Qwen0.6B_Qwen8B/prefix_overlap/po_prob_lr3e-6_wu20/ckpt_best,gsm8k_eval.jsonl,64,0.8,100,0,2,0.655853
$USER_HOME/checkpoints/Qwen0.6B_Qwen8B/prefix_overlap/po_prob_lr3e-6_wu20/ckpt_best,gsm8k_eval.jsonl,64,0.8,100,0,4,0.742984
$USER_HOME/checkpoints/Qwen0.6B_Qwen8B/prefix_overlap/po_prob_lr3e-6_wu20/ckpt_best,gsm8k_eval.jsonl,64,0.8,100,0,8,0.808210
$USER_HOME/checkpoints/Qwen0.6B_Qwen8B/prefix_overlap/po_prob_lr3e-6_wu20/ckpt_best,gsm8k_eval.jsonl,64,0.8,100,0,16,0.861022
$USER_HOME/checkpoints/Qwen0.6B_Qwen8B/prefix_overlap/po_prob_lr3e-6_wu20/ckpt_best,gsm8k_eval.jsonl,64,0.8,100,0,32,0.901296
$USER_HOME/checkpoints/Qwen0.6B_Qwen8B/prefix_overlap/po_prob_lr3e-6_wu20/ckpt_best,gsm8k_eval.jsonl,64,0.8,100,0,64,0.940000
$USER_HOME/checkpoints/Qwen0.6B_Qwen8B/prefix_overlap/po_prob_lr3e-6_wu20/ckpt_best,math_eval.jsonl,64,0.8,100,0,1,0.224844
$USER_HOME/checkpoints/Qwen0.6B_Qwen8B/prefix_overlap/po_prob_lr3e-6_wu20/ckpt_best,math_eval.jsonl,64,0.8,100,0,2,0.304063
$USER_HOME/checkpoints/Qwen0.6B_Qwen8B/prefix_overlap/po_prob_lr3e-6_wu20/ckpt_best,math_eval.jsonl,64,0.8,100,0,4,0.376520
$USER_HOME/checkpoints/Qwen0.6B_Qwen8B/prefix_overlap/po_prob_lr3e-6_wu20/ckpt_best,math_eval.jsonl,64,0.8,100,0,8,0.439921
$USER_HOME/checkpoints/Qwen0.6B_Qwen8B/prefix_overlap/po_prob_lr3e-6_wu20/ckpt_best,math_eval.jsonl,64,0.8,100,0,16,0.497989
$USER_HOME/checkpoints/Qwen0.6B_Qwen8B/prefix_overlap/po_prob_lr3e-6_wu20/ckpt_best,math_eval.jsonl,64,0.8,100,0,32,0.553833
$USER_HOME/checkpoints/Qwen0.6B_Qwen8B/prefix_overlap/po_prob_lr3e-6_wu20/ckpt_best,math_eval.jsonl,64,0.8,100,0,64,0.610000
$USER_HOME/checkpoints/Qwen0.6B_Qwen8B/prefix_overlap/po_prob_lr7e-6_wu20/ckpt_best,math_eval.jsonl,64,0.8,100,0,1,0.236406
$USER_HOME/checkpoints/Qwen0.6B_Qwen8B/prefix_overlap/po_prob_lr7e-6_wu20/ckpt_best,math_eval.jsonl,64,0.8,100,0,2,0.309459
$USER_HOME/checkpoints/Qwen0.6B_Qwen8B/prefix_overlap/po_prob_lr7e-6_wu20/ckpt_best,math_eval.jsonl,64,0.8,100,0,4,0.375368
$USER_HOME/checkpoints/Qwen0.6B_Qwen8B/prefix_overlap/po_prob_lr7e-6_wu20/ckpt_best,math_eval.jsonl,64,0.8,100,0,8,0.434549
$USER_HOME/checkpoints/Qwen0.6B_Qwen8B/prefix_overlap/po_prob_lr7e-6_wu20/ckpt_best,math_eval.jsonl,64,0.8,100,0,16,0.490987
$USER_HOME/checkpoints/Qwen0.6B_Qwen8B/prefix_overlap/po_prob_lr7e-6_wu20/ckpt_best,math_eval.jsonl,64,0.8,100,0,32,0.545474
$USER_HOME/checkpoints/Qwen0.6B_Qwen8B/prefix_overlap/po_prob_lr7e-6_wu20/ckpt_best,math_eval.jsonl,64,0.8,100,0,64,0.590000
$USER_HOME/checkpoints/Qwen0.6B_Qwen8B/prefix_overlap/po_prob_lr3e-6_wu20/ckpt_best,olympiad_eval.jsonl,64,0.8,100,0,1,0.082500
$USER_HOME/checkpoints/Qwen0.6B_Qwen8B/prefix_overlap/po_prob_lr3e-6_wu20/ckpt_best,olympiad_eval.jsonl,64,0.8,100,0,2,0.117788
$USER_HOME/checkpoints/Qwen0.6B_Qwen8B/prefix_overlap/po_prob_lr3e-6_wu20/ckpt_best,olympiad_eval.jsonl,64,0.8,100,0,4,0.152045
$USER_HOME/checkpoints/Qwen0.6B_Qwen8B/prefix_overlap/po_prob_lr3e-6_wu20/ckpt_best,olympiad_eval.jsonl,64,0.8,100,0,8,0.187293
$USER_HOME/checkpoints/Qwen0.6B_Qwen8B/prefix_overlap/po_prob_lr3e-6_wu20/ckpt_best,olympiad_eval.jsonl,64,0.8,100,0,16,0.226545
$USER_HOME/checkpoints/Qwen0.6B_Qwen8B/prefix_overlap/po_prob_lr3e-6_wu20/ckpt_best,olympiad_eval.jsonl,64,0.8,100,0,32,0.263352
$USER_HOME/checkpoints/Qwen0.6B_Qwen8B/prefix_overlap/po_prob_lr3e-6_wu20/ckpt_best,olympiad_eval.jsonl,64,0.8,100,0,64,0.290000
$USER_HOME/checkpoints/Qwen0.6B_Qwen8B/prefix_overlap/po_prob_lr7e-6_wu20/ckpt_best,gsm8k_eval.jsonl,64,0.8,100,0,1,0.560313
$USER_HOME/checkpoints/Qwen0.6B_Qwen8B/prefix_overlap/po_prob_lr7e-6_wu20/ckpt_best,gsm8k_eval.jsonl,64,0.8,100,0,2,0.682356
$USER_HOME/checkpoints/Qwen0.6B_Qwen8B/prefix_overlap/po_prob_lr7e-6_wu20/ckpt_best,gsm8k_eval.jsonl,64,0.8,100,0,4,0.766318
$USER_HOME/checkpoints/Qwen0.6B_Qwen8B/prefix_overlap/po_prob_lr7e-6_wu20/ckpt_best,gsm8k_eval.jsonl,64,0.8,100,0,8,0.834178
$USER_HOME/checkpoints/Qwen0.6B_Qwen8B/prefix_overlap/po_prob_lr7e-6_wu20/ckpt_best,gsm8k_eval.jsonl,64,0.8,100,0,16,0.889053
$USER_HOME/checkpoints/Qwen0.6B_Qwen8B/prefix_overlap/po_prob_lr7e-6_wu20/ckpt_best,gsm8k_eval.jsonl,64,0.8,100,0,32,0.929226
$USER_HOME/checkpoints/Qwen0.6B_Qwen8B/prefix_overlap/po_prob_lr7e-6_wu20/ckpt_best,gsm8k_eval.jsonl,64,0.8,100,0,64,0.960000
$USER_HOME/checkpoints/Qwen0.6B_Qwen8B/prefix_overlap/po_prob_lr7e-6_wu20/ckpt_best,olympiad_eval.jsonl,64,0.8,100,0,1,0.083281
$USER_HOME/checkpoints/Qwen0.6B_Qwen8B/prefix_overlap/po_prob_lr7e-6_wu20/ckpt_best,olympiad_eval.jsonl,64,0.8,100,0,2,0.120188
$USER_HOME/checkpoints/Qwen0.6B_Qwen8B/prefix_overlap/po_prob_lr7e-6_wu20/ckpt_best,olympiad_eval.jsonl,64,0.8,100,0,4,0.155061
$USER_HOME/checkpoints/Qwen0.6B_Qwen8B/prefix_overlap/po_prob_lr7e-6_wu20/ckpt_best,olympiad_eval.jsonl,64,0.8,100,0,8,0.190463
$USER_HOME/checkpoints/Qwen0.6B_Qwen8B/prefix_overlap/po_prob_lr7e-6_wu20/ckpt_best,olympiad_eval.jsonl,64,0.8,100,0,16,0.228265
$USER_HOME/checkpoints/Qwen0.6B_Qwen8B/prefix_overlap/po_prob_lr7e-6_wu20/ckpt_best,olympiad_eval.jsonl,64,0.8,100,0,32,0.258769
$USER_HOME/checkpoints/Qwen0.6B_Qwen8B/prefix_overlap/po_prob_lr7e-6_wu20/ckpt_best,olympiad_eval.jsonl,64,0.8,100,0,64,0.280000
$USER_HOME/checkpoints/Qwen0.6B_Qwen8B/prefix_overlap/po_prob_lr1e-6_wu20/ckpt_best,math_eval.jsonl,64,0.8,100,0,1,0.117031
$USER_HOME/checkpoints/Qwen0.6B_Qwen8B/prefix_overlap/po_prob_lr1e-6_wu20/ckpt_best,math_eval.jsonl,64,0.8,100,0,2,0.193065
$USER_HOME/checkpoints/Qwen0.6B_Qwen8B/prefix_overlap/po_prob_lr1e-6_wu20/ckpt_best,math_eval.jsonl,64,0.8,100,0,4,0.283947
$USER_HOME/checkpoints/Qwen0.6B_Qwen8B/prefix_overlap/po_prob_lr1e-6_wu20/ckpt_best,math_eval.jsonl,64,0.8,100,0,8,0.371333
$USER_HOME/checkpoints/Qwen0.6B_Qwen8B/prefix_overlap/po_prob_lr1e-6_wu20/ckpt_best,math_eval.jsonl,64,0.8,100,0,16,0.444405
$USER_HOME/checkpoints/Qwen0.6B_Qwen8B/prefix_overlap/po_prob_lr1e-6_wu20/ckpt_best,math_eval.jsonl,64,0.8,100,0,32,0.502070
$USER_HOME/checkpoints/Qwen0.6B_Qwen8B/prefix_overlap/po_prob_lr1e-6_wu20/ckpt_best,math_eval.jsonl,64,0.8,100,0,64,0.560000
$USER_HOME/checkpoints/Qwen0.6B_Qwen8B/prefix_overlap/po_prob_lr1e-6_wu20/ckpt_best,gsm8k_eval.jsonl,64,0.8,100,0,1,0.343125
$USER_HOME/checkpoints/Qwen0.6B_Qwen8B/prefix_overlap/po_prob_lr1e-6_wu20/ckpt_best,gsm8k_eval.jsonl,64,0.8,100,0,2,0.513194
$USER_HOME/checkpoints/Qwen0.6B_Qwen8B/prefix_overlap/po_prob_lr1e-6_wu20/ckpt_best,gsm8k_eval.jsonl,64,0.8,100,0,4,0.668437
$USER_HOME/checkpoints/Qwen0.6B_Qwen8B/prefix_overlap/po_prob_lr1e-6_wu20/ckpt_best,gsm8k_eval.jsonl,64,0.8,100,0,8,0.779062
$USER_HOME/checkpoints/Qwen0.6B_Qwen8B/prefix_overlap/po_prob_lr1e-6_wu20/ckpt_best,gsm8k_eval.jsonl,64,0.8,100,0,16,0.854338
$USER_HOME/checkpoints/Qwen0.6B_Qwen8B/prefix_overlap/po_prob_lr1e-6_wu20/ckpt_best,gsm8k_eval.jsonl,64,0.8,100,0,32,0.901627
$USER_HOME/checkpoints/Qwen0.6B_Qwen8B/prefix_overlap/po_prob_lr1e-6_wu20/ckpt_best,gsm8k_eval.jsonl,64,0.8,100,0,64,0.920000
$USER_HOME/checkpoints/Qwen0.6B_Qwen8B/prefix_overlap/po_prob_lr1e-6_wu20/ckpt_best,olympiad_eval.jsonl,64,0.8,100,0,1,0.045156
$USER_HOME/checkpoints/Qwen0.6B_Qwen8B/prefix_overlap/po_prob_lr1e-6_wu20/ckpt_best,olympiad_eval.jsonl,64,0.8,100,0,2,0.074231
$USER_HOME/checkpoints/Qwen0.6B_Qwen8B/prefix_overlap/po_prob_lr1e-6_wu20/ckpt_best,olympiad_eval.jsonl,64,0.8,100,0,4,0.107972
$USER_HOME/checkpoints/Qwen0.6B_Qwen8B/prefix_overlap/po_prob_lr1e-6_wu20/ckpt_best,olympiad_eval.jsonl,64,0.8,100,0,8,0.139595
$USER_HOME/checkpoints/Qwen0.6B_Qwen8B/prefix_overlap/po_prob_lr1e-6_wu20/ckpt_best,olympiad_eval.jsonl,64,0.8,100,0,16,0.171416
$USER_HOME/checkpoints/Qwen0.6B_Qwen8B/prefix_overlap/po_prob_lr1e-6_wu20/ckpt_best,olympiad_eval.jsonl,64,0.8,100,0,32,0.210351
$USER_HOME/checkpoints/Qwen0.6B_Qwen8B/prefix_overlap/po_prob_lr1e-6_wu20/ckpt_best,olympiad_eval.jsonl,64,0.8,100,0,64,0.260000
$USER_HOME/checkpoints/Qwen0.6B_Qwen8B/prefix_overlap/jsd_lr1e-5_wu10_lrmin0.1_wd0.01/ckpt_best,math_eval.jsonl,64,0.8,100,0,1,0.195156
$USER_HOME/checkpoints/Qwen0.6B_Qwen8B/prefix_overlap/jsd_lr1e-5_wu10_lrmin0.1_wd0.01/ckpt_best,math_eval.jsonl,64,0.8,100,0,2,0.274187
$USER_HOME/checkpoints/Qwen0.6B_Qwen8B/prefix_overlap/jsd_lr1e-5_wu10_lrmin0.1_wd0.01/ckpt_best,math_eval.jsonl,64,0.8,100,0,4,0.346698
$USER_HOME/checkpoints/Qwen0.6B_Qwen8B/prefix_overlap/jsd_lr1e-5_wu10_lrmin0.1_wd0.01/ckpt_best,math_eval.jsonl,64,0.8,100,0,8,0.410241
$USER_HOME/checkpoints/Qwen0.6B_Qwen8B/prefix_overlap/jsd_lr1e-5_wu10_lrmin0.1_wd0.01/ckpt_best,math_eval.jsonl,64,0.8,100,0,16,0.469527
$USER_HOME/checkpoints/Qwen0.6B_Qwen8B/prefix_overlap/jsd_lr1e-5_wu10_lrmin0.1_wd0.01/ckpt_best,math_eval.jsonl,64,0.8,100,0,32,0.522573
$USER_HOME/checkpoints/Qwen0.6B_Qwen8B/prefix_overlap/jsd_lr1e-5_wu10_lrmin0.1_wd0.01/ckpt_best,math_eval.jsonl,64,0.8,100,0,64,0.570000
$USER_HOME/checkpoints/Qwen0.6B_Qwen8B/prefix_overlap/jsd_lr1e-5_wu10_lrmin0.1_wd0.01/ckpt_best,gsm8k_eval.jsonl,64,0.8,100,0,1,0.483281
$USER_HOME/checkpoints/Qwen0.6B_Qwen8B/prefix_overlap/jsd_lr1e-5_wu10_lrmin0.1_wd0.01/ckpt_best,gsm8k_eval.jsonl,64,0.8,100,0,2,0.622540
$USER_HOME/checkpoints/Qwen0.6B_Qwen8B/prefix_overlap/jsd_lr1e-5_wu10_lrmin0.1_wd0.01/ckpt_best,gsm8k_eval.jsonl,64,0.8,100,0,4,0.715729
$USER_HOME/checkpoints/Qwen0.6B_Qwen8B/prefix_overlap/jsd_lr1e-5_wu10_lrmin0.1_wd0.01/ckpt_best,gsm8k_eval.jsonl,64,0.8,100,0,8,0.781997
$USER_HOME/checkpoints/Qwen0.6B_Qwen8B/prefix_overlap/jsd_lr1e-5_wu10_lrmin0.1_wd0.01/ckpt_best,gsm8k_eval.jsonl,64,0.8,100,0,16,0.838363
$USER_HOME/checkpoints/Qwen0.6B_Qwen8B/prefix_overlap/jsd_lr1e-5_wu10_lrmin0.1_wd0.01/ckpt_best,gsm8k_eval.jsonl,64,0.8,100,0,32,0.879885
$USER_HOME/checkpoints/Qwen0.6B_Qwen8B/prefix_overlap/jsd_lr1e-5_wu10_lrmin0.1_wd0.01/ckpt_best,gsm8k_eval.jsonl,64,0.8,100,0,64,0.910000
$USER_HOME/checkpoints/Qwen0.6B_Qwen8B/prefix_overlap/jsd_lr1e-5_wu10_lrmin0.1_wd0.01/ckpt_best,olympiad_eval.jsonl,64,0.8,100,0,1,0.063437
$USER_HOME/checkpoints/Qwen0.6B_Qwen8B/prefix_overlap/jsd_lr1e-5_wu10_lrmin0.1_wd0.01/ckpt_best,olympiad_eval.jsonl,64,0.8,100,0,2,0.094633
$USER_HOME/checkpoints/Qwen0.6B_Qwen8B/prefix_overlap/jsd_lr1e-5_wu10_lrmin0.1_wd0.01/ckpt_best,olympiad_eval.jsonl,64,0.8,100,0,4,0.126063
$USER_HOME/checkpoints/Qwen0.6B_Qwen8B/prefix_overlap/jsd_lr1e-5_wu10_lrmin0.1_wd0.01/ckpt_best,olympiad_eval.jsonl,64,0.8,100,0,8,0.159264
$USER_HOME/checkpoints/Qwen0.6B_Qwen8B/prefix_overlap/jsd_lr1e-5_wu10_lrmin0.1_wd0.01/ckpt_best,olympiad_eval.jsonl,64,0.8,100,0,16,0.200623
$USER_HOME/checkpoints/Qwen0.6B_Qwen8B/prefix_overlap/jsd_lr1e-5_wu10_lrmin0.1_wd0.01/ckpt_best,olympiad_eval.jsonl,64,0.8,100,0,32,0.249025
$USER_HOME/checkpoints/Qwen0.6B_Qwen8B/prefix_overlap/jsd_lr1e-5_wu10_lrmin0.1_wd0.01/ckpt_best,olympiad_eval.jsonl,64,0.8,100,0,64,0.290000
$USER_HOME/checkpoints/Qwen0.6B_Qwen8B/prefix_overlap/jsd_lr3e-6_wu10_lrmin0.1_wd0.01/ckpt_best,math_eval.jsonl,64,0.8,100,0,1,0.204375
$USER_HOME/checkpoints/Qwen0.6B_Qwen8B/prefix_overlap/jsd_lr3e-6_wu10_lrmin0.1_wd0.01/ckpt_best,math_eval.jsonl,64,0.8,100,0,2,0.284559
$USER_HOME/checkpoints/Qwen0.6B_Qwen8B/prefix_overlap/jsd_lr3e-6_wu10_lrmin0.1_wd0.01/ckpt_best,math_eval.jsonl,64,0.8,100,0,4,0.358417
$USER_HOME/checkpoints/Qwen0.6B_Qwen8B/prefix_overlap/jsd_lr3e-6_wu10_lrmin0.1_wd0.01/ckpt_best,math_eval.jsonl,64,0.8,100,0,8,0.422309
$USER_HOME/checkpoints/Qwen0.6B_Qwen8B/prefix_overlap/jsd_lr3e-6_wu10_lrmin0.1_wd0.01/ckpt_best,math_eval.jsonl,64,0.8,100,0,16,0.476939
$USER_HOME/checkpoints/Qwen0.6B_Qwen8B/prefix_overlap/jsd_lr3e-6_wu10_lrmin0.1_wd0.01/ckpt_best,math_eval.jsonl,64,0.8,100,0,32,0.522518
$USER_HOME/checkpoints/Qwen0.6B_Qwen8B/prefix_overlap/jsd_lr3e-6_wu10_lrmin0.1_wd0.01/ckpt_best,math_eval.jsonl,64,0.8,100,0,64,0.560000
$USER_HOME/checkpoints/Qwen0.6B_Qwen8B/prefix_overlap/jsd_lr3e-6_wu10_lrmin0.1_wd0.01/ckpt_best,gsm8k_eval.jsonl,64,0.8,100,0,1,0.480313
$USER_HOME/checkpoints/Qwen0.6B_Qwen8B/prefix_overlap/jsd_lr3e-6_wu10_lrmin0.1_wd0.01/ckpt_best,gsm8k_eval.jsonl,64,0.8,100,0,2,0.622703
$USER_HOME/checkpoints/Qwen0.6B_Qwen8B/prefix_overlap/jsd_lr3e-6_wu10_lrmin0.1_wd0.01/ckpt_best,gsm8k_eval.jsonl,64,0.8,100,0,4,0.719758
$USER_HOME/checkpoints/Qwen0.6B_Qwen8B/prefix_overlap/jsd_lr3e-6_wu10_lrmin0.1_wd0.01/ckpt_best,gsm8k_eval.jsonl,64,0.8,100,0,8,0.790574
$USER_HOME/checkpoints/Qwen0.6B_Qwen8B/prefix_overlap/jsd_lr3e-6_wu10_lrmin0.1_wd0.01/ckpt_best,gsm8k_eval.jsonl,64,0.8,100,0,16,0.849261
$USER_HOME/checkpoints/Qwen0.6B_Qwen8B/prefix_overlap/jsd_lr3e-6_wu10_lrmin0.1_wd0.01/ckpt_best,gsm8k_eval.jsonl,64,0.8,100,0,32,0.892986
$USER_HOME/checkpoints/Qwen0.6B_Qwen8B/prefix_overlap/jsd_lr3e-6_wu10_lrmin0.1_wd0.01/ckpt_best,gsm8k_eval.jsonl,64,0.8,100,0,64,0.920000
$USER_HOME/checkpoints/Qwen0.6B_Qwen8B/prefix_overlap/jsd_lr3e-6_wu10_lrmin0.1_wd0.01/ckpt_best,olympiad_eval.jsonl,64,0.8,100,0,1,0.072344
$USER_HOME/checkpoints/Qwen0.6B_Qwen8B/prefix_overlap/jsd_lr3e-6_wu10_lrmin0.1_wd0.01/ckpt_best,olympiad_eval.jsonl,64,0.8,100,0,2,0.109598
$USER_HOME/checkpoints/Qwen0.6B_Qwen8B/prefix_overlap/jsd_lr3e-6_wu10_lrmin0.1_wd0.01/ckpt_best,olympiad_eval.jsonl,64,0.8,100,0,4,0.147255
$USER_HOME/checkpoints/Qwen0.6B_Qwen8B/prefix_overlap/jsd_lr3e-6_wu10_lrmin0.1_wd0.01/ckpt_best,olympiad_eval.jsonl,64,0.8,100,0,8,0.184928
$USER_HOME/checkpoints/Qwen0.6B_Qwen8B/prefix_overlap/jsd_lr3e-6_wu10_lrmin0.1_wd0.01/ckpt_best,olympiad_eval.jsonl,64,0.8,100,0,16,0.228829
$USER_HOME/checkpoints/Qwen0.6B_Qwen8B/prefix_overlap/jsd_lr3e-6_wu10_lrmin0.1_wd0.01/ckpt_best,olympiad_eval.jsonl,64,0.8,100,0,32,0.276511
$USER_HOME/checkpoints/Qwen0.6B_Qwen8B/prefix_overlap/jsd_lr3e-6_wu10_lrmin0.1_wd0.01/ckpt_best,olympiad_eval.jsonl,64,0.8,100,0,64,0.310000
$USER_HOME/checkpoints/Qwen0.6B_Qwen8B/prefix_overlap/jsd_lr1e-6_wu10_lrmin0.1_wd0.01/ckpt_best,math_eval.jsonl,64,0.8,100,0,1,0.167344
$USER_HOME/checkpoints/Qwen0.6B_Qwen8B/prefix_overlap/jsd_lr1e-6_wu10_lrmin0.1_wd0.01/ckpt_best,math_eval.jsonl,64,0.8,100,0,2,0.252788
$USER_HOME/checkpoints/Qwen0.6B_Qwen8B/prefix_overlap/jsd_lr1e-6_wu10_lrmin0.1_wd0.01/ckpt_best,math_eval.jsonl,64,0.8,100,0,4,0.340082
$USER_HOME/checkpoints/Qwen0.6B_Qwen8B/prefix_overlap/jsd_lr1e-6_wu10_lrmin0.1_wd0.01/ckpt_best,math_eval.jsonl,64,0.8,100,0,8,0.414597
$USER_HOME/checkpoints/Qwen0.6B_Qwen8B/prefix_overlap/jsd_lr1e-6_wu10_lrmin0.1_wd0.01/ckpt_best,math_eval.jsonl,64,0.8,100,0,16,0.470938
$USER_HOME/checkpoints/Qwen0.6B_Qwen8B/prefix_overlap/jsd_lr1e-6_wu10_lrmin0.1_wd0.01/ckpt_best,math_eval.jsonl,64,0.8,100,0,32,0.516617
$USER_HOME/checkpoints/Qwen0.6B_Qwen8B/prefix_overlap/jsd_lr1e-6_wu10_lrmin0.1_wd0.01/ckpt_best,math_eval.jsonl,64,0.8,100,0,64,0.560000
$USER_HOME/checkpoints/Qwen0.6B_Qwen8B/prefix_overlap/jsd_lr1e-6_wu10_lrmin0.1_wd0.01/ckpt_best,gsm8k_eval.jsonl,64,0.8,100,0,1,0.415000
$USER_HOME/checkpoints/Qwen0.6B_Qwen8B/prefix_overlap/jsd_lr1e-6_wu10_lrmin0.1_wd0.01/ckpt_best,gsm8k_eval.jsonl,64,0.8,100,0,2,0.574598
$USER_HOME/checkpoints/Qwen0.6B_Qwen8B/prefix_overlap/jsd_lr1e-6_wu10_lrmin0.1_wd0.01/ckpt_best,gsm8k_eval.jsonl,64,0.8,100,0,4,0.697221
$USER_HOME/checkpoints/Qwen0.6B_Qwen8B/prefix_overlap/jsd_lr1e-6_wu10_lrmin0.1_wd0.01/ckpt_best,gsm8k_eval.jsonl,64,0.8,100,0,8,0.779195
$USER_HOME/checkpoints/Qwen0.6B_Qwen8B/prefix_overlap/jsd_lr1e-6_wu10_lrmin0.1_wd0.01/ckpt_best,gsm8k_eval.jsonl,64,0.8,100,0,16,0.840884
$USER_HOME/checkpoints/Qwen0.6B_Qwen8B/prefix_overlap/jsd_lr1e-6_wu10_lrmin0.1_wd0.01/ckpt_best,gsm8k_eval.jsonl,64,0.8,100,0,32,0.897526
$USER_HOME/checkpoints/Qwen0.6B_Qwen8B/prefix_overlap/jsd_lr1e-6_wu10_lrmin0.1_wd0.01/ckpt_best,gsm8k_eval.jsonl,64,0.8,100,0,64,0.950000
$USER_HOME/checkpoints/Qwen0.6B_Qwen8B/prefix_overlap/jsd_lr1e-6_wu10_lrmin0.1_wd0.01/ckpt_best,olympiad_eval.jsonl,64,0.8,100,0,1,0.064375
$USER_HOME/checkpoints/Qwen0.6B_Qwen8B/prefix_overlap/jsd_lr1e-6_wu10_lrmin0.1_wd0.01/ckpt_best,olympiad_eval.jsonl,64,0.8,100,0,2,0.098814
$USER_HOME/checkpoints/Qwen0.6B_Qwen8B/prefix_overlap/jsd_lr1e-6_wu10_lrmin0.1_wd0.01/ckpt_best,olympiad_eval.jsonl,64,0.8,100,0,4,0.133368
$USER_HOME/checkpoints/Qwen0.6B_Qwen8B/prefix_overlap/jsd_lr1e-6_wu10_lrmin0.1_wd0.01/ckpt_best,olympiad_eval.jsonl,64,0.8,100,0,8,0.164939
$USER_HOME/checkpoints/Qwen0.6B_Qwen8B/prefix_overlap/jsd_lr1e-6_wu10_lrmin0.1_wd0.01/ckpt_best,olympiad_eval.jsonl,64,0.8,100,0,16,0.196952
$USER_HOME/checkpoints/Qwen0.6B_Qwen8B/prefix_overlap/jsd_lr1e-6_wu10_lrmin0.1_wd0.01/ckpt_best,olympiad_eval.jsonl,64,0.8,100,0,32,0.230895
$USER_HOME/checkpoints/Qwen0.6B_Qwen8B/prefix_overlap/jsd_lr1e-6_wu10_lrmin0.1_wd0.01/ckpt_best,olympiad_eval.jsonl,64,0.8,100,0,64,0.270000
$USER_HOME/checkpoints/Qwen0.6B_Qwen8B/prefix_overlap/po_prob_lr1e-5_wu20_lrmin0.1_wd0.01/ckpt_best,gsm8k_eval.jsonl,64,0.8,100,0,1,0.567813
$USER_HOME/checkpoints/Qwen0.6B_Qwen8B/prefix_overlap/po_prob_lr1e-5_wu20_lrmin0.1_wd0.01/ckpt_best,gsm8k_eval.jsonl,64,0.8,100,0,2,0.689732
$USER_HOME/checkpoints/Qwen0.6B_Qwen8B/prefix_overlap/po_prob_lr1e-5_wu20_lrmin0.1_wd0.01/ckpt_best,gsm8k_eval.jsonl,64,0.8,100,0,4,0.766316
$USER_HOME/checkpoints/Qwen0.6B_Qwen8B/prefix_overlap/po_prob_lr1e-5_wu20_lrmin0.1_wd0.01/ckpt_best,gsm8k_eval.jsonl,64,0.8,100,0,8,0.827035
$USER_HOME/checkpoints/Qwen0.6B_Qwen8B/prefix_overlap/po_prob_lr1e-5_wu20_lrmin0.1_wd0.01/ckpt_best,gsm8k_eval.jsonl,64,0.8,100,0,16,0.876878
$USER_HOME/checkpoints/Qwen0.6B_Qwen8B/prefix_overlap/po_prob_lr1e-5_wu20_lrmin0.1_wd0.01/ckpt_best,gsm8k_eval.jsonl,64,0.8,100,0,32,0.915097
$USER_HOME/checkpoints/Qwen0.6B_Qwen8B/prefix_overlap/po_prob_lr1e-5_wu20_lrmin0.1_wd0.01/ckpt_best,gsm8k_eval.jsonl,64,0.8,100,0,64,0.950000
$USER_HOME/checkpoints/Qwen0.6B_Qwen8B/prefix_overlap/po_prob_lr1e-5_wu20_lrmin0.1_wd0.01/ckpt_best,math_eval.jsonl,64,0.8,100,0,1,0.230781
$USER_HOME/checkpoints/Qwen0.6B_Qwen8B/prefix_overlap/po_prob_lr1e-5_wu20_lrmin0.1_wd0.01/ckpt_best,math_eval.jsonl,64,0.8,100,0,2,0.302168
$USER_HOME/checkpoints/Qwen0.6B_Qwen8B/prefix_overlap/po_prob_lr1e-5_wu20_lrmin0.1_wd0.01/ckpt_best,math_eval.jsonl,64,0.8,100,0,4,0.369165
$USER_HOME/checkpoints/Qwen0.6B_Qwen8B/prefix_overlap/po_prob_lr1e-5_wu20_lrmin0.1_wd0.01/ckpt_best,math_eval.jsonl,64,0.8,100,0,8,0.432701
$USER_HOME/checkpoints/Qwen0.6B_Qwen8B/prefix_overlap/po_prob_lr1e-5_wu20_lrmin0.1_wd0.01/ckpt_best,math_eval.jsonl,64,0.8,100,0,16,0.489354
$USER_HOME/checkpoints/Qwen0.6B_Qwen8B/prefix_overlap/po_prob_lr1e-5_wu20_lrmin0.1_wd0.01/ckpt_best,math_eval.jsonl,64,0.8,100,0,32,0.533066
$USER_HOME/checkpoints/Qwen0.6B_Qwen8B/prefix_overlap/po_prob_lr1e-5_wu20_lrmin0.1_wd0.01/ckpt_best,math_eval.jsonl,64,0.8,100,0,64,0.570000
$USER_HOME/checkpoints/Qwen0.6B_Qwen8B/prefix_overlap/po_prob_lr1e-5_wu10_lrmin0.1_wd0.01/ckpt_best,math_eval.jsonl,64,0.8,100,0,1,0.225469
$USER_HOME/checkpoints/Qwen0.6B_Qwen8B/prefix_overlap/po_prob_lr1e-5_wu10_lrmin0.1_wd0.01/ckpt_best,math_eval.jsonl,64,0.8,100,0,2,0.297312
$USER_HOME/checkpoints/Qwen0.6B_Qwen8B/prefix_overlap/po_prob_lr1e-5_wu10_lrmin0.1_wd0.01/ckpt_best,math_eval.jsonl,64,0.8,100,0,4,0.362421
$USER_HOME/checkpoints/Qwen0.6B_Qwen8B/prefix_overlap/po_prob_lr1e-5_wu10_lrmin0.1_wd0.01/ckpt_best,math_eval.jsonl,64,0.8,100,0,8,0.419896
$USER_HOME/checkpoints/Qwen0.6B_Qwen8B/prefix_overlap/po_prob_lr1e-5_wu10_lrmin0.1_wd0.01/ckpt_best,math_eval.jsonl,64,0.8,100,0,16,0.473118
$USER_HOME/checkpoints/Qwen0.6B_Qwen8B/prefix_overlap/po_prob_lr1e-5_wu10_lrmin0.1_wd0.01/ckpt_best,math_eval.jsonl,64,0.8,100,0,32,0.522674
$USER_HOME/checkpoints/Qwen0.6B_Qwen8B/prefix_overlap/po_prob_lr1e-5_wu10_lrmin0.1_wd0.01/ckpt_best,math_eval.jsonl,64,0.8,100,0,64,0.570000
$USER_HOME/checkpoints/Qwen0.6B_Qwen8B/prefix_overlap/po_prob_lr1e-5_wu20_lrmin0.1_wd0.01/ckpt_best,olympiad_eval.jsonl,64,0.8,100,0,1,0.088906
$USER_HOME/checkpoints/Qwen0.6B_Qwen8B/prefix_overlap/po_prob_lr1e-5_wu20_lrmin0.1_wd0.01/ckpt_best,olympiad_eval.jsonl,64,0.8,100,0,2,0.123279
$USER_HOME/checkpoints/Qwen0.6B_Qwen8B/prefix_overlap/po_prob_lr1e-5_wu20_lrmin0.1_wd0.01/ckpt_best,olympiad_eval.jsonl,64,0.8,100,0,4,0.153235
$USER_HOME/checkpoints/Qwen0.6B_Qwen8B/prefix_overlap/po_prob_lr1e-5_wu20_lrmin0.1_wd0.01/ckpt_best,olympiad_eval.jsonl,64,0.8,100,0,8,0.185488
$USER_HOME/checkpoints/Qwen0.6B_Qwen8B/prefix_overlap/po_prob_lr1e-5_wu20_lrmin0.1_wd0.01/ckpt_best,olympiad_eval.jsonl,64,0.8,100,0,16,0.225549
$USER_HOME/checkpoints/Qwen0.6B_Qwen8B/prefix_overlap/po_prob_lr1e-5_wu20_lrmin0.1_wd0.01/ckpt_best,olympiad_eval.jsonl,64,0.8,100,0,32,0.265246
$USER_HOME/checkpoints/Qwen0.6B_Qwen8B/prefix_overlap/po_prob_lr1e-5_wu20_lrmin0.1_wd0.01/ckpt_best,olympiad_eval.jsonl,64,0.8,100,0,64,0.290000
$USER_HOME/checkpoints/Qwen0.6B_Qwen8B/prefix_overlap/po_prob_lr1e-5_wu10_lrmin0.1_wd0.01/ckpt_best,gsm8k_eval.jsonl,64,0.8,100,0,1,0.563281
$USER_HOME/checkpoints/Qwen0.6B_Qwen8B/prefix_overlap/po_prob_lr1e-5_wu10_lrmin0.1_wd0.01/ckpt_best,gsm8k_eval.jsonl,64,0.8,100,0,2,0.683447
$USER_HOME/checkpoints/Qwen0.6B_Qwen8B/prefix_overlap/po_prob_lr1e-5_wu10_lrmin0.1_wd0.01/ckpt_best,gsm8k_eval.jsonl,64,0.8,100,0,4,0.760900
$USER_HOME/checkpoints/Qwen0.6B_Qwen8B/prefix_overlap/po_prob_lr1e-5_wu10_lrmin0.1_wd0.01/ckpt_best,gsm8k_eval.jsonl,64,0.8,100,0,8,0.822024
$USER_HOME/checkpoints/Qwen0.6B_Qwen8B/prefix_overlap/po_prob_lr1e-5_wu10_lrmin0.1_wd0.01/ckpt_best,gsm8k_eval.jsonl,64,0.8,100,0,16,0.874107
$USER_HOME/checkpoints/Qwen0.6B_Qwen8B/prefix_overlap/po_prob_lr1e-5_wu10_lrmin0.1_wd0.01/ckpt_best,gsm8k_eval.jsonl,64,0.8,100,0,32,0.910439
$USER_HOME/checkpoints/Qwen0.6B_Qwen8B/prefix_overlap/po_prob_lr1e-5_wu10_lrmin0.1_wd0.01/ckpt_best,gsm8k_eval.jsonl,64,0.8,100,0,64,0.930000
$USER_HOME/checkpoints/Qwen0.6B_Qwen8B/prefix_overlap/po_prob_lr1e-5_wu10_lrmin0.1_wd0.01/ckpt_best,olympiad_eval.jsonl,64,0.8,100,0,1,0.079375
$USER_HOME/checkpoints/Qwen0.6B_Qwen8B/prefix_overlap/po_prob_lr1e-5_wu10_lrmin0.1_wd0.01/ckpt_best,olympiad_eval.jsonl,64,0.8,100,0,2,0.116255
$USER_HOME/checkpoints/Qwen0.6B_Qwen8B/prefix_overlap/po_prob_lr1e-5_wu10_lrmin0.1_wd0.01/ckpt_best,olympiad_eval.jsonl,64,0.8,100,0,4,0.153535
$USER_HOME/checkpoints/Qwen0.6B_Qwen8B/prefix_overlap/po_prob_lr1e-5_wu10_lrmin0.1_wd0.01/ckpt_best,olympiad_eval.jsonl,64,0.8,100,0,8,0.192286
$USER_HOME/checkpoints/Qwen0.6B_Qwen8B/prefix_overlap/po_prob_lr1e-5_wu10_lrmin0.1_wd0.01/ckpt_best,olympiad_eval.jsonl,64,0.8,100,0,16,0.236015
$USER_HOME/checkpoints/Qwen0.6B_Qwen8B/prefix_overlap/po_prob_lr1e-5_wu10_lrmin0.1_wd0.01/ckpt_best,olympiad_eval.jsonl,64,0.8,100,0,32,0.280315
$USER_HOME/checkpoints/Qwen0.6B_Qwen8B/prefix_overlap/po_prob_lr1e-5_wu10_lrmin0.1_wd0.01/ckpt_best,olympiad_eval.jsonl,64,0.8,100,0,64,0.320000
$USER_HOME/checkpoints/Qwen0.6B_Qwen8B/prefix_overlap/po_prob_lr1e-5_wu5_lrmin0.1_wd0.01/ckpt_best,gsm8k_eval.jsonl,64,0.8,100,0,1,0.547344
$USER_HOME/checkpoints/Qwen0.6B_Qwen8B/prefix_overlap/po_prob_lr1e-5_wu5_lrmin0.1_wd0.01/ckpt_best,gsm8k_eval.jsonl,64,0.8,100,0,2,0.664013
$USER_HOME/checkpoints/Qwen0.6B_Qwen8B/prefix_overlap/po_prob_lr1e-5_wu5_lrmin0.1_wd0.01/ckpt_best,gsm8k_eval.jsonl,64,0.8,100,0,4,0.742242
$USER_HOME/checkpoints/Qwen0.6B_Qwen8B/prefix_overlap/po_prob_lr1e-5_wu5_lrmin0.1_wd0.01/ckpt_best,gsm8k_eval.jsonl,64,0.8,100,0,8,0.804252
$USER_HOME/checkpoints/Qwen0.6B_Qwen8B/prefix_overlap/po_prob_lr1e-5_wu5_lrmin0.1_wd0.01/ckpt_best,gsm8k_eval.jsonl,64,0.8,100,0,16,0.860600
$USER_HOME/checkpoints/Qwen0.6B_Qwen8B/prefix_overlap/po_prob_lr1e-5_wu5_lrmin0.1_wd0.01/ckpt_best,gsm8k_eval.jsonl,64,0.8,100,0,32,0.908090
$USER_HOME/checkpoints/Qwen0.6B_Qwen8B/prefix_overlap/po_prob_lr1e-5_wu5_lrmin0.1_wd0.01/ckpt_best,gsm8k_eval.jsonl,64,0.8,100,0,64,0.940000
$USER_HOME/checkpoints/Qwen0.6B_Qwen8B/prefix_overlap/po_prob_lr1e-5_wu5_lrmin0.1_wd0.01/ckpt_best,math_eval.jsonl,64,0.8,100,0,1,0.225625
$USER_HOME/checkpoints/Qwen0.6B_Qwen8B/prefix_overlap/po_prob_lr1e-5_wu5_lrmin0.1_wd0.01/ckpt_best,math_eval.jsonl,64,0.8,100,0,2,0.299122
$USER_HOME/checkpoints/Qwen0.6B_Qwen8B/prefix_overlap/po_prob_lr1e-5_wu5_lrmin0.1_wd0.01/ckpt_best,math_eval.jsonl,64,0.8,100,0,4,0.364556
$USER_HOME/checkpoints/Qwen0.6B_Qwen8B/prefix_overlap/po_prob_lr1e-5_wu5_lrmin0.1_wd0.01/ckpt_best,math_eval.jsonl,64,0.8,100,0,8,0.422327
$USER_HOME/checkpoints/Qwen0.6B_Qwen8B/prefix_overlap/po_prob_lr1e-5_wu5_lrmin0.1_wd0.01/ckpt_best,math_eval.jsonl,64,0.8,100,0,16,0.477386
$USER_HOME/checkpoints/Qwen0.6B_Qwen8B/prefix_overlap/po_prob_lr1e-5_wu5_lrmin0.1_wd0.01/ckpt_best,math_eval.jsonl,64,0.8,100,0,32,0.532874
$USER_HOME/checkpoints/Qwen0.6B_Qwen8B/prefix_overlap/po_prob_lr1e-5_wu5_lrmin0.1_wd0.01/ckpt_best,math_eval.jsonl,64,0.8,100,0,64,0.580000
$USER_HOME/checkpoints/Qwen0.6B_Qwen8B/prefix_overlap/po_prob_lr1e-5_wu5_lrmin0.1_wd0.01/ckpt_best,olympiad_eval.jsonl,64,0.8,100,0,1,0.087813
$USER_HOME/checkpoints/Qwen0.6B_Qwen8B/prefix_overlap/po_prob_lr1e-5_wu5_lrmin0.1_wd0.01/ckpt_best,olympiad_eval.jsonl,64,0.8,100,0,2,0.126047
$USER_HOME/checkpoints/Qwen0.6B_Qwen8B/prefix_overlap/po_prob_lr1e-5_wu5_lrmin0.1_wd0.01/ckpt_best,olympiad_eval.jsonl,64,0.8,100,0,4,0.163860
$USER_HOME/checkpoints/Qwen0.6B_Qwen8B/prefix_overlap/po_prob_lr1e-5_wu5_lrmin0.1_wd0.01/ckpt_best,olympiad_eval.jsonl,64,0.8,100,0,8,0.203304
$USER_HOME/checkpoints/Qwen0.6B_Qwen8B/prefix_overlap/po_prob_lr1e-5_wu5_lrmin0.1_wd0.01/ckpt_best,olympiad_eval.jsonl,64,0.8,100,0,16,0.246601
$USER_HOME/checkpoints/Qwen0.6B_Qwen8B/prefix_overlap/po_prob_lr1e-5_wu5_lrmin0.1_wd0.01/ckpt_best,olympiad_eval.jsonl,64,0.8,100,0,32,0.288953
$USER_HOME/checkpoints/Qwen0.6B_Qwen8B/prefix_overlap/po_prob_lr1e-5_wu5_lrmin0.1_wd0.01/ckpt_best,olympiad_eval.jsonl,64,0.8,100,0,64,0.330000
$USER_HOME/checkpoints/Qwen0.6B_Qwen8B/prefix_overlap/po_prob_lr1e-5_wu20_lrmin0.01_wd0.01/ckpt_best,math_eval.jsonl,64,0.8,100,0,1,0.198281
$USER_HOME/checkpoints/Qwen0.6B_Qwen8B/prefix_overlap/po_prob_lr1e-5_wu20_lrmin0.01_wd0.01/ckpt_best,math_eval.jsonl,64,0.8,100,0,2,0.284494
$USER_HOME/checkpoints/Qwen0.6B_Qwen8B/prefix_overlap/po_prob_lr1e-5_wu20_lrmin0.01_wd0.01/ckpt_best,math_eval.jsonl,64,0.8,100,0,4,0.364172
$USER_HOME/checkpoints/Qwen0.6B_Qwen8B/prefix_overlap/po_prob_lr1e-5_wu20_lrmin0.01_wd0.01/ckpt_best,math_eval.jsonl,64,0.8,100,0,8,0.430272
$USER_HOME/checkpoints/Qwen0.6B_Qwen8B/prefix_overlap/po_prob_lr1e-5_wu20_lrmin0.01_wd0.01/ckpt_best,math_eval.jsonl,64,0.8,100,0,16,0.484305
$USER_HOME/checkpoints/Qwen0.6B_Qwen8B/prefix_overlap/po_prob_lr1e-5_wu20_lrmin0.01_wd0.01/ckpt_best,math_eval.jsonl,64,0.8,100,0,32,0.530377
$USER_HOME/checkpoints/Qwen0.6B_Qwen8B/prefix_overlap/po_prob_lr1e-5_wu20_lrmin0.01_wd0.01/ckpt_best,math_eval.jsonl,64,0.8,100,0,64,0.580000
$USER_HOME/checkpoints/Qwen0.6B_Qwen8B/prefix_overlap/po_prob_lr1e-5_wu20_lrmin0.01_wd0.01/ckpt_best,gsm8k_eval.jsonl,64,0.8,100,0,1,0.461250
$USER_HOME/checkpoints/Qwen0.6B_Qwen8B/prefix_overlap/po_prob_lr1e-5_wu20_lrmin0.01_wd0.01/ckpt_best,gsm8k_eval.jsonl,64,0.8,100,0,2,0.611443
$USER_HOME/checkpoints/Qwen0.6B_Qwen8B/prefix_overlap/po_prob_lr1e-5_wu20_lrmin0.01_wd0.01/ckpt_best,gsm8k_eval.jsonl,64,0.8,100,0,4,0.715027
$USER_HOME/checkpoints/Qwen0.6B_Qwen8B/prefix_overlap/po_prob_lr1e-5_wu20_lrmin0.01_wd0.01/ckpt_best,gsm8k_eval.jsonl,64,0.8,100,0,8,0.783469
$USER_HOME/checkpoints/Qwen0.6B_Qwen8B/prefix_overlap/po_prob_lr1e-5_wu20_lrmin0.01_wd0.01/ckpt_best,gsm8k_eval.jsonl,64,0.8,100,0,16,0.839123
$USER_HOME/checkpoints/Qwen0.6B_Qwen8B/prefix_overlap/po_prob_lr1e-5_wu20_lrmin0.01_wd0.01/ckpt_best,gsm8k_eval.jsonl,64,0.8,100,0,32,0.889778
$USER_HOME/checkpoints/Qwen0.6B_Qwen8B/prefix_overlap/po_prob_lr1e-5_wu20_lrmin0.01_wd0.01/ckpt_best,gsm8k_eval.jsonl,64,0.8,100,0,64,0.940000
$USER_HOME/checkpoints/Qwen0.6B_Qwen8B/prefix_overlap/po_prob_lr1e-5_wu20_lrmin0.01_wd0.01/ckpt_best,olympiad_eval.jsonl,64,0.8,100,0,1,0.070469
$USER_HOME/checkpoints/Qwen0.6B_Qwen8B/prefix_overlap/po_prob_lr1e-5_wu20_lrmin0.01_wd0.01/ckpt_best,olympiad_eval.jsonl,64,0.8,100,0,2,0.103343
$USER_HOME/checkpoints/Qwen0.6B_Qwen8B/prefix_overlap/po_prob_lr1e-5_wu20_lrmin0.01_wd0.01/ckpt_best,olympiad_eval.jsonl,64,0.8,100,0,4,0.134288
$USER_HOME/checkpoints/Qwen0.6B_Qwen8B/prefix_overlap/po_prob_lr1e-5_wu20_lrmin0.01_wd0.01/ckpt_best,olympiad_eval.jsonl,64,0.8,100,0,8,0.165963
$USER_HOME/checkpoints/Qwen0.6B_Qwen8B/prefix_overlap/po_prob_lr1e-5_wu20_lrmin0.01_wd0.01/ckpt_best,olympiad_eval.jsonl,64,0.8,100,0,16,0.206086
$USER_HOME/checkpoints/Qwen0.6B_Qwen8B/prefix_overlap/po_prob_lr1e-5_wu20_lrmin0.01_wd0.01/ckpt_best,olympiad_eval.jsonl,64,0.8,100,0,32,0.253656
$USER_HOME/checkpoints/Qwen0.6B_Qwen8B/prefix_overlap/po_prob_lr1e-5_wu20_lrmin0.01_wd0.01/ckpt_best,olympiad_eval.jsonl,64,0.8,100,0,64,0.290000
$USER_HOME/checkpoints/Qwen0.6B_Qwen8B/prefix_overlap/po_prob_topk20_lr1e-5_wu20/ckpt_best,gsm8k_eval.jsonl,64,0.8,100,0,1,0.546406
$USER_HOME/checkpoints/Qwen0.6B_Qwen8B/prefix_overlap/po_prob_topk20_lr1e-5_wu20/ckpt_best,gsm8k_eval.jsonl,64,0.8,100,0,2,0.670094
$USER_HOME/checkpoints/Qwen0.6B_Qwen8B/prefix_overlap/po_prob_topk20_lr1e-5_wu20/ckpt_best,gsm8k_eval.jsonl,64,0.8,100,0,4,0.756273
$USER_HOME/checkpoints/Qwen0.6B_Qwen8B/prefix_overlap/po_prob_topk20_lr1e-5_wu20/ckpt_best,gsm8k_eval.jsonl,64,0.8,100,0,8,0.825073
$USER_HOME/checkpoints/Qwen0.6B_Qwen8B/prefix_overlap/po_prob_topk20_lr1e-5_wu20/ckpt_best,gsm8k_eval.jsonl,64,0.8,100,0,16,0.880484
$USER_HOME/checkpoints/Qwen0.6B_Qwen8B/prefix_overlap/po_prob_topk20_lr1e-5_wu20/ckpt_best,gsm8k_eval.jsonl,64,0.8,100,0,32,0.920767
$USER_HOME/checkpoints/Qwen0.6B_Qwen8B/prefix_overlap/po_prob_topk20_lr1e-5_wu20/ckpt_best,gsm8k_eval.jsonl,64,0.8,100,0,64,0.960000
$USER_HOME/checkpoints/Qwen0.6B_Qwen8B/prefix_overlap/po_prob_topk20_lr1e-5_wu20/ckpt_best,math_eval.jsonl,64,0.8,100,0,1,0.226875
$USER_HOME/checkpoints/Qwen0.6B_Qwen8B/prefix_overlap/po_prob_topk20_lr1e-5_wu20/ckpt_best,math_eval.jsonl,64,0.8,100,0,2,0.305164
$USER_HOME/checkpoints/Qwen0.6B_Qwen8B/prefix_overlap/po_prob_topk20_lr1e-5_wu20/ckpt_best,math_eval.jsonl,64,0.8,100,0,4,0.378874
$USER_HOME/checkpoints/Qwen0.6B_Qwen8B/prefix_overlap/po_prob_topk20_lr1e-5_wu20/ckpt_best,math_eval.jsonl,64,0.8,100,0,8,0.443115
$USER_HOME/checkpoints/Qwen0.6B_Qwen8B/prefix_overlap/po_prob_topk20_lr1e-5_wu20/ckpt_best,math_eval.jsonl,64,0.8,100,0,16,0.499215
$USER_HOME/checkpoints/Qwen0.6B_Qwen8B/prefix_overlap/po_prob_topk20_lr1e-5_wu20/ckpt_best,math_eval.jsonl,64,0.8,100,0,32,0.547433
$USER_HOME/checkpoints/Qwen0.6B_Qwen8B/prefix_overlap/po_prob_topk20_lr1e-5_wu20/ckpt_best,math_eval.jsonl,64,0.8,100,0,64,0.580000
$USER_HOME/checkpoints/Qwen0.6B_Qwen8B/prefix_overlap/po_prob_topk50_lr1e-5_wu20/ckpt_best,math_eval.jsonl,64,0.8,100,0,1,0.230000
$USER_HOME/checkpoints/Qwen0.6B_Qwen8B/prefix_overlap/po_prob_topk50_lr1e-5_wu20/ckpt_best,math_eval.jsonl,64,0.8,100,0,2,0.306518
$USER_HOME/checkpoints/Qwen0.6B_Qwen8B/prefix_overlap/po_prob_topk50_lr1e-5_wu20/ckpt_best,math_eval.jsonl,64,0.8,100,0,4,0.374487
$USER_HOME/checkpoints/Qwen0.6B_Qwen8B/prefix_overlap/po_prob_topk50_lr1e-5_wu20/ckpt_best,math_eval.jsonl,64,0.8,100,0,8,0.433361
$USER_HOME/checkpoints/Qwen0.6B_Qwen8B/prefix_overlap/po_prob_topk50_lr1e-5_wu20/ckpt_best,math_eval.jsonl,64,0.8,100,0,16,0.484378
$USER_HOME/checkpoints/Qwen0.6B_Qwen8B/prefix_overlap/po_prob_topk50_lr1e-5_wu20/ckpt_best,math_eval.jsonl,64,0.8,100,0,32,0.528347
$USER_HOME/checkpoints/Qwen0.6B_Qwen8B/prefix_overlap/po_prob_topk50_lr1e-5_wu20/ckpt_best,math_eval.jsonl,64,0.8,100,0,64,0.560000
$USER_HOME/checkpoints/Qwen0.6B_Qwen8B/prefix_overlap/po_prob_topk20_lr1e-5_wu20/ckpt_best,olympiad_eval.jsonl,64,0.8,100,0,1,0.080781
$USER_HOME/checkpoints/Qwen0.6B_Qwen8B/prefix_overlap/po_prob_topk20_lr1e-5_wu20/ckpt_best,olympiad_eval.jsonl,64,0.8,100,0,2,0.117381
$USER_HOME/checkpoints/Qwen0.6B_Qwen8B/prefix_overlap/po_prob_topk20_lr1e-5_wu20/ckpt_best,olympiad_eval.jsonl,64,0.8,100,0,4,0.153820
$USER_HOME/checkpoints/Qwen0.6B_Qwen8B/prefix_overlap/po_prob_topk20_lr1e-5_wu20/ckpt_best,olympiad_eval.jsonl,64,0.8,100,0,8,0.192105
$USER_HOME/checkpoints/Qwen0.6B_Qwen8B/prefix_overlap/po_prob_topk20_lr1e-5_wu20/ckpt_best,olympiad_eval.jsonl,64,0.8,100,0,16,0.235949
$USER_HOME/checkpoints/Qwen0.6B_Qwen8B/prefix_overlap/po_prob_topk20_lr1e-5_wu20/ckpt_best,olympiad_eval.jsonl,64,0.8,100,0,32,0.278587
$USER_HOME/checkpoints/Qwen0.6B_Qwen8B/prefix_overlap/po_prob_topk20_lr1e-5_wu20/ckpt_best,olympiad_eval.jsonl,64,0.8,100,0,64,0.310000
$USER_HOME/checkpoints/Qwen0.6B_Qwen8B/prefix_overlap/po_prob_topk50_lr1e-5_wu20/ckpt_best,gsm8k_eval.jsonl,64,0.8,100,0,1,0.548594
$USER_HOME/checkpoints/Qwen0.6B_Qwen8B/prefix_overlap/po_prob_topk50_lr1e-5_wu20/ckpt_best,gsm8k_eval.jsonl,64,0.8,100,0,2,0.673522
$USER_HOME/checkpoints/Qwen0.6B_Qwen8B/prefix_overlap/po_prob_topk50_lr1e-5_wu20/ckpt_best,gsm8k_eval.jsonl,64,0.8,100,0,4,0.757292
$USER_HOME/checkpoints/Qwen0.6B_Qwen8B/prefix_overlap/po_prob_topk50_lr1e-5_wu20/ckpt_best,gsm8k_eval.jsonl,64,0.8,100,0,8,0.820500
$USER_HOME/checkpoints/Qwen0.6B_Qwen8B/prefix_overlap/po_prob_topk50_lr1e-5_wu20/ckpt_best,gsm8k_eval.jsonl,64,0.8,100,0,16,0.875446
$USER_HOME/checkpoints/Qwen0.6B_Qwen8B/prefix_overlap/po_prob_topk50_lr1e-5_wu20/ckpt_best,gsm8k_eval.jsonl,64,0.8,100,0,32,0.919702
$USER_HOME/checkpoints/Qwen0.6B_Qwen8B/prefix_overlap/po_prob_topk50_lr1e-5_wu20/ckpt_best,gsm8k_eval.jsonl,64,0.8,100,0,64,0.950000
$USER_HOME/checkpoints/Qwen0.6B_Qwen8B/prefix_overlap/po_prob_topk50_lr1e-5_wu20/ckpt_best,olympiad_eval.jsonl,64,0.8,100,0,1,0.087969
$USER_HOME/checkpoints/Qwen0.6B_Qwen8B/prefix_overlap/po_prob_topk50_lr1e-5_wu20/ckpt_best,olympiad_eval.jsonl,64,0.8,100,0,2,0.125466
$USER_HOME/checkpoints/Qwen0.6B_Qwen8B/prefix_overlap/po_prob_topk50_lr1e-5_wu20/ckpt_best,olympiad_eval.jsonl,64,0.8,100,0,4,0.161775
$USER_HOME/checkpoints/Qwen0.6B_Qwen8B/prefix_overlap/po_prob_topk50_lr1e-5_wu20/ckpt_best,olympiad_eval.jsonl,64,0.8,100,0,8,0.198025
$USER_HOME/checkpoints/Qwen0.6B_Qwen8B/prefix_overlap/po_prob_topk50_lr1e-5_wu20/ckpt_best,olympiad_eval.jsonl,64,0.8,100,0,16,0.234310
$USER_HOME/checkpoints/Qwen0.6B_Qwen8B/prefix_overlap/po_prob_topk50_lr1e-5_wu20/ckpt_best,olympiad_eval.jsonl,64,0.8,100,0,32,0.268282
$USER_HOME/checkpoints/Qwen0.6B_Qwen8B/prefix_overlap/po_prob_topk50_lr1e-5_wu20/ckpt_best,olympiad_eval.jsonl,64,0.8,100,0,64,0.300000
$USER_HOME/checkpoints/Qwen0.6B_Qwen8B/prefix_overlap/po_prob_lr1e-5_wu20_wd0.0001/ckpt_best,gsm8k_eval.jsonl,64,0.8,100,0,1,0.564844
$USER_HOME/checkpoints/Qwen0.6B_Qwen8B/prefix_overlap/po_prob_lr1e-5_wu20_wd0.0001/ckpt_best,gsm8k_eval.jsonl,64,0.8,100,0,2,0.682302
$USER_HOME/checkpoints/Qwen0.6B_Qwen8B/prefix_overlap/po_prob_lr1e-5_wu20_wd0.0001/ckpt_best,gsm8k_eval.jsonl,64,0.8,100,0,4,0.763373
$USER_HOME/checkpoints/Qwen0.6B_Qwen8B/prefix_overlap/po_prob_lr1e-5_wu20_wd0.0001/ckpt_best,gsm8k_eval.jsonl,64,0.8,100,0,8,0.831091
$USER_HOME/checkpoints/Qwen0.6B_Qwen8B/prefix_overlap/po_prob_lr1e-5_wu20_wd0.0001/ckpt_best,gsm8k_eval.jsonl,64,0.8,100,0,16,0.889502
$USER_HOME/checkpoints/Qwen0.6B_Qwen8B/prefix_overlap/po_prob_lr1e-5_wu20_wd0.0001/ckpt_best,gsm8k_eval.jsonl,64,0.8,100,0,32,0.936768
$USER_HOME/checkpoints/Qwen0.6B_Qwen8B/prefix_overlap/po_prob_lr1e-5_wu20_wd0.0001/ckpt_best,gsm8k_eval.jsonl,64,0.8,100,0,64,0.980000
$USER_HOME/checkpoints/Qwen0.6B_Qwen8B/prefix_overlap/po_prob_lr1e-5_wu20_wd0.0001/ckpt_best,math_eval.jsonl,64,0.8,100,0,1,0.232344
$USER_HOME/checkpoints/Qwen0.6B_Qwen8B/prefix_overlap/po_prob_lr1e-5_wu20_wd0.0001/ckpt_best,math_eval.jsonl,64,0.8,100,0,2,0.306324
$USER_HOME/checkpoints/Qwen0.6B_Qwen8B/prefix_overlap/po_prob_lr1e-5_wu20_wd0.0001/ckpt_best,math_eval.jsonl,64,0.8,100,0,4,0.375706
$USER_HOME/checkpoints/Qwen0.6B_Qwen8B/prefix_overlap/po_prob_lr1e-5_wu20_wd0.0001/ckpt_best,math_eval.jsonl,64,0.8,100,0,8,0.438075
$USER_HOME/checkpoints/Qwen0.6B_Qwen8B/prefix_overlap/po_prob_lr1e-5_wu20_wd0.0001/ckpt_best,math_eval.jsonl,64,0.8,100,0,16,0.491394
$USER_HOME/checkpoints/Qwen0.6B_Qwen8B/prefix_overlap/po_prob_lr1e-5_wu20_wd0.0001/ckpt_best,math_eval.jsonl,64,0.8,100,0,32,0.535154
$USER_HOME/checkpoints/Qwen0.6B_Qwen8B/prefix_overlap/po_prob_lr1e-5_wu20_wd0.0001/ckpt_best,math_eval.jsonl,64,0.8,100,0,64,0.570000
$USER_HOME/checkpoints/Qwen0.6B_Qwen8B/prefix_overlap/po_prob_lr1e-5_wu20_wd0.001/ckpt_best,math_eval.jsonl,64,0.8,100,0,1,0.226094
$USER_HOME/checkpoints/Qwen0.6B_Qwen8B/prefix_overlap/po_prob_lr1e-5_wu20_wd0.001/ckpt_best,math_eval.jsonl,64,0.8,100,0,2,0.298001
$USER_HOME/checkpoints/Qwen0.6B_Qwen8B/prefix_overlap/po_prob_lr1e-5_wu20_wd0.001/ckpt_best,math_eval.jsonl,64,0.8,100,0,4,0.364108
$USER_HOME/checkpoints/Qwen0.6B_Qwen8B/prefix_overlap/po_prob_lr1e-5_wu20_wd0.001/ckpt_best,math_eval.jsonl,64,0.8,100,0,8,0.426864
$USER_HOME/checkpoints/Qwen0.6B_Qwen8B/prefix_overlap/po_prob_lr1e-5_wu20_wd0.001/ckpt_best,math_eval.jsonl,64,0.8,100,0,16,0.485210
$USER_HOME/checkpoints/Qwen0.6B_Qwen8B/prefix_overlap/po_prob_lr1e-5_wu20_wd0.001/ckpt_best,math_eval.jsonl,64,0.8,100,0,32,0.533111
$USER_HOME/checkpoints/Qwen0.6B_Qwen8B/prefix_overlap/po_prob_lr1e-5_wu20_wd0.001/ckpt_best,math_eval.jsonl,64,0.8,100,0,64,0.580000
$USER_HOME/checkpoints/Qwen0.6B_Qwen8B/prefix_overlap/po_prob_lr1e-5_wu20_wd0.0001/ckpt_best,olympiad_eval.jsonl,64,0.8,100,0,1,0.083594
$USER_HOME/checkpoints/Qwen0.6B_Qwen8B/prefix_overlap/po_prob_lr1e-5_wu20_wd0.0001/ckpt_best,olympiad_eval.jsonl,64,0.8,100,0,2,0.122450
$USER_HOME/checkpoints/Qwen0.6B_Qwen8B/prefix_overlap/po_prob_lr1e-5_wu20_wd0.0001/ckpt_best,olympiad_eval.jsonl,64,0.8,100,0,4,0.160939
$USER_HOME/checkpoints/Qwen0.6B_Qwen8B/prefix_overlap/po_prob_lr1e-5_wu20_wd0.0001/ckpt_best,olympiad_eval.jsonl,64,0.8,100,0,8,0.199643
$USER_HOME/checkpoints/Qwen0.6B_Qwen8B/prefix_overlap/po_prob_lr1e-5_wu20_wd0.0001/ckpt_best,olympiad_eval.jsonl,64,0.8,100,0,16,0.240445
$USER_HOME/checkpoints/Qwen0.6B_Qwen8B/prefix_overlap/po_prob_lr1e-5_wu20_wd0.0001/ckpt_best,olympiad_eval.jsonl,64,0.8,100,0,32,0.275621
$USER_HOME/checkpoints/Qwen0.6B_Qwen8B/prefix_overlap/po_prob_lr1e-5_wu20_wd0.0001/ckpt_best,olympiad_eval.jsonl,64,0.8,100,0,64,0.300000
$USER_HOME/checkpoints/Qwen0.6B_Qwen8B/prefix_overlap/po_prob_lr1e-5_wu20_wd0.001/ckpt_best,gsm8k_eval.jsonl,64,0.8,100,0,1,0.550313
$USER_HOME/checkpoints/Qwen0.6B_Qwen8B/prefix_overlap/po_prob_lr1e-5_wu20_wd0.001/ckpt_best,gsm8k_eval.jsonl,64,0.8,100,0,2,0.672604
$USER_HOME/checkpoints/Qwen0.6B_Qwen8B/prefix_overlap/po_prob_lr1e-5_wu20_wd0.001/ckpt_best,gsm8k_eval.jsonl,64,0.8,100,0,4,0.753065
$USER_HOME/checkpoints/Qwen0.6B_Qwen8B/prefix_overlap/po_prob_lr1e-5_wu20_wd0.001/ckpt_best,gsm8k_eval.jsonl,64,0.8,100,0,8,0.813645
$USER_HOME/checkpoints/Qwen0.6B_Qwen8B/prefix_overlap/po_prob_lr1e-5_wu20_wd0.001/ckpt_best,gsm8k_eval.jsonl,64,0.8,100,0,16,0.861115
$USER_HOME/checkpoints/Qwen0.6B_Qwen8B/prefix_overlap/po_prob_lr1e-5_wu20_wd0.001/ckpt_best,gsm8k_eval.jsonl,64,0.8,100,0,32,0.894323
$USER_HOME/checkpoints/Qwen0.6B_Qwen8B/prefix_overlap/po_prob_lr1e-5_wu20_wd0.001/ckpt_best,gsm8k_eval.jsonl,64,0.8,100,0,64,0.910000
$USER_HOME/checkpoints/Qwen0.6B_Qwen8B/prefix_overlap/po_prob_lr1e-5_wu20_wd0.001/ckpt_best,olympiad_eval.jsonl,64,0.8,100,0,1,0.082812
$USER_HOME/checkpoints/Qwen0.6B_Qwen8B/prefix_overlap/po_prob_lr1e-5_wu20_wd0.001/ckpt_best,olympiad_eval.jsonl,64,0.8,100,0,2,0.119613
$USER_HOME/checkpoints/Qwen0.6B_Qwen8B/prefix_overlap/po_prob_lr1e-5_wu20_wd0.001/ckpt_best,olympiad_eval.jsonl,64,0.8,100,0,4,0.157070
$USER_HOME/checkpoints/Qwen0.6B_Qwen8B/prefix_overlap/po_prob_lr1e-5_wu20_wd0.001/ckpt_best,olympiad_eval.jsonl,64,0.8,100,0,8,0.196642
$USER_HOME/checkpoints/Qwen0.6B_Qwen8B/prefix_overlap/po_prob_lr1e-5_wu20_wd0.001/ckpt_best,olympiad_eval.jsonl,64,0.8,100,0,16,0.241160
$USER_HOME/checkpoints/Qwen0.6B_Qwen8B/prefix_overlap/po_prob_lr1e-5_wu20_wd0.001/ckpt_best,olympiad_eval.jsonl,64,0.8,100,0,32,0.283950
$USER_HOME/checkpoints/Qwen0.6B_Qwen8B/prefix_overlap/po_prob_lr1e-5_wu20_wd0.001/ckpt_best,olympiad_eval.jsonl,64,0.8,100,0,64,0.320000
$USER_HOME/checkpoints/Qwen0.6B_Qwen8B/prefix_overlap/po_prob_lr2e-6_wu20/ckpt_best,math_eval.jsonl,64,0.8,100,0,1,0.223438
$USER_HOME/checkpoints/Qwen0.6B_Qwen8B/prefix_overlap/po_prob_lr2e-6_wu20/ckpt_best,math_eval.jsonl,64,0.8,100,0,2,0.301121
$USER_HOME/checkpoints/Qwen0.6B_Qwen8B/prefix_overlap/po_prob_lr2e-6_wu20/ckpt_best,math_eval.jsonl,64,0.8,100,0,4,0.372375
$USER_HOME/checkpoints/Qwen0.6B_Qwen8B/prefix_overlap/po_prob_lr2e-6_wu20/ckpt_best,math_eval.jsonl,64,0.8,100,0,8,0.435879
$USER_HOME/checkpoints/Qwen0.6B_Qwen8B/prefix_overlap/po_prob_lr2e-6_wu20/ckpt_best,math_eval.jsonl,64,0.8,100,0,16,0.495085
$USER_HOME/checkpoints/Qwen0.6B_Qwen8B/prefix_overlap/po_prob_lr2e-6_wu20/ckpt_best,math_eval.jsonl,64,0.8,100,0,32,0.547593
$USER_HOME/checkpoints/Qwen0.6B_Qwen8B/prefix_overlap/po_prob_lr2e-6_wu20/ckpt_best,math_eval.jsonl,64,0.8,100,0,64,0.580000
$USER_HOME/checkpoints/Qwen0.6B_Qwen8B/prefix_overlap/po_prob_ceanneal1500_lr1e-5_wu20/ckpt_best,gsm8k_eval.jsonl,64,0.8,100,0,1,0.530313
$USER_HOME/checkpoints/Qwen0.6B_Qwen8B/prefix_overlap/po_prob_ceanneal1500_lr1e-5_wu20/ckpt_best,gsm8k_eval.jsonl,64,0.8,100,0,2,0.663031
$USER_HOME/checkpoints/Qwen0.6B_Qwen8B/prefix_overlap/po_prob_ceanneal1500_lr1e-5_wu20/ckpt_best,gsm8k_eval.jsonl,64,0.8,100,0,4,0.746170
$USER_HOME/checkpoints/Qwen0.6B_Qwen8B/prefix_overlap/po_prob_ceanneal1500_lr1e-5_wu20/ckpt_best,gsm8k_eval.jsonl,64,0.8,100,0,8,0.805948
$USER_HOME/checkpoints/Qwen0.6B_Qwen8B/prefix_overlap/po_prob_ceanneal1500_lr1e-5_wu20/ckpt_best,gsm8k_eval.jsonl,64,0.8,100,0,16,0.852280
$USER_HOME/checkpoints/Qwen0.6B_Qwen8B/prefix_overlap/po_prob_ceanneal1500_lr1e-5_wu20/ckpt_best,gsm8k_eval.jsonl,64,0.8,100,0,32,0.884026
$USER_HOME/checkpoints/Qwen0.6B_Qwen8B/prefix_overlap/po_prob_ceanneal1500_lr1e-5_wu20/ckpt_best,gsm8k_eval.jsonl,64,0.8,100,0,64,0.910000
$USER_HOME/checkpoints/Qwen0.6B_Qwen8B/prefix_overlap/po_prob_ceanneal1500_lr1e-5_wu20/ckpt_best,math_eval.jsonl,64,0.8,100,0,1,0.231250
$USER_HOME/checkpoints/Qwen0.6B_Qwen8B/prefix_overlap/po_prob_ceanneal1500_lr1e-5_wu20/ckpt_best,math_eval.jsonl,64,0.8,100,0,2,0.312088
$USER_HOME/checkpoints/Qwen0.6B_Qwen8B/prefix_overlap/po_prob_ceanneal1500_lr1e-5_wu20/ckpt_best,math_eval.jsonl,64,0.8,100,0,4,0.384271
$USER_HOME/checkpoints/Qwen0.6B_Qwen8B/prefix_overlap/po_prob_ceanneal1500_lr1e-5_wu20/ckpt_best,math_eval.jsonl,64,0.8,100,0,8,0.445122
$USER_HOME/checkpoints/Qwen0.6B_Qwen8B/prefix_overlap/po_prob_ceanneal1500_lr1e-5_wu20/ckpt_best,math_eval.jsonl,64,0.8,100,0,16,0.496309
$USER_HOME/checkpoints/Qwen0.6B_Qwen8B/prefix_overlap/po_prob_ceanneal1500_lr1e-5_wu20/ckpt_best,math_eval.jsonl,64,0.8,100,0,32,0.538095
$USER_HOME/checkpoints/Qwen0.6B_Qwen8B/prefix_overlap/po_prob_ceanneal1500_lr1e-5_wu20/ckpt_best,math_eval.jsonl,64,0.8,100,0,64,0.570000
$USER_HOME/checkpoints/Qwen0.6B_Qwen8B/prefix_overlap/po_prob_lr2e-6_wu20/ckpt_best,gsm8k_eval.jsonl,64,0.8,100,0,1,0.515156
$USER_HOME/checkpoints/Qwen0.6B_Qwen8B/prefix_overlap/po_prob_lr2e-6_wu20/ckpt_best,gsm8k_eval.jsonl,64,0.8,100,0,2,0.651726
$USER_HOME/checkpoints/Qwen0.6B_Qwen8B/prefix_overlap/po_prob_lr2e-6_wu20/ckpt_best,gsm8k_eval.jsonl,64,0.8,100,0,4,0.744157
$USER_HOME/checkpoints/Qwen0.6B_Qwen8B/prefix_overlap/po_prob_lr2e-6_wu20/ckpt_best,gsm8k_eval.jsonl,64,0.8,100,0,8,0.812690
$USER_HOME/checkpoints/Qwen0.6B_Qwen8B/prefix_overlap/po_prob_lr2e-6_wu20/ckpt_best,gsm8k_eval.jsonl,64,0.8,100,0,16,0.869149
$USER_HOME/checkpoints/Qwen0.6B_Qwen8B/prefix_overlap/po_prob_lr2e-6_wu20/ckpt_best,gsm8k_eval.jsonl,64,0.8,100,0,32,0.913443
$USER_HOME/checkpoints/Qwen0.6B_Qwen8B/prefix_overlap/po_prob_lr2e-6_wu20/ckpt_best,gsm8k_eval.jsonl,64,0.8,100,0,64,0.950000
$USER_HOME/checkpoints/Qwen0.6B_Qwen8B/prefix_overlap/po_prob_ceanneal_lr1e-5_wu20/ckpt_best,math_eval.jsonl,64,0.8,100,0,1,0.226094
$USER_HOME/checkpoints/Qwen0.6B_Qwen8B/prefix_overlap/po_prob_ceanneal_lr1e-5_wu20/ckpt_best,math_eval.jsonl,64,0.8,100,0,2,0.306429
$USER_HOME/checkpoints/Qwen0.6B_Qwen8B/prefix_overlap/po_prob_ceanneal_lr1e-5_wu20/ckpt_best,math_eval.jsonl,64,0.8,100,0,4,0.378364
$USER_HOME/checkpoints/Qwen0.6B_Qwen8B/prefix_overlap/po_prob_ceanneal_lr1e-5_wu20/ckpt_best,math_eval.jsonl,64,0.8,100,0,8,0.436963
$USER_HOME/checkpoints/Qwen0.6B_Qwen8B/prefix_overlap/po_prob_ceanneal_lr1e-5_wu20/ckpt_best,math_eval.jsonl,64,0.8,100,0,16,0.483954
$USER_HOME/checkpoints/Qwen0.6B_Qwen8B/prefix_overlap/po_prob_ceanneal_lr1e-5_wu20/ckpt_best,math_eval.jsonl,64,0.8,100,0,32,0.523502
$USER_HOME/checkpoints/Qwen0.6B_Qwen8B/prefix_overlap/po_prob_ceanneal_lr1e-5_wu20/ckpt_best,math_eval.jsonl,64,0.8,100,0,64,0.550000
$USER_HOME/checkpoints/Qwen0.6B_Qwen8B/prefix_overlap/po_prob_ceanneal1500_lr1e-5_wu20/ckpt_best,olympiad_eval.jsonl,64,0.8,100,0,1,0.081719
$USER_HOME/checkpoints/Qwen0.6B_Qwen8B/prefix_overlap/po_prob_ceanneal1500_lr1e-5_wu20/ckpt_best,olympiad_eval.jsonl,64,0.8,100,0,2,0.116791
$USER_HOME/checkpoints/Qwen0.6B_Qwen8B/prefix_overlap/po_prob_ceanneal1500_lr1e-5_wu20/ckpt_best,olympiad_eval.jsonl,64,0.8,100,0,4,0.150866
$USER_HOME/checkpoints/Qwen0.6B_Qwen8B/prefix_overlap/po_prob_ceanneal1500_lr1e-5_wu20/ckpt_best,olympiad_eval.jsonl,64,0.8,100,0,8,0.186954
$USER_HOME/checkpoints/Qwen0.6B_Qwen8B/prefix_overlap/po_prob_ceanneal1500_lr1e-5_wu20/ckpt_best,olympiad_eval.jsonl,64,0.8,100,0,16,0.228190
$USER_HOME/checkpoints/Qwen0.6B_Qwen8B/prefix_overlap/po_prob_ceanneal1500_lr1e-5_wu20/ckpt_best,olympiad_eval.jsonl,64,0.8,100,0,32,0.269416
$USER_HOME/checkpoints/Qwen0.6B_Qwen8B/prefix_overlap/po_prob_ceanneal1500_lr1e-5_wu20/ckpt_best,olympiad_eval.jsonl,64,0.8,100,0,64,0.300000
$USER_HOME/checkpoints/Qwen0.6B_Qwen8B/prefix_overlap/po_prob_lr2e-6_wu20/ckpt_best,olympiad_eval.jsonl,64,0.8,100,0,1,0.082500
$USER_HOME/checkpoints/Qwen0.6B_Qwen8B/prefix_overlap/po_prob_lr2e-6_wu20/ckpt_best,olympiad_eval.jsonl,64,0.8,100,0,2,0.119474
$USER_HOME/checkpoints/Qwen0.6B_Qwen8B/prefix_overlap/po_prob_lr2e-6_wu20/ckpt_best,olympiad_eval.jsonl,64,0.8,100,0,4,0.155170
$USER_HOME/checkpoints/Qwen0.6B_Qwen8B/prefix_overlap/po_prob_lr2e-6_wu20/ckpt_best,olympiad_eval.jsonl,64,0.8,100,0,8,0.191260
$USER_HOME/checkpoints/Qwen0.6B_Qwen8B/prefix_overlap/po_prob_lr2e-6_wu20/ckpt_best,olympiad_eval.jsonl,64,0.8,100,0,16,0.229206
$USER_HOME/checkpoints/Qwen0.6B_Qwen8B/prefix_overlap/po_prob_lr2e-6_wu20/ckpt_best,olympiad_eval.jsonl,64,0.8,100,0,32,0.260909
$USER_HOME/checkpoints/Qwen0.6B_Qwen8B/prefix_overlap/po_prob_lr2e-6_wu20/ckpt_best,olympiad_eval.jsonl,64,0.8,100,0,64,0.280000
$USER_HOME/checkpoints/Qwen0.6B_Qwen8B/prefix_overlap/po_prob_ceanneal_lr1e-5_wu20/ckpt_best,gsm8k_eval.jsonl,64,0.8,100,0,1,0.509219
$USER_HOME/checkpoints/Qwen0.6B_Qwen8B/prefix_overlap/po_prob_ceanneal_lr1e-5_wu20/ckpt_best,gsm8k_eval.jsonl,64,0.8,100,0,2,0.647247
$USER_HOME/checkpoints/Qwen0.6B_Qwen8B/prefix_overlap/po_prob_ceanneal_lr1e-5_wu20/ckpt_best,gsm8k_eval.jsonl,64,0.8,100,0,4,0.739204
$USER_HOME/checkpoints/Qwen0.6B_Qwen8B/prefix_overlap/po_prob_ceanneal_lr1e-5_wu20/ckpt_best,gsm8k_eval.jsonl,64,0.8,100,0,8,0.806013
$USER_HOME/checkpoints/Qwen0.6B_Qwen8B/prefix_overlap/po_prob_ceanneal_lr1e-5_wu20/ckpt_best,gsm8k_eval.jsonl,64,0.8,100,0,16,0.861193
$USER_HOME/checkpoints/Qwen0.6B_Qwen8B/prefix_overlap/po_prob_ceanneal_lr1e-5_wu20/ckpt_best,gsm8k_eval.jsonl,64,0.8,100,0,32,0.902547
$USER_HOME/checkpoints/Qwen0.6B_Qwen8B/prefix_overlap/po_prob_ceanneal_lr1e-5_wu20/ckpt_best,gsm8k_eval.jsonl,64,0.8,100,0,64,0.930000
$USER_HOME/checkpoints/Qwen0.6B_Qwen8B/prefix_overlap/po_prob_ceanneal_lr1e-5_wu20/ckpt_best,olympiad_eval.jsonl,64,0.8,100,0,1,0.080000
$USER_HOME/checkpoints/Qwen0.6B_Qwen8B/prefix_overlap/po_prob_ceanneal_lr1e-5_wu20/ckpt_best,olympiad_eval.jsonl,64,0.8,100,0,2,0.112237
$USER_HOME/checkpoints/Qwen0.6B_Qwen8B/prefix_overlap/po_prob_ceanneal_lr1e-5_wu20/ckpt_best,olympiad_eval.jsonl,64,0.8,100,0,4,0.144903
$USER_HOME/checkpoints/Qwen0.6B_Qwen8B/prefix_overlap/po_prob_ceanneal_lr1e-5_wu20/ckpt_best,olympiad_eval.jsonl,64,0.8,100,0,8,0.181784
$USER_HOME/checkpoints/Qwen0.6B_Qwen8B/prefix_overlap/po_prob_ceanneal_lr1e-5_wu20/ckpt_best,olympiad_eval.jsonl,64,0.8,100,0,16,0.224084
$USER_HOME/checkpoints/Qwen0.6B_Qwen8B/prefix_overlap/po_prob_ceanneal_lr1e-5_wu20/ckpt_best,olympiad_eval.jsonl,64,0.8,100,0,32,0.263770
$USER_HOME/checkpoints/Qwen0.6B_Qwen8B/prefix_overlap/po_prob_ceanneal_lr1e-5_wu20/ckpt_best,olympiad_eval.jsonl,64,0.8,100,0,64,0.290000
$USER_HOME/checkpoints/Qwen0.6B_Qwen8B/prefix_overlap/po_prob_ceanneal4000_lr1e-5_wu20/ckpt_best,gsm8k_eval.jsonl,64,0.8,100,0,1,0.498906
$USER_HOME/checkpoints/Qwen0.6B_Qwen8B/prefix_overlap/po_prob_ceanneal4000_lr1e-5_wu20/ckpt_best,gsm8k_eval.jsonl,64,0.8,100,0,2,0.641905
$USER_HOME/checkpoints/Qwen0.6B_Qwen8B/prefix_overlap/po_prob_ceanneal4000_lr1e-5_wu20/ckpt_best,gsm8k_eval.jsonl,64,0.8,100,0,4,0.736462
$USER_HOME/checkpoints/Qwen0.6B_Qwen8B/prefix_overlap/po_prob_ceanneal4000_lr1e-5_wu20/ckpt_best,gsm8k_eval.jsonl,64,0.8,100,0,8,0.803093
$USER_HOME/checkpoints/Qwen0.6B_Qwen8B/prefix_overlap/po_prob_ceanneal4000_lr1e-5_wu20/ckpt_best,gsm8k_eval.jsonl,64,0.8,100,0,16,0.860984
$USER_HOME/checkpoints/Qwen0.6B_Qwen8B/prefix_overlap/po_prob_ceanneal4000_lr1e-5_wu20/ckpt_best,gsm8k_eval.jsonl,64,0.8,100,0,32,0.913772
$USER_HOME/checkpoints/Qwen0.6B_Qwen8B/prefix_overlap/po_prob_ceanneal4000_lr1e-5_wu20/ckpt_best,gsm8k_eval.jsonl,64,0.8,100,0,64,0.960000
$USER_HOME/checkpoints/Qwen0.6B_Qwen8B/prefix_overlap/po_prob_ceanneal4000_lr1e-5_wu20/ckpt_best,math_eval.jsonl,64,0.8,100,0,1,0.210313
$USER_HOME/checkpoints/Qwen0.6B_Qwen8B/prefix_overlap/po_prob_ceanneal4000_lr1e-5_wu20/ckpt_best,math_eval.jsonl,64,0.8,100,0,2,0.288780
$USER_HOME/checkpoints/Qwen0.6B_Qwen8B/prefix_overlap/po_prob_ceanneal4000_lr1e-5_wu20/ckpt_best,math_eval.jsonl,64,0.8,100,0,4,0.358510
$USER_HOME/checkpoints/Qwen0.6B_Qwen8B/prefix_overlap/po_prob_ceanneal4000_lr1e-5_wu20/ckpt_best,math_eval.jsonl,64,0.8,100,0,8,0.412143
$USER_HOME/checkpoints/Qwen0.6B_Qwen8B/prefix_overlap/po_prob_ceanneal4000_lr1e-5_wu20/ckpt_best,math_eval.jsonl,64,0.8,100,0,16,0.456613
$USER_HOME/checkpoints/Qwen0.6B_Qwen8B/prefix_overlap/po_prob_ceanneal4000_lr1e-5_wu20/ckpt_best,math_eval.jsonl,64,0.8,100,0,32,0.494263
$USER_HOME/checkpoints/Qwen0.6B_Qwen8B/prefix_overlap/po_prob_ceanneal4000_lr1e-5_wu20/ckpt_best,math_eval.jsonl,64,0.8,100,0,64,0.520000
$USER_HOME/checkpoints/Qwen0.6B_Qwen8B/prefix_overlap/po_prob_ceanneal4000_lr1e-5_wu20/ckpt_best,olympiad_eval.jsonl,64,0.8,100,0,1,0.073750
$USER_HOME/checkpoints/Qwen0.6B_Qwen8B/prefix_overlap/po_prob_ceanneal4000_lr1e-5_wu20/ckpt_best,olympiad_eval.jsonl,64,0.8,100,0,2,0.105010
$USER_HOME/checkpoints/Qwen0.6B_Qwen8B/prefix_overlap/po_prob_ceanneal4000_lr1e-5_wu20/ckpt_best,olympiad_eval.jsonl,64,0.8,100,0,4,0.136035
$USER_HOME/checkpoints/Qwen0.6B_Qwen8B/prefix_overlap/po_prob_ceanneal4000_lr1e-5_wu20/ckpt_best,olympiad_eval.jsonl,64,0.8,100,0,8,0.170913
$USER_HOME/checkpoints/Qwen0.6B_Qwen8B/prefix_overlap/po_prob_ceanneal4000_lr1e-5_wu20/ckpt_best,olympiad_eval.jsonl,64,0.8,100,0,16,0.214010
$USER_HOME/checkpoints/Qwen0.6B_Qwen8B/prefix_overlap/po_prob_ceanneal4000_lr1e-5_wu20/ckpt_best,olympiad_eval.jsonl,64,0.8,100,0,32,0.260725
$USER_HOME/checkpoints/Qwen0.6B_Qwen8B/prefix_overlap/po_prob_ceanneal4000_lr1e-5_wu20/ckpt_best,olympiad_eval.jsonl,64,0.8,100,0,64,0.300000
$USER_HOME/checkpoints/Qwen0.6B_Qwen8B/prefix_overlap/po_prob_ceanneal3000_auxw0.5_lr1e-5_wu20/ckpt_best,math_eval.jsonl,64,0.8,100,0,1,0.219375
$USER_HOME/checkpoints/Qwen0.6B_Qwen8B/prefix_overlap/po_prob_ceanneal3000_auxw0.5_lr1e-5_wu20/ckpt_best,math_eval.jsonl,64,0.8,100,0,2,0.297416
$USER_HOME/checkpoints/Qwen0.6B_Qwen8B/prefix_overlap/po_prob_ceanneal3000_auxw0.5_lr1e-5_wu20/ckpt_best,math_eval.jsonl,64,0.8,100,0,4,0.365329
$USER_HOME/checkpoints/Qwen0.6B_Qwen8B/prefix_overlap/po_prob_ceanneal3000_auxw0.5_lr1e-5_wu20/ckpt_best,math_eval.jsonl,64,0.8,100,0,8,0.420969
$USER_HOME/checkpoints/Qwen0.6B_Qwen8B/prefix_overlap/po_prob_ceanneal3000_auxw0.5_lr1e-5_wu20/ckpt_best,math_eval.jsonl,64,0.8,100,0,16,0.470850
$USER_HOME/checkpoints/Qwen0.6B_Qwen8B/prefix_overlap/po_prob_ceanneal3000_auxw0.5_lr1e-5_wu20/ckpt_best,math_eval.jsonl,64,0.8,100,0,32,0.522639
$USER_HOME/checkpoints/Qwen0.6B_Qwen8B/prefix_overlap/po_prob_ceanneal3000_auxw0.5_lr1e-5_wu20/ckpt_best,math_eval.jsonl,64,0.8,100,0,64,0.570000
$USER_HOME/checkpoints/Qwen0.6B_Qwen8B/prefix_overlap/po_prob_ceanneal3000_auxw0.5_lr1e-5_wu20/ckpt_best,gsm8k_eval.jsonl,64,0.8,100,0,1,0.516406
$USER_HOME/checkpoints/Qwen0.6B_Qwen8B/prefix_overlap/po_prob_ceanneal3000_auxw0.5_lr1e-5_wu20/ckpt_best,gsm8k_eval.jsonl,64,0.8,100,0,2,0.653318
$USER_HOME/checkpoints/Qwen0.6B_Qwen8B/prefix_overlap/po_prob_ceanneal3000_auxw0.5_lr1e-5_wu20/ckpt_best,gsm8k_eval.jsonl,64,0.8,100,0,4,0.742277
$USER_HOME/checkpoints/Qwen0.6B_Qwen8B/prefix_overlap/po_prob_ceanneal3000_auxw0.5_lr1e-5_wu20/ckpt_best,gsm8k_eval.jsonl,64,0.8,100,0,8,0.806655
$USER_HOME/checkpoints/Qwen0.6B_Qwen8B/prefix_overlap/po_prob_ceanneal3000_auxw0.5_lr1e-5_wu20/ckpt_best,gsm8k_eval.jsonl,64,0.8,100,0,16,0.859416
$USER_HOME/checkpoints/Qwen0.6B_Qwen8B/prefix_overlap/po_prob_ceanneal3000_auxw0.5_lr1e-5_wu20/ckpt_best,gsm8k_eval.jsonl,64,0.8,100,0,32,0.899958
$USER_HOME/checkpoints/Qwen0.6B_Qwen8B/prefix_overlap/po_prob_ceanneal3000_auxw0.5_lr1e-5_wu20/ckpt_best,gsm8k_eval.jsonl,64,0.8,100,0,64,0.930000
$USER_HOME/checkpoints/Qwen0.6B_Qwen8B/prefix_overlap/po_prob_ceanneal3000_auxw0.5_lr1e-5_wu20/ckpt_best,olympiad_eval.jsonl,64,0.8,100,0,1,0.079063
$USER_HOME/checkpoints/Qwen0.6B_Qwen8B/prefix_overlap/po_prob_ceanneal3000_auxw0.5_lr1e-5_wu20/ckpt_best,olympiad_eval.jsonl,64,0.8,100,0,2,0.112222
$USER_HOME/checkpoints/Qwen0.6B_Qwen8B/prefix_overlap/po_prob_ceanneal3000_auxw0.5_lr1e-5_wu20/ckpt_best,olympiad_eval.jsonl,64,0.8,100,0,4,0.145260
$USER_HOME/checkpoints/Qwen0.6B_Qwen8B/prefix_overlap/po_prob_ceanneal3000_auxw0.5_lr1e-5_wu20/ckpt_best,olympiad_eval.jsonl,64,0.8,100,0,8,0.180265
$USER_HOME/checkpoints/Qwen0.6B_Qwen8B/prefix_overlap/po_prob_ceanneal3000_auxw0.5_lr1e-5_wu20/ckpt_best,olympiad_eval.jsonl,64,0.8,100,0,16,0.218103
$USER_HOME/checkpoints/Qwen0.6B_Qwen8B/prefix_overlap/po_prob_ceanneal3000_auxw0.5_lr1e-5_wu20/ckpt_best,olympiad_eval.jsonl,64,0.8,100,0,32,0.252442
$USER_HOME/checkpoints/Qwen0.6B_Qwen8B/prefix_overlap/po_prob_ceanneal3000_auxw0.5_lr1e-5_wu20/ckpt_best,olympiad_eval.jsonl,64,0.8,100,0,64,0.280000
$USER_HOME/checkpoints/Qwen0.6B_Qwen8B/prefix_overlap/po_prob_ceanneal3000_auxw2.0_lr1e-5_wu20/ckpt_best,gsm8k_eval.jsonl,64,0.8,100,0,1,0.526563
$USER_HOME/checkpoints/Qwen0.6B_Qwen8B/prefix_overlap/po_prob_ceanneal3000_auxw2.0_lr1e-5_wu20/ckpt_best,gsm8k_eval.jsonl,64,0.8,100,0,2,0.653150
$USER_HOME/checkpoints/Qwen0.6B_Qwen8B/prefix_overlap/po_prob_ceanneal3000_auxw2.0_lr1e-5_wu20/ckpt_best,gsm8k_eval.jsonl,64,0.8,100,0,4,0.735214
$USER_HOME/checkpoints/Qwen0.6B_Qwen8B/prefix_overlap/po_prob_ceanneal3000_auxw2.0_lr1e-5_wu20/ckpt_best,gsm8k_eval.jsonl,64,0.8,100,0,8,0.794980
$USER_HOME/checkpoints/Qwen0.6B_Qwen8B/prefix_overlap/po_prob_ceanneal3000_auxw2.0_lr1e-5_wu20/ckpt_best,gsm8k_eval.jsonl,64,0.8,100,0,16,0.843769
$USER_HOME/checkpoints/Qwen0.6B_Qwen8B/prefix_overlap/po_prob_ceanneal3000_auxw2.0_lr1e-5_wu20/ckpt_best,gsm8k_eval.jsonl,64,0.8,100,0,32,0.882056
$USER_HOME/checkpoints/Qwen0.6B_Qwen8B/prefix_overlap/po_prob_ceanneal3000_auxw2.0_lr1e-5_wu20/ckpt_best,gsm8k_eval.jsonl,64,0.8,100,0,64,0.920000
$USER_HOME/checkpoints/Qwen0.6B_Qwen8B/prefix_overlap/po_prob_ceanneal3000_auxw2.0_lr1e-5_wu20/ckpt_best,math_eval.jsonl,64,0.8,100,0,1,0.223750
$USER_HOME/checkpoints/Qwen0.6B_Qwen8B/prefix_overlap/po_prob_ceanneal3000_auxw2.0_lr1e-5_wu20/ckpt_best,math_eval.jsonl,64,0.8,100,0,2,0.302654
$USER_HOME/checkpoints/Qwen0.6B_Qwen8B/prefix_overlap/po_prob_ceanneal3000_auxw2.0_lr1e-5_wu20/ckpt_best,math_eval.jsonl,64,0.8,100,0,4,0.375962
$USER_HOME/checkpoints/Qwen0.6B_Qwen8B/prefix_overlap/po_prob_ceanneal3000_auxw2.0_lr1e-5_wu20/ckpt_best,math_eval.jsonl,64,0.8,100,0,8,0.440842
$USER_HOME/checkpoints/Qwen0.6B_Qwen8B/prefix_overlap/po_prob_ceanneal3000_auxw2.0_lr1e-5_wu20/ckpt_best,math_eval.jsonl,64,0.8,100,0,16,0.499861
$USER_HOME/checkpoints/Qwen0.6B_Qwen8B/prefix_overlap/po_prob_ceanneal3000_auxw2.0_lr1e-5_wu20/ckpt_best,math_eval.jsonl,64,0.8,100,0,32,0.555707
$USER_HOME/checkpoints/Qwen0.6B_Qwen8B/prefix_overlap/po_prob_ceanneal3000_auxw2.0_lr1e-5_wu20/ckpt_best,math_eval.jsonl,64,0.8,100,0,64,0.600000
$USER_HOME/checkpoints/Qwen0.6B_Qwen8B/prefix_overlap/po_prob_ceanneal3000_auxw2.0_lr1e-5_wu20/ckpt_best,olympiad_eval.jsonl,64,0.8,100,0,1,0.080469
$USER_HOME/checkpoints/Qwen0.6B_Qwen8B/prefix_overlap/po_prob_ceanneal3000_auxw2.0_lr1e-5_wu20/ckpt_best,olympiad_eval.jsonl,64,0.8,100,0,2,0.114474
$USER_HOME/checkpoints/Qwen0.6B_Qwen8B/prefix_overlap/po_prob_ceanneal3000_auxw2.0_lr1e-5_wu20/ckpt_best,olympiad_eval.jsonl,64,0.8,100,0,4,0.149340
$USER_HOME/checkpoints/Qwen0.6B_Qwen8B/prefix_overlap/po_prob_ceanneal3000_auxw2.0_lr1e-5_wu20/ckpt_best,olympiad_eval.jsonl,64,0.8,100,0,8,0.187827
$USER_HOME/checkpoints/Qwen0.6B_Qwen8B/prefix_overlap/po_prob_ceanneal3000_auxw2.0_lr1e-5_wu20/ckpt_best,olympiad_eval.jsonl,64,0.8,100,0,16,0.229715
$USER_HOME/checkpoints/Qwen0.6B_Qwen8B/prefix_overlap/po_prob_ceanneal3000_auxw2.0_lr1e-5_wu20/ckpt_best,olympiad_eval.jsonl,64,0.8,100,0,32,0.269988
$USER_HOME/checkpoints/Qwen0.6B_Qwen8B/prefix_overlap/po_prob_ceanneal3000_auxw2.0_lr1e-5_wu20/ckpt_best,olympiad_eval.jsonl,64,0.8,100,0,64,0.310000
$USER_HOME/checkpoints/Qwen0.6B_Qwen8B/prefix_overlap/po_prob_lr5e-6_wu20/ckpt_best,gsm8k_eval.jsonl,64,0.8,100,0,1,0.551719
$USER_HOME/checkpoints/Qwen0.6B_Qwen8B/prefix_overlap/po_prob_lr5e-6_wu20/ckpt_best,gsm8k_eval.jsonl,64,0.8,100,0,2,0.678968
$USER_HOME/checkpoints/Qwen0.6B_Qwen8B/prefix_overlap/po_prob_lr5e-6_wu20/ckpt_best,gsm8k_eval.jsonl,64,0.8,100,0,4,0.763290
$USER_HOME/checkpoints/Qwen0.6B_Qwen8B/prefix_overlap/po_prob_lr5e-6_wu20/ckpt_best,gsm8k_eval.jsonl,64,0.8,100,0,8,0.826168
$USER_HOME/checkpoints/Qwen0.6B_Qwen8B/prefix_overlap/po_prob_lr5e-6_wu20/ckpt_best,gsm8k_eval.jsonl,64,0.8,100,0,16,0.878174
$USER_HOME/checkpoints/Qwen0.6B_Qwen8B/prefix_overlap/po_prob_lr5e-6_wu20/ckpt_best,gsm8k_eval.jsonl,64,0.8,100,0,32,0.918184
$USER_HOME/checkpoints/Qwen0.6B_Qwen8B/prefix_overlap/po_prob_lr5e-6_wu20/ckpt_best,gsm8k_eval.jsonl,64,0.8,100,0,64,0.950000
$USER_HOME/checkpoints/Qwen0.6B_Qwen8B/prefix_overlap/po_prob_lr5e-6_wu20/ckpt_best,math_eval.jsonl,64,0.8,100,0,1,0.224844
$USER_HOME/checkpoints/Qwen0.6B_Qwen8B/prefix_overlap/po_prob_lr5e-6_wu20/ckpt_best,math_eval.jsonl,64,0.8,100,0,2,0.301334
$USER_HOME/checkpoints/Qwen0.6B_Qwen8B/prefix_overlap/po_prob_lr5e-6_wu20/ckpt_best,math_eval.jsonl,64,0.8,100,0,4,0.374488
$USER_HOME/checkpoints/Qwen0.6B_Qwen8B/prefix_overlap/po_prob_lr5e-6_wu20/ckpt_best,math_eval.jsonl,64,0.8,100,0,8,0.441509
$USER_HOME/checkpoints/Qwen0.6B_Qwen8B/prefix_overlap/po_prob_lr5e-6_wu20/ckpt_best,math_eval.jsonl,64,0.8,100,0,16,0.502491
$USER_HOME/checkpoints/Qwen0.6B_Qwen8B/prefix_overlap/po_prob_lr5e-6_wu20/ckpt_best,math_eval.jsonl,64,0.8,100,0,32,0.555505
$USER_HOME/checkpoints/Qwen0.6B_Qwen8B/prefix_overlap/po_prob_lr5e-6_wu20/ckpt_best,math_eval.jsonl,64,0.8,100,0,64,0.610000
$USER_HOME/checkpoints/Qwen0.6B_Qwen8B/prefix_overlap/po_prob_ceanneal_lr1e-5_wu20_steps25k/ckpt_best,math_eval.jsonl,64,0.8,100,0,1,0.212500
$USER_HOME/checkpoints/Qwen0.6B_Qwen8B/prefix_overlap/po_prob_ceanneal_lr1e-5_wu20_steps25k/ckpt_best,math_eval.jsonl,64,0.8,100,0,2,0.294226
$USER_HOME/checkpoints/Qwen0.6B_Qwen8B/prefix_overlap/po_prob_ceanneal_lr1e-5_wu20_steps25k/ckpt_best,math_eval.jsonl,64,0.8,100,0,4,0.368664
$USER_HOME/checkpoints/Qwen0.6B_Qwen8B/prefix_overlap/po_prob_ceanneal_lr1e-5_wu20_steps25k/ckpt_best,math_eval.jsonl,64,0.8,100,0,8,0.429441
$USER_HOME/checkpoints/Qwen0.6B_Qwen8B/prefix_overlap/po_prob_ceanneal_lr1e-5_wu20_steps25k/ckpt_best,math_eval.jsonl,64,0.8,100,0,16,0.482109
$USER_HOME/checkpoints/Qwen0.6B_Qwen8B/prefix_overlap/po_prob_ceanneal_lr1e-5_wu20_steps25k/ckpt_best,math_eval.jsonl,64,0.8,100,0,32,0.529511
$USER_HOME/checkpoints/Qwen0.6B_Qwen8B/prefix_overlap/po_prob_ceanneal_lr1e-5_wu20_steps25k/ckpt_best,math_eval.jsonl,64,0.8,100,0,64,0.580000
$USER_HOME/checkpoints/Qwen0.6B_Qwen8B/prefix_overlap/po_prob_lr5e-6_wu20/ckpt_best,olympiad_eval.jsonl,64,0.8,100,0,1,0.086406
$USER_HOME/checkpoints/Qwen0.6B_Qwen8B/prefix_overlap/po_prob_lr5e-6_wu20/ckpt_best,olympiad_eval.jsonl,64,0.8,100,0,2,0.122798
$USER_HOME/checkpoints/Qwen0.6B_Qwen8B/prefix_overlap/po_prob_lr5e-6_wu20/ckpt_best,olympiad_eval.jsonl,64,0.8,100,0,4,0.160571
$USER_HOME/checkpoints/Qwen0.6B_Qwen8B/prefix_overlap/po_prob_lr5e-6_wu20/ckpt_best,olympiad_eval.jsonl,64,0.8,100,0,8,0.201579
$USER_HOME/checkpoints/Qwen0.6B_Qwen8B/prefix_overlap/po_prob_lr5e-6_wu20/ckpt_best,olympiad_eval.jsonl,64,0.8,100,0,16,0.246756
$USER_HOME/checkpoints/Qwen0.6B_Qwen8B/prefix_overlap/po_prob_lr5e-6_wu20/ckpt_best,olympiad_eval.jsonl,64,0.8,100,0,32,0.287998
$USER_HOME/checkpoints/Qwen0.6B_Qwen8B/prefix_overlap/po_prob_lr5e-6_wu20/ckpt_best,olympiad_eval.jsonl,64,0.8,100,0,64,0.320000
$USER_HOME/checkpoints/Qwen0.6B_Qwen8B/prefix_overlap/po_prob_ceanneal_lr1e-5_wu20_steps25k/ckpt_best,olympiad_eval.jsonl,64,0.8,100,0,1,0.075000
$USER_HOME/checkpoints/Qwen0.6B_Qwen8B/prefix_overlap/po_prob_ceanneal_lr1e-5_wu20_steps25k/ckpt_best,olympiad_eval.jsonl,64,0.8,100,0,2,0.106131
$USER_HOME/checkpoints/Qwen0.6B_Qwen8B/prefix_overlap/po_prob_ceanneal_lr1e-5_wu20_steps25k/ckpt_best,olympiad_eval.jsonl,64,0.8,100,0,4,0.138078
$USER_HOME/checkpoints/Qwen0.6B_Qwen8B/prefix_overlap/po_prob_ceanneal_lr1e-5_wu20_steps25k/ckpt_best,olympiad_eval.jsonl,64,0.8,100,0,8,0.175252
$USER_HOME/checkpoints/Qwen0.6B_Qwen8B/prefix_overlap/po_prob_ceanneal_lr1e-5_wu20_steps25k/ckpt_best,olympiad_eval.jsonl,64,0.8,100,0,16,0.216953
$USER_HOME/checkpoints/Qwen0.6B_Qwen8B/prefix_overlap/po_prob_ceanneal_lr1e-5_wu20_steps25k/ckpt_best,olympiad_eval.jsonl,64,0.8,100,0,32,0.257399
$USER_HOME/checkpoints/Qwen0.6B_Qwen8B/prefix_overlap/po_prob_ceanneal_lr1e-5_wu20_steps25k/ckpt_best,olympiad_eval.jsonl,64,0.8,100,0,64,0.300000
$USER_HOME/checkpoints/Qwen0.6B_Qwen8B/prefix_overlap/po_prob_ceanneal_lr1e-5_wu20_steps25k/ckpt_best,gsm8k_eval.jsonl,64,0.8,100,0,1,0.470156
$USER_HOME/checkpoints/Qwen0.6B_Qwen8B/prefix_overlap/po_prob_ceanneal_lr1e-5_wu20_steps25k/ckpt_best,gsm8k_eval.jsonl,64,0.8,100,0,2,0.617733
$USER_HOME/checkpoints/Qwen0.6B_Qwen8B/prefix_overlap/po_prob_ceanneal_lr1e-5_wu20_steps25k/ckpt_best,gsm8k_eval.jsonl,64,0.8,100,0,4,0.718206
$USER_HOME/checkpoints/Qwen0.6B_Qwen8B/prefix_overlap/po_prob_ceanneal_lr1e-5_wu20_steps25k/ckpt_best,gsm8k_eval.jsonl,64,0.8,100,0,8,0.785838
$USER_HOME/checkpoints/Qwen0.6B_Qwen8B/prefix_overlap/po_prob_ceanneal_lr1e-5_wu20_steps25k/ckpt_best,gsm8k_eval.jsonl,64,0.8,100,0,16,0.836902
$USER_HOME/checkpoints/Qwen0.6B_Qwen8B/prefix_overlap/po_prob_ceanneal_lr1e-5_wu20_steps25k/ckpt_best,gsm8k_eval.jsonl,64,0.8,100,0,32,0.874049
$USER_HOME/checkpoints/Qwen0.6B_Qwen8B/prefix_overlap/po_prob_ceanneal_lr1e-5_wu20_steps25k/ckpt_best,gsm8k_eval.jsonl,64,0.8,100,0,64,0.900000
/home/colligo/local_ckpts/prefix_overlap/po_prob_gradclip1000_lr1e-5_wu20/ckpt_best,math_eval.jsonl,64,0.8,100,0,1,0.192188
/home/colligo/local_ckpts/prefix_overlap/po_prob_gradclip1000_lr1e-5_wu20/ckpt_best,math_eval.jsonl,64,0.8,100,0,2,0.276394
/home/colligo/local_ckpts/prefix_overlap/po_prob_gradclip1000_lr1e-5_wu20/ckpt_best,math_eval.jsonl,64,0.8,100,0,4,0.354190
/home/colligo/local_ckpts/prefix_overlap/po_prob_gradclip1000_lr1e-5_wu20/ckpt_best,math_eval.jsonl,64,0.8,100,0,8,0.416324
/home/colligo/local_ckpts/prefix_overlap/po_prob_gradclip1000_lr1e-5_wu20/ckpt_best,math_eval.jsonl,64,0.8,100,0,16,0.467835
/home/colligo/local_ckpts/prefix_overlap/po_prob_gradclip1000_lr1e-5_wu20/ckpt_best,math_eval.jsonl,64,0.8,100,0,32,0.515022
/home/colligo/local_ckpts/prefix_overlap/po_prob_gradclip1000_lr1e-5_wu20/ckpt_best,math_eval.jsonl,64,0.8,100,0,64,0.560000
/home/colligo/local_ckpts/prefix_overlap/po_prob_gradclip1000_lr1e-5_wu20/ckpt_best,gsm8k_eval.jsonl,64,0.8,100,0,1,0.458750
/home/colligo/local_ckpts/prefix_overlap/po_prob_gradclip1000_lr1e-5_wu20/ckpt_best,gsm8k_eval.jsonl,64,0.8,100,0,2,0.613482
/home/colligo/local_ckpts/prefix_overlap/po_prob_gradclip1000_lr1e-5_wu20/ckpt_best,gsm8k_eval.jsonl,64,0.8,100,0,4,0.723803
/home/colligo/local_ckpts/prefix_overlap/po_prob_gradclip1000_lr1e-5_wu20/ckpt_best,gsm8k_eval.jsonl,64,0.8,100,0,8,0.800083
/home/colligo/local_ckpts/prefix_overlap/po_prob_gradclip1000_lr1e-5_wu20/ckpt_best,gsm8k_eval.jsonl,64,0.8,100,0,16,0.856705
/home/colligo/local_ckpts/prefix_overlap/po_prob_gradclip1000_lr1e-5_wu20/ckpt_best,gsm8k_eval.jsonl,64,0.8,100,0,32,0.898907
/home/colligo/local_ckpts/prefix_overlap/po_prob_gradclip1000_lr1e-5_wu20/ckpt_best,gsm8k_eval.jsonl,64,0.8,100,0,64,0.930000
/home/colligo/local_ckpts/prefix_overlap/po_prob_gradclip1000_lr1e-5_wu20/ckpt_best,olympiad_eval.jsonl,64,0.8,100,0,1,0.072188
/home/colligo/local_ckpts/prefix_overlap/po_prob_gradclip1000_lr1e-5_wu20/ckpt_best,olympiad_eval.jsonl,64,0.8,100,0,2,0.104807
/home/colligo/local_ckpts/prefix_overlap/po_prob_gradclip1000_lr1e-5_wu20/ckpt_best,olympiad_eval.jsonl,64,0.8,100,0,4,0.134886
/home/colligo/local_ckpts/prefix_overlap/po_prob_gradclip1000_lr1e-5_wu20/ckpt_best,olympiad_eval.jsonl,64,0.8,100,0,8,0.166178
/home/colligo/local_ckpts/prefix_overlap/po_prob_gradclip1000_lr1e-5_wu20/ckpt_best,olympiad_eval.jsonl,64,0.8,100,0,16,0.203592
/home/colligo/local_ckpts/prefix_overlap/po_prob_gradclip1000_lr1e-5_wu20/ckpt_best,olympiad_eval.jsonl,64,0.8,100,0,32,0.241931
/home/colligo/local_ckpts/prefix_overlap/po_prob_gradclip1000_lr1e-5_wu20/ckpt_best,olympiad_eval.jsonl,64,0.8,100,0,64,0.270000
/home/colligo/local_ckpts/prefix_overlap/po_prob_gradclip100_lr1e-5_wu20/ckpt_best,math_eval.jsonl,64,0.8,100,0,1,0.225000
/home/colligo/local_ckpts/prefix_overlap/po_prob_gradclip100_lr1e-5_wu20/ckpt_best,math_eval.jsonl,64,0.8,100,0,2,0.300903
/home/colligo/local_ckpts/prefix_overlap/po_prob_gradclip100_lr1e-5_wu20/ckpt_best,math_eval.jsonl,64,0.8,100,0,4,0.370378
/home/colligo/local_ckpts/prefix_overlap/po_prob_gradclip100_lr1e-5_wu20/ckpt_best,math_eval.jsonl,64,0.8,100,0,8,0.429638
/home/colligo/local_ckpts/prefix_overlap/po_prob_gradclip100_lr1e-5_wu20/ckpt_best,math_eval.jsonl,64,0.8,100,0,16,0.480183
/home/colligo/local_ckpts/prefix_overlap/po_prob_gradclip100_lr1e-5_wu20/ckpt_best,math_eval.jsonl,64,0.8,100,0,32,0.523791
/home/colligo/local_ckpts/prefix_overlap/po_prob_gradclip100_lr1e-5_wu20/ckpt_best,math_eval.jsonl,64,0.8,100,0,64,0.560000
/home/colligo/local_ckpts/prefix_overlap/po_prob_gradclip100_lr1e-5_wu20/ckpt_best,gsm8k_eval.jsonl,64,0.8,100,0,1,0.550625
/home/colligo/local_ckpts/prefix_overlap/po_prob_gradclip100_lr1e-5_wu20/ckpt_best,gsm8k_eval.jsonl,64,0.8,100,0,2,0.672773
/home/colligo/local_ckpts/prefix_overlap/po_prob_gradclip100_lr1e-5_wu20/ckpt_best,gsm8k_eval.jsonl,64,0.8,100,0,4,0.753908
/home/colligo/local_ckpts/prefix_overlap/po_prob_gradclip100_lr1e-5_wu20/ckpt_best,gsm8k_eval.jsonl,64,0.8,100,0,8,0.816563
/home/colligo/local_ckpts/prefix_overlap/po_prob_gradclip100_lr1e-5_wu20/ckpt_best,gsm8k_eval.jsonl,64,0.8,100,0,16,0.871260
/home/colligo/local_ckpts/prefix_overlap/po_prob_gradclip100_lr1e-5_wu20/ckpt_best,gsm8k_eval.jsonl,64,0.8,100,0,32,0.915078
/home/colligo/local_ckpts/prefix_overlap/po_prob_gradclip100_lr1e-5_wu20/ckpt_best,gsm8k_eval.jsonl,64,0.8,100,0,64,0.950000
/home/colligo/local_ckpts/prefix_overlap/po_prob_gradclip100_lr1e-5_wu20/ckpt_best,olympiad_eval.jsonl,64,0.8,100,0,1,0.081562
/home/colligo/local_ckpts/prefix_overlap/po_prob_gradclip100_lr1e-5_wu20/ckpt_best,olympiad_eval.jsonl,64,0.8,100,0,2,0.117584
/home/colligo/local_ckpts/prefix_overlap/po_prob_gradclip100_lr1e-5_wu20/ckpt_best,olympiad_eval.jsonl,64,0.8,100,0,4,0.151642
/home/colligo/local_ckpts/prefix_overlap/po_prob_gradclip100_lr1e-5_wu20/ckpt_best,olympiad_eval.jsonl,64,0.8,100,0,8,0.185398
/home/colligo/local_ckpts/prefix_overlap/po_prob_gradclip100_lr1e-5_wu20/ckpt_best,olympiad_eval.jsonl,64,0.8,100,0,16,0.224484
/home/colligo/local_ckpts/prefix_overlap/po_prob_gradclip100_lr1e-5_wu20/ckpt_best,olympiad_eval.jsonl,64,0.8,100,0,32,0.266649
/home/colligo/local_ckpts/prefix_overlap/po_prob_gradclip100_lr1e-5_wu20/ckpt_best,olympiad_eval.jsonl,64,0.8,100,0,64,0.300000
/home/colligo/local_ckpts/prefix_overlap/po_prob_M16_lr3e-6_wu20_cold/ckpt_best,math_eval.jsonl,64,0.8,100,0,1,0.219844
/home/colligo/local_ckpts/prefix_overlap/po_prob_M16_lr3e-6_wu20_cold/ckpt_best,math_eval.jsonl,64,0.8,100,0,2,0.296880
/home/colligo/local_ckpts/prefix_overlap/po_prob_M16_lr3e-6_wu20_cold/ckpt_best,math_eval.jsonl,64,0.8,100,0,4,0.368019
/home/colligo/local_ckpts/prefix_overlap/po_prob_M16_lr3e-6_wu20_cold/ckpt_best,math_eval.jsonl,64,0.8,100,0,8,0.429714
/home/colligo/local_ckpts/prefix_overlap/po_prob_M16_lr3e-6_wu20_cold/ckpt_best,math_eval.jsonl,64,0.8,100,0,16,0.487362
/home/colligo/local_ckpts/prefix_overlap/po_prob_M16_lr3e-6_wu20_cold/ckpt_best,math_eval.jsonl,64,0.8,100,0,32,0.544657
/home/colligo/local_ckpts/prefix_overlap/po_prob_M16_lr3e-6_wu20_cold/ckpt_best,math_eval.jsonl,64,0.8,100,0,64,0.600000
/home/colligo/local_ckpts/prefix_overlap/po_prob_M16_lr3e-6_wu20_cold/ckpt_best,gsm8k_eval.jsonl,64,0.8,100,0,1,0.544375
/home/colligo/local_ckpts/prefix_overlap/po_prob_M16_lr3e-6_wu20_cold/ckpt_best,gsm8k_eval.jsonl,64,0.8,100,0,2,0.670739
/home/colligo/local_ckpts/prefix_overlap/po_prob_M16_lr3e-6_wu20_cold/ckpt_best,gsm8k_eval.jsonl,64,0.8,100,0,4,0.753430
/home/colligo/local_ckpts/prefix_overlap/po_prob_M16_lr3e-6_wu20_cold/ckpt_best,gsm8k_eval.jsonl,64,0.8,100,0,8,0.812135
/home/colligo/local_ckpts/prefix_overlap/po_prob_M16_lr3e-6_wu20_cold/ckpt_best,gsm8k_eval.jsonl,64,0.8,100,0,16,0.859266
/home/colligo/local_ckpts/prefix_overlap/po_prob_M16_lr3e-6_wu20_cold/ckpt_best,gsm8k_eval.jsonl,64,0.8,100,0,32,0.894755
/home/colligo/local_ckpts/prefix_overlap/po_prob_M16_lr3e-6_wu20_cold/ckpt_best,gsm8k_eval.jsonl,64,0.8,100,0,64,0.920000
/home/colligo/local_ckpts/prefix_overlap/po_prob_M16_lr3e-6_wu20_cold/ckpt_best,olympiad_eval.jsonl,64,0.8,100,0,1,0.083281
/home/colligo/local_ckpts/prefix_overlap/po_prob_M16_lr3e-6_wu20_cold/ckpt_best,olympiad_eval.jsonl,64,0.8,100,0,2,0.118829
/home/colligo/local_ckpts/prefix_overlap/po_prob_M16_lr3e-6_wu20_cold/ckpt_best,olympiad_eval.jsonl,64,0.8,100,0,4,0.151972
/home/colligo/local_ckpts/prefix_overlap/po_prob_M16_lr3e-6_wu20_cold/ckpt_best,olympiad_eval.jsonl,64,0.8,100,0,8,0.186492
/home/colligo/local_ckpts/prefix_overlap/po_prob_M16_lr3e-6_wu20_cold/ckpt_best,olympiad_eval.jsonl,64,0.8,100,0,16,0.225836
/home/colligo/local_ckpts/prefix_overlap/po_prob_M16_lr3e-6_wu20_cold/ckpt_best,olympiad_eval.jsonl,64,0.8,100,0,32,0.264929
/home/colligo/local_ckpts/prefix_overlap/po_prob_M16_lr3e-6_wu20_cold/ckpt_best,olympiad_eval.jsonl,64,0.8,100,0,64,0.300000
/home/colligo/local_ckpts/prefix_overlap/po_prob_multiroot_N16_lr1e-5_wu20/ckpt_best,math_eval.jsonl,64,0.8,100,0,1,0.232500
/home/colligo/local_ckpts/prefix_overlap/po_prob_multiroot_N16_lr1e-5_wu20/ckpt_best,math_eval.jsonl,64,0.8,100,0,2,0.307956
/home/colligo/local_ckpts/prefix_overlap/po_prob_multiroot_N16_lr1e-5_wu20/ckpt_best,math_eval.jsonl,64,0.8,100,0,4,0.376984
/home/colligo/local_ckpts/prefix_overlap/po_prob_multiroot_N16_lr1e-5_wu20/ckpt_best,math_eval.jsonl,64,0.8,100,0,8,0.436670
/home/colligo/local_ckpts/prefix_overlap/po_prob_multiroot_N16_lr1e-5_wu20/ckpt_best,math_eval.jsonl,64,0.8,100,0,16,0.486529
/home/colligo/local_ckpts/prefix_overlap/po_prob_multiroot_N16_lr1e-5_wu20/ckpt_best,math_eval.jsonl,64,0.8,100,0,32,0.528040
/home/colligo/local_ckpts/prefix_overlap/po_prob_multiroot_N16_lr1e-5_wu20/ckpt_best,math_eval.jsonl,64,0.8,100,0,64,0.560000
/home/colligo/local_ckpts/prefix_overlap/po_prob_multiroot_N16_lr1e-5_wu20/ckpt_best,gsm8k_eval.jsonl,64,0.8,100,0,1,0.543125
/home/colligo/local_ckpts/prefix_overlap/po_prob_multiroot_N16_lr1e-5_wu20/ckpt_best,gsm8k_eval.jsonl,64,0.8,100,0,2,0.664087
/home/colligo/local_ckpts/prefix_overlap/po_prob_multiroot_N16_lr1e-5_wu20/ckpt_best,gsm8k_eval.jsonl,64,0.8,100,0,4,0.747463
/home/colligo/local_ckpts/prefix_overlap/po_prob_multiroot_N16_lr1e-5_wu20/ckpt_best,gsm8k_eval.jsonl,64,0.8,100,0,8,0.812998
/home/colligo/local_ckpts/prefix_overlap/po_prob_multiroot_N16_lr1e-5_wu20/ckpt_best,gsm8k_eval.jsonl,64,0.8,100,0,16,0.869645
/home/colligo/local_ckpts/prefix_overlap/po_prob_multiroot_N16_lr1e-5_wu20/ckpt_best,gsm8k_eval.jsonl,64,0.8,100,0,32,0.913710
/home/colligo/local_ckpts/prefix_overlap/po_prob_multiroot_N16_lr1e-5_wu20/ckpt_best,gsm8k_eval.jsonl,64,0.8,100,0,64,0.940000
/home/colligo/local_ckpts/prefix_overlap/po_prob_multiroot_N16_lr1e-5_wu20/ckpt_best,olympiad_eval.jsonl,64,0.8,100,0,1,0.087344
/home/colligo/local_ckpts/prefix_overlap/po_prob_multiroot_N16_lr1e-5_wu20/ckpt_best,olympiad_eval.jsonl,64,0.8,100,0,2,0.126518
/home/colligo/local_ckpts/prefix_overlap/po_prob_multiroot_N16_lr1e-5_wu20/ckpt_best,olympiad_eval.jsonl,64,0.8,100,0,4,0.165878
/home/colligo/local_ckpts/prefix_overlap/po_prob_multiroot_N16_lr1e-5_wu20/ckpt_best,olympiad_eval.jsonl,64,0.8,100,0,8,0.204248
/home/colligo/local_ckpts/prefix_overlap/po_prob_multiroot_N16_lr1e-5_wu20/ckpt_best,olympiad_eval.jsonl,64,0.8,100,0,16,0.242235
/home/colligo/local_ckpts/prefix_overlap/po_prob_multiroot_N16_lr1e-5_wu20/ckpt_best,olympiad_eval.jsonl,64,0.8,100,0,32,0.276486
/home/colligo/local_ckpts/prefix_overlap/po_prob_multiroot_N16_lr1e-5_wu20/ckpt_best,olympiad_eval.jsonl,64,0.8,100,0,64,0.300000
/home/colligo/local_ckpts/prefix_overlap/po_prob_multiroot_N16_randoff_lr1e-5_wu20/ckpt_best,math_eval.jsonl,64,0.8,100,0,1,0.157969
/home/colligo/local_ckpts/prefix_overlap/po_prob_multiroot_N16_randoff_lr1e-5_wu20/ckpt_best,math_eval.jsonl,64,0.8,100,0,2,0.243507
/home/colligo/local_ckpts/prefix_overlap/po_prob_multiroot_N16_randoff_lr1e-5_wu20/ckpt_best,math_eval.jsonl,64,0.8,100,0,4,0.329759
/home/colligo/local_ckpts/prefix_overlap/po_prob_multiroot_N16_randoff_lr1e-5_wu20/ckpt_best,math_eval.jsonl,64,0.8,100,0,8,0.400217
/home/colligo/local_ckpts/prefix_overlap/po_prob_multiroot_N16_randoff_lr1e-5_wu20/ckpt_best,math_eval.jsonl,64,0.8,100,0,16,0.456053
/home/colligo/local_ckpts/prefix_overlap/po_prob_multiroot_N16_randoff_lr1e-5_wu20/ckpt_best,math_eval.jsonl,64,0.8,100,0,32,0.510280
/home/colligo/local_ckpts/prefix_overlap/po_prob_multiroot_N16_randoff_lr1e-5_wu20/ckpt_best,math_eval.jsonl,64,0.8,100,0,64,0.580000
/home/colligo/local_ckpts/prefix_overlap/po_prob_multiroot_N16_randoff_lr1e-5_wu20/ckpt_best,gsm8k_eval.jsonl,64,0.8,100,0,1,0.388281
/home/colligo/local_ckpts/prefix_overlap/po_prob_multiroot_N16_randoff_lr1e-5_wu20/ckpt_best,gsm8k_eval.jsonl,64,0.8,100,0,2,0.554196
/home/colligo/local_ckpts/prefix_overlap/po_prob_multiroot_N16_randoff_lr1e-5_wu20/ckpt_best,gsm8k_eval.jsonl,64,0.8,100,0,4,0.691418
/home/colligo/local_ckpts/prefix_overlap/po_prob_multiroot_N16_randoff_lr1e-5_wu20/ckpt_best,gsm8k_eval.jsonl,64,0.8,100,0,8,0.788588
/home/colligo/local_ckpts/prefix_overlap/po_prob_multiroot_N16_randoff_lr1e-5_wu20/ckpt_best,gsm8k_eval.jsonl,64,0.8,100,0,16,0.861376
/home/colligo/local_ckpts/prefix_overlap/po_prob_multiroot_N16_randoff_lr1e-5_wu20/ckpt_best,gsm8k_eval.jsonl,64,0.8,100,0,32,0.915256
/home/colligo/local_ckpts/prefix_overlap/po_prob_multiroot_N16_randoff_lr1e-5_wu20/ckpt_best,gsm8k_eval.jsonl,64,0.8,100,0,64,0.950000
/home/colligo/local_ckpts/prefix_overlap/po_prob_multiroot_N16_randoff_lr1e-5_wu20/ckpt_best,olympiad_eval.jsonl,64,0.8,100,0,1,0.059062
/home/colligo/local_ckpts/prefix_overlap/po_prob_multiroot_N16_randoff_lr1e-5_wu20/ckpt_best,olympiad_eval.jsonl,64,0.8,100,0,2,0.093323
/home/colligo/local_ckpts/prefix_overlap/po_prob_multiroot_N16_randoff_lr1e-5_wu20/ckpt_best,olympiad_eval.jsonl,64,0.8,100,0,4,0.130550
/home/colligo/local_ckpts/prefix_overlap/po_prob_multiroot_N16_randoff_lr1e-5_wu20/ckpt_best,olympiad_eval.jsonl,64,0.8,100,0,8,0.167286
/home/colligo/local_ckpts/prefix_overlap/po_prob_multiroot_N16_randoff_lr1e-5_wu20/ckpt_best,olympiad_eval.jsonl,64,0.8,100,0,16,0.207607
/home/colligo/local_ckpts/prefix_overlap/po_prob_multiroot_N16_randoff_lr1e-5_wu20/ckpt_best,olympiad_eval.jsonl,64,0.8,100,0,32,0.249247
/home/colligo/local_ckpts/prefix_overlap/po_prob_multiroot_N16_randoff_lr1e-5_wu20/ckpt_best,olympiad_eval.jsonl,64,0.8,100,0,64,0.280000
/home/colligo/local_ckpts/prefix_overlap/po_prob_multiroot_N32_lr1e-5_wu20/ckpt_best,math_eval.jsonl,64,0.8,100,0,1,0.171563
/home/colligo/local_ckpts/prefix_overlap/po_prob_multiroot_N32_lr1e-5_wu20/ckpt_best,math_eval.jsonl,64,0.8,100,0,2,0.261126
/home/colligo/local_ckpts/prefix_overlap/po_prob_multiroot_N32_lr1e-5_wu20/ckpt_best,math_eval.jsonl,64,0.8,100,0,4,0.350480
/home/colligo/local_ckpts/prefix_overlap/po_prob_multiroot_N32_lr1e-5_wu20/ckpt_best,math_eval.jsonl,64,0.8,100,0,8,0.424155
/home/colligo/local_ckpts/prefix_overlap/po_prob_multiroot_N32_lr1e-5_wu20/ckpt_best,math_eval.jsonl,64,0.8,100,0,16,0.483915
/home/colligo/local_ckpts/prefix_overlap/po_prob_multiroot_N32_lr1e-5_wu20/ckpt_best,math_eval.jsonl,64,0.8,100,0,32,0.539993
/home/colligo/local_ckpts/prefix_overlap/po_prob_multiroot_N32_lr1e-5_wu20/ckpt_best,math_eval.jsonl,64,0.8,100,0,64,0.590000
/home/colligo/local_ckpts/prefix_overlap/po_prob_multiroot_N32_lr1e-5_wu20/ckpt_best,gsm8k_eval.jsonl,64,0.8,100,0,1,0.409219
/home/colligo/local_ckpts/prefix_overlap/po_prob_multiroot_N32_lr1e-5_wu20/ckpt_best,gsm8k_eval.jsonl,64,0.8,100,0,2,0.573214
/home/colligo/local_ckpts/prefix_overlap/po_prob_multiroot_N32_lr1e-5_wu20/ckpt_best,gsm8k_eval.jsonl,64,0.8,100,0,4,0.701302
/home/colligo/local_ckpts/prefix_overlap/po_prob_multiroot_N32_lr1e-5_wu20/ckpt_best,gsm8k_eval.jsonl,64,0.8,100,0,8,0.785780
/home/colligo/local_ckpts/prefix_overlap/po_prob_multiroot_N32_lr1e-5_wu20/ckpt_best,gsm8k_eval.jsonl,64,0.8,100,0,16,0.848423
/home/colligo/local_ckpts/prefix_overlap/po_prob_multiroot_N32_lr1e-5_wu20/ckpt_best,gsm8k_eval.jsonl,64,0.8,100,0,32,0.902119
/home/colligo/local_ckpts/prefix_overlap/po_prob_multiroot_N32_lr1e-5_wu20/ckpt_best,gsm8k_eval.jsonl,64,0.8,100,0,64,0.940000
/home/colligo/local_ckpts/prefix_overlap/po_prob_multiroot_N32_lr1e-5_wu20/ckpt_best,olympiad_eval.jsonl,64,0.8,100,0,1,0.062969
/home/colligo/local_ckpts/prefix_overlap/po_prob_multiroot_N32_lr1e-5_wu20/ckpt_best,olympiad_eval.jsonl,64,0.8,100,0,2,0.096230
/home/colligo/local_ckpts/prefix_overlap/po_prob_multiroot_N32_lr1e-5_wu20/ckpt_best,olympiad_eval.jsonl,64,0.8,100,0,4,0.128588
/home/colligo/local_ckpts/prefix_overlap/po_prob_multiroot_N32_lr1e-5_wu20/ckpt_best,olympiad_eval.jsonl,64,0.8,100,0,8,0.157748
/home/colligo/local_ckpts/prefix_overlap/po_prob_multiroot_N32_lr1e-5_wu20/ckpt_best,olympiad_eval.jsonl,64,0.8,100,0,16,0.190249
/home/colligo/local_ckpts/prefix_overlap/po_prob_multiroot_N32_lr1e-5_wu20/ckpt_best,olympiad_eval.jsonl,64,0.8,100,0,32,0.225090
/home/colligo/local_ckpts/prefix_overlap/po_prob_multiroot_N32_lr1e-5_wu20/ckpt_best,olympiad_eval.jsonl,64,0.8,100,0,64,0.260000
$USER_HOME/checkpoints/Qwen0.6B_Qwen8B/prefix_overlap/po_prob_gradclip10_lr1e-5_wu20/ckpt_best,math_eval.jsonl,64,0.8,100,0,1,0.200156
$USER_HOME/checkpoints/Qwen0.6B_Qwen8B/prefix_overlap/po_prob_gradclip10_lr1e-5_wu20/ckpt_best,math_eval.jsonl,64,0.8,100,0,2,0.287277
$USER_HOME/checkpoints/Qwen0.6B_Qwen8B/prefix_overlap/po_prob_gradclip10_lr1e-5_wu20/ckpt_best,math_eval.jsonl,64,0.8,100,0,4,0.366638
$USER_HOME/checkpoints/Qwen0.6B_Qwen8B/prefix_overlap/po_prob_gradclip10_lr1e-5_wu20/ckpt_best,math_eval.jsonl,64,0.8,100,0,8,0.429707
$USER_HOME/checkpoints/Qwen0.6B_Qwen8B/prefix_overlap/po_prob_gradclip10_lr1e-5_wu20/ckpt_best,math_eval.jsonl,64,0.8,100,0,16,0.479308
$USER_HOME/checkpoints/Qwen0.6B_Qwen8B/prefix_overlap/po_prob_gradclip10_lr1e-5_wu20/ckpt_best,math_eval.jsonl,64,0.8,100,0,32,0.520078
$USER_HOME/checkpoints/Qwen0.6B_Qwen8B/prefix_overlap/po_prob_gradclip10_lr1e-5_wu20/ckpt_best,math_eval.jsonl,64,0.8,100,0,64,0.560000
$USER_HOME/checkpoints/Qwen0.6B_Qwen8B/prefix_overlap/po_prob_gradclip10_lr1e-5_wu20/ckpt_best,gsm8k_eval.jsonl,64,0.8,100,0,1,0.462813
$USER_HOME/checkpoints/Qwen0.6B_Qwen8B/prefix_overlap/po_prob_gradclip10_lr1e-5_wu20/ckpt_best,gsm8k_eval.jsonl,64,0.8,100,0,2,0.618755
$USER_HOME/checkpoints/Qwen0.6B_Qwen8B/prefix_overlap/po_prob_gradclip10_lr1e-5_wu20/ckpt_best,gsm8k_eval.jsonl,64,0.8,100,0,4,0.728704
$USER_HOME/checkpoints/Qwen0.6B_Qwen8B/prefix_overlap/po_prob_gradclip10_lr1e-5_wu20/ckpt_best,gsm8k_eval.jsonl,64,0.8,100,0,8,0.801316
$USER_HOME/checkpoints/Qwen0.6B_Qwen8B/prefix_overlap/po_prob_gradclip10_lr1e-5_wu20/ckpt_best,gsm8k_eval.jsonl,64,0.8,100,0,16,0.856219
$USER_HOME/checkpoints/Qwen0.6B_Qwen8B/prefix_overlap/po_prob_gradclip10_lr1e-5_wu20/ckpt_best,gsm8k_eval.jsonl,64,0.8,100,0,32,0.899578
$USER_HOME/checkpoints/Qwen0.6B_Qwen8B/prefix_overlap/po_prob_gradclip10_lr1e-5_wu20/ckpt_best,gsm8k_eval.jsonl,64,0.8,100,0,64,0.930000
$USER_HOME/checkpoints/Qwen0.6B_Qwen8B/prefix_overlap/po_prob_gradclip10_lr1e-5_wu20/ckpt_best,olympiad_eval.jsonl,64,0.8,100,0,1,0.072813
$USER_HOME/checkpoints/Qwen0.6B_Qwen8B/prefix_overlap/po_prob_gradclip10_lr1e-5_wu20/ckpt_best,olympiad_eval.jsonl,64,0.8,100,0,2,0.107505
$USER_HOME/checkpoints/Qwen0.6B_Qwen8B/prefix_overlap/po_prob_gradclip10_lr1e-5_wu20/ckpt_best,olympiad_eval.jsonl,64,0.8,100,0,4,0.139883
$USER_HOME/checkpoints/Qwen0.6B_Qwen8B/prefix_overlap/po_prob_gradclip10_lr1e-5_wu20/ckpt_best,olympiad_eval.jsonl,64,0.8,100,0,8,0.171522
$USER_HOME/checkpoints/Qwen0.6B_Qwen8B/prefix_overlap/po_prob_gradclip10_lr1e-5_wu20/ckpt_best,olympiad_eval.jsonl,64,0.8,100,0,16,0.208854
$USER_HOME/checkpoints/Qwen0.6B_Qwen8B/prefix_overlap/po_prob_gradclip10_lr1e-5_wu20/ckpt_best,olympiad_eval.jsonl,64,0.8,100,0,32,0.246809
$USER_HOME/checkpoints/Qwen0.6B_Qwen8B/prefix_overlap/po_prob_gradclip10_lr1e-5_wu20/ckpt_best,olympiad_eval.jsonl,64,0.8,100,0,64,0.280000
$USER_HOME/checkpoints/Qwen0.6B_Qwen8B/prefix_overlap/po_prob_ttemp0.5_lr1e-5_wu20/ckpt_best,math_eval.jsonl,64,0.8,100,0,1,0.227188
$USER_HOME/checkpoints/Qwen0.6B_Qwen8B/prefix_overlap/po_prob_ttemp0.5_lr1e-5_wu20/ckpt_best,math_eval.jsonl,64,0.8,100,0,2,0.304514
$USER_HOME/checkpoints/Qwen0.6B_Qwen8B/prefix_overlap/po_prob_ttemp0.5_lr1e-5_wu20/ckpt_best,math_eval.jsonl,64,0.8,100,0,4,0.376455
$USER_HOME/checkpoints/Qwen0.6B_Qwen8B/prefix_overlap/po_prob_ttemp0.5_lr1e-5_wu20/ckpt_best,math_eval.jsonl,64,0.8,100,0,8,0.441910
$USER_HOME/checkpoints/Qwen0.6B_Qwen8B/prefix_overlap/po_prob_ttemp0.5_lr1e-5_wu20/ckpt_best,math_eval.jsonl,64,0.8,100,0,16,0.501795
$USER_HOME/checkpoints/Qwen0.6B_Qwen8B/prefix_overlap/po_prob_ttemp0.5_lr1e-5_wu20/ckpt_best,math_eval.jsonl,64,0.8,100,0,32,0.556733
$USER_HOME/checkpoints/Qwen0.6B_Qwen8B/prefix_overlap/po_prob_ttemp0.5_lr1e-5_wu20/ckpt_best,math_eval.jsonl,64,0.8,100,0,64,0.600000
$USER_HOME/checkpoints/Qwen0.6B_Qwen8B/prefix_overlap/po_prob_ttemp0.5_lr1e-5_wu20/ckpt_best,gsm8k_eval.jsonl,64,0.8,100,0,1,0.562500
$USER_HOME/checkpoints/Qwen0.6B_Qwen8B/prefix_overlap/po_prob_ttemp0.5_lr1e-5_wu20/ckpt_best,gsm8k_eval.jsonl,64,0.8,100,0,2,0.680942
$USER_HOME/checkpoints/Qwen0.6B_Qwen8B/prefix_overlap/po_prob_ttemp0.5_lr1e-5_wu20/ckpt_best,gsm8k_eval.jsonl,64,0.8,100,0,4,0.759459
$USER_HOME/checkpoints/Qwen0.6B_Qwen8B/prefix_overlap/po_prob_ttemp0.5_lr1e-5_wu20/ckpt_best,gsm8k_eval.jsonl,64,0.8,100,0,8,0.821111
$USER_HOME/checkpoints/Qwen0.6B_Qwen8B/prefix_overlap/po_prob_ttemp0.5_lr1e-5_wu20/ckpt_best,gsm8k_eval.jsonl,64,0.8,100,0,16,0.870969
$USER_HOME/checkpoints/Qwen0.6B_Qwen8B/prefix_overlap/po_prob_ttemp0.5_lr1e-5_wu20/ckpt_best,gsm8k_eval.jsonl,64,0.8,100,0,32,0.906951
$USER_HOME/checkpoints/Qwen0.6B_Qwen8B/prefix_overlap/po_prob_ttemp0.5_lr1e-5_wu20/ckpt_best,gsm8k_eval.jsonl,64,0.8,100,0,64,0.940000
$USER_HOME/checkpoints/Qwen0.6B_Qwen8B/prefix_overlap/po_prob_ttemp0.5_lr1e-5_wu20/ckpt_best,olympiad_eval.jsonl,64,0.8,100,0,1,0.085469
$USER_HOME/checkpoints/Qwen0.6B_Qwen8B/prefix_overlap/po_prob_ttemp0.5_lr1e-5_wu20/ckpt_best,olympiad_eval.jsonl,64,0.8,100,0,2,0.122431
$USER_HOME/checkpoints/Qwen0.6B_Qwen8B/prefix_overlap/po_prob_ttemp0.5_lr1e-5_wu20/ckpt_best,olympiad_eval.jsonl,64,0.8,100,0,4,0.157435
$USER_HOME/checkpoints/Qwen0.6B_Qwen8B/prefix_overlap/po_prob_ttemp0.5_lr1e-5_wu20/ckpt_best,olympiad_eval.jsonl,64,0.8,100,0,8,0.193994
$USER_HOME/checkpoints/Qwen0.6B_Qwen8B/prefix_overlap/po_prob_ttemp0.5_lr1e-5_wu20/ckpt_best,olympiad_eval.jsonl,64,0.8,100,0,16,0.235843
$USER_HOME/checkpoints/Qwen0.6B_Qwen8B/prefix_overlap/po_prob_ttemp0.5_lr1e-5_wu20/ckpt_best,olympiad_eval.jsonl,64,0.8,100,0,32,0.274351
$USER_HOME/checkpoints/Qwen0.6B_Qwen8B/prefix_overlap/po_prob_ttemp0.5_lr1e-5_wu20/ckpt_best,olympiad_eval.jsonl,64,0.8,100,0,64,0.300000
$USER_HOME/checkpoints/Qwen0.6B_Qwen8B/prefix_overlap/po_prob_ttemp0.7_lr1e-5_wu20/ckpt_best,math_eval.jsonl,64,0.8,100,0,1,0.196563
$USER_HOME/checkpoints/Qwen0.6B_Qwen8B/prefix_overlap/po_prob_ttemp0.7_lr1e-5_wu20/ckpt_best,math_eval.jsonl,64,0.8,100,0,2,0.283507
$USER_HOME/checkpoints/Qwen0.6B_Qwen8B/prefix_overlap/po_prob_ttemp0.7_lr1e-5_wu20/ckpt_best,math_eval.jsonl,64,0.8,100,0,4,0.364236
$USER_HOME/checkpoints/Qwen0.6B_Qwen8B/prefix_overlap/po_prob_ttemp0.7_lr1e-5_wu20/ckpt_best,math_eval.jsonl,64,0.8,100,0,8,0.429742
$USER_HOME/checkpoints/Qwen0.6B_Qwen8B/prefix_overlap/po_prob_ttemp0.7_lr1e-5_wu20/ckpt_best,math_eval.jsonl,64,0.8,100,0,16,0.486985
$USER_HOME/checkpoints/Qwen0.6B_Qwen8B/prefix_overlap/po_prob_ttemp0.7_lr1e-5_wu20/ckpt_best,math_eval.jsonl,64,0.8,100,0,32,0.545538
$USER_HOME/checkpoints/Qwen0.6B_Qwen8B/prefix_overlap/po_prob_ttemp0.7_lr1e-5_wu20/ckpt_best,math_eval.jsonl,64,0.8,100,0,64,0.600000
$USER_HOME/checkpoints/Qwen0.6B_Qwen8B/prefix_overlap/po_prob_ttemp0.7_lr1e-5_wu20/ckpt_best,gsm8k_eval.jsonl,64,0.8,100,0,1,0.456719
$USER_HOME/checkpoints/Qwen0.6B_Qwen8B/prefix_overlap/po_prob_ttemp0.7_lr1e-5_wu20/ckpt_best,gsm8k_eval.jsonl,64,0.8,100,0,2,0.608834
$USER_HOME/checkpoints/Qwen0.6B_Qwen8B/prefix_overlap/po_prob_ttemp0.7_lr1e-5_wu20/ckpt_best,gsm8k_eval.jsonl,64,0.8,100,0,4,0.719357
$USER_HOME/checkpoints/Qwen0.6B_Qwen8B/prefix_overlap/po_prob_ttemp0.7_lr1e-5_wu20/ckpt_best,gsm8k_eval.jsonl,64,0.8,100,0,8,0.794627
$USER_HOME/checkpoints/Qwen0.6B_Qwen8B/prefix_overlap/po_prob_ttemp0.7_lr1e-5_wu20/ckpt_best,gsm8k_eval.jsonl,64,0.8,100,0,16,0.851583
$USER_HOME/checkpoints/Qwen0.6B_Qwen8B/prefix_overlap/po_prob_ttemp0.7_lr1e-5_wu20/ckpt_best,gsm8k_eval.jsonl,64,0.8,100,0,32,0.897564
$USER_HOME/checkpoints/Qwen0.6B_Qwen8B/prefix_overlap/po_prob_ttemp0.7_lr1e-5_wu20/ckpt_best,gsm8k_eval.jsonl,64,0.8,100,0,64,0.930000
$USER_HOME/checkpoints/Qwen0.6B_Qwen8B/prefix_overlap/po_prob_ttemp0.7_lr1e-5_wu20/ckpt_best,olympiad_eval.jsonl,64,0.8,100,0,1,0.075469
$USER_HOME/checkpoints/Qwen0.6B_Qwen8B/prefix_overlap/po_prob_ttemp0.7_lr1e-5_wu20/ckpt_best,olympiad_eval.jsonl,64,0.8,100,0,2,0.109534
$USER_HOME/checkpoints/Qwen0.6B_Qwen8B/prefix_overlap/po_prob_ttemp0.7_lr1e-5_wu20/ckpt_best,olympiad_eval.jsonl,64,0.8,100,0,4,0.141586
$USER_HOME/checkpoints/Qwen0.6B_Qwen8B/prefix_overlap/po_prob_ttemp0.7_lr1e-5_wu20/ckpt_best,olympiad_eval.jsonl,64,0.8,100,0,8,0.174559
$USER_HOME/checkpoints/Qwen0.6B_Qwen8B/prefix_overlap/po_prob_ttemp0.7_lr1e-5_wu20/ckpt_best,olympiad_eval.jsonl,64,0.8,100,0,16,0.211572
$USER_HOME/checkpoints/Qwen0.6B_Qwen8B/prefix_overlap/po_prob_ttemp0.7_lr1e-5_wu20/ckpt_best,olympiad_eval.jsonl,64,0.8,100,0,32,0.248885
$USER_HOME/checkpoints/Qwen0.6B_Qwen8B/prefix_overlap/po_prob_ttemp0.7_lr1e-5_wu20/ckpt_best,olympiad_eval.jsonl,64,0.8,100,0,64,0.280000
$USER_HOME/checkpoints/Qwen0.6B_Qwen8B/prefix_overlap/po_prob_M8_lr3e-6_wu20/ckpt_best,math_eval.jsonl,64,0.8,100,0,1,0.217031
$USER_HOME/checkpoints/Qwen0.6B_Qwen8B/prefix_overlap/po_prob_M8_lr3e-6_wu20/ckpt_best,math_eval.jsonl,64,0.8,100,0,2,0.295322
$USER_HOME/checkpoints/Qwen0.6B_Qwen8B/prefix_overlap/po_prob_M8_lr3e-6_wu20/ckpt_best,math_eval.jsonl,64,0.8,100,0,4,0.368806
$USER_HOME/checkpoints/Qwen0.6B_Qwen8B/prefix_overlap/po_prob_M8_lr3e-6_wu20/ckpt_best,math_eval.jsonl,64,0.8,100,0,8,0.435146
$USER_HOME/checkpoints/Qwen0.6B_Qwen8B/prefix_overlap/po_prob_M8_lr3e-6_wu20/ckpt_best,math_eval.jsonl,64,0.8,100,0,16,0.494377
$USER_HOME/checkpoints/Qwen0.6B_Qwen8B/prefix_overlap/po_prob_M8_lr3e-6_wu20/ckpt_best,math_eval.jsonl,64,0.8,100,0,32,0.549639
$USER_HOME/checkpoints/Qwen0.6B_Qwen8B/prefix_overlap/po_prob_M8_lr3e-6_wu20/ckpt_best,math_eval.jsonl,64,0.8,100,0,64,0.600000
$USER_HOME/checkpoints/Qwen0.6B_Qwen8B/prefix_overlap/po_prob_M8_lr3e-6_wu20/ckpt_best,gsm8k_eval.jsonl,64,0.8,100,0,1,0.527031
$USER_HOME/checkpoints/Qwen0.6B_Qwen8B/prefix_overlap/po_prob_M8_lr3e-6_wu20/ckpt_best,gsm8k_eval.jsonl,64,0.8,100,0,2,0.661820
$USER_HOME/checkpoints/Qwen0.6B_Qwen8B/prefix_overlap/po_prob_M8_lr3e-6_wu20/ckpt_best,gsm8k_eval.jsonl,64,0.8,100,0,4,0.753400
$USER_HOME/checkpoints/Qwen0.6B_Qwen8B/prefix_overlap/po_prob_M8_lr3e-6_wu20/ckpt_best,gsm8k_eval.jsonl,64,0.8,100,0,8,0.818579
$USER_HOME/checkpoints/Qwen0.6B_Qwen8B/prefix_overlap/po_prob_M8_lr3e-6_wu20/ckpt_best,gsm8k_eval.jsonl,64,0.8,100,0,16,0.872733
$USER_HOME/checkpoints/Qwen0.6B_Qwen8B/prefix_overlap/po_prob_M8_lr3e-6_wu20/ckpt_best,gsm8k_eval.jsonl,64,0.8,100,0,32,0.916386
$USER_HOME/checkpoints/Qwen0.6B_Qwen8B/prefix_overlap/po_prob_M8_lr3e-6_wu20/ckpt_best,gsm8k_eval.jsonl,64,0.8,100,0,64,0.940000
$USER_HOME/checkpoints/Qwen0.6B_Qwen8B/prefix_overlap/po_prob_M8_lr3e-6_wu20/ckpt_best,olympiad_eval.jsonl,64,0.8,100,0,1,0.079688
$USER_HOME/checkpoints/Qwen0.6B_Qwen8B/prefix_overlap/po_prob_M8_lr3e-6_wu20/ckpt_best,olympiad_eval.jsonl,64,0.8,100,0,2,0.115491
$USER_HOME/checkpoints/Qwen0.6B_Qwen8B/prefix_overlap/po_prob_M8_lr3e-6_wu20/ckpt_best,olympiad_eval.jsonl,64,0.8,100,0,4,0.149245
$USER_HOME/checkpoints/Qwen0.6B_Qwen8B/prefix_overlap/po_prob_M8_lr3e-6_wu20/ckpt_best,olympiad_eval.jsonl,64,0.8,100,0,8,0.182931
$USER_HOME/checkpoints/Qwen0.6B_Qwen8B/prefix_overlap/po_prob_M8_lr3e-6_wu20/ckpt_best,olympiad_eval.jsonl,64,0.8,100,0,16,0.218992
$USER_HOME/checkpoints/Qwen0.6B_Qwen8B/prefix_overlap/po_prob_M8_lr3e-6_wu20/ckpt_best,olympiad_eval.jsonl,64,0.8,100,0,32,0.251992
$USER_HOME/checkpoints/Qwen0.6B_Qwen8B/prefix_overlap/po_prob_M8_lr3e-6_wu20/ckpt_best,olympiad_eval.jsonl,64,0.8,100,0,64,0.280000
$USER_HOME/checkpoints/Qwen0.6B_Qwen8B/prefix_overlap/po_prob_M16_lr3e-6_wu20/ckpt_best,math_eval.jsonl,64,0.8,100,0,1,0.228750
$USER_HOME/checkpoints/Qwen0.6B_Qwen8B/prefix_overlap/po_prob_M16_lr3e-6_wu20/ckpt_best,math_eval.jsonl,64,0.8,100,0,2,0.307470
$USER_HOME/checkpoints/Qwen0.6B_Qwen8B/prefix_overlap/po_prob_M16_lr3e-6_wu20/ckpt_best,math_eval.jsonl,64,0.8,100,0,4,0.378832
$USER_HOME/checkpoints/Qwen0.6B_Qwen8B/prefix_overlap/po_prob_M16_lr3e-6_wu20/ckpt_best,math_eval.jsonl,64,0.8,100,0,8,0.438603
$USER_HOME/checkpoints/Qwen0.6B_Qwen8B/prefix_overlap/po_prob_M16_lr3e-6_wu20/ckpt_best,math_eval.jsonl,64,0.8,100,0,16,0.490966
$USER_HOME/checkpoints/Qwen0.6B_Qwen8B/prefix_overlap/po_prob_M16_lr3e-6_wu20/ckpt_best,math_eval.jsonl,64,0.8,100,0,32,0.540911
$USER_HOME/checkpoints/Qwen0.6B_Qwen8B/prefix_overlap/po_prob_M16_lr3e-6_wu20/ckpt_best,math_eval.jsonl,64,0.8,100,0,64,0.590000
$USER_HOME/checkpoints/Qwen0.6B_Qwen8B/prefix_overlap/po_prob_M16_lr3e-6_wu20/ckpt_best,gsm8k_eval.jsonl,64,0.8,100,0,1,0.545313
$USER_HOME/checkpoints/Qwen0.6B_Qwen8B/prefix_overlap/po_prob_M16_lr3e-6_wu20/ckpt_best,gsm8k_eval.jsonl,64,0.8,100,0,2,0.669484
$USER_HOME/checkpoints/Qwen0.6B_Qwen8B/prefix_overlap/po_prob_M16_lr3e-6_wu20/ckpt_best,gsm8k_eval.jsonl,64,0.8,100,0,4,0.752640
$USER_HOME/checkpoints/Qwen0.6B_Qwen8B/prefix_overlap/po_prob_M16_lr3e-6_wu20/ckpt_best,gsm8k_eval.jsonl,64,0.8,100,0,8,0.815046
$USER_HOME/checkpoints/Qwen0.6B_Qwen8B/prefix_overlap/po_prob_M16_lr3e-6_wu20/ckpt_best,gsm8k_eval.jsonl,64,0.8,100,0,16,0.869276
$USER_HOME/checkpoints/Qwen0.6B_Qwen8B/prefix_overlap/po_prob_M16_lr3e-6_wu20/ckpt_best,gsm8k_eval.jsonl,64,0.8,100,0,32,0.911930
$USER_HOME/checkpoints/Qwen0.6B_Qwen8B/prefix_overlap/po_prob_M16_lr3e-6_wu20/ckpt_best,gsm8k_eval.jsonl,64,0.8,100,0,64,0.940000
$USER_HOME/checkpoints/Qwen0.6B_Qwen8B/prefix_overlap/po_prob_M16_lr3e-6_wu20/ckpt_best,olympiad_eval.jsonl,64,0.8,100,0,1,0.084687
$USER_HOME/checkpoints/Qwen0.6B_Qwen8B/prefix_overlap/po_prob_M16_lr3e-6_wu20/ckpt_best,olympiad_eval.jsonl,64,0.8,100,0,2,0.119802
$USER_HOME/checkpoints/Qwen0.6B_Qwen8B/prefix_overlap/po_prob_M16_lr3e-6_wu20/ckpt_best,olympiad_eval.jsonl,64,0.8,100,0,4,0.153479
$USER_HOME/checkpoints/Qwen0.6B_Qwen8B/prefix_overlap/po_prob_M16_lr3e-6_wu20/ckpt_best,olympiad_eval.jsonl,64,0.8,100,0,8,0.190455
$USER_HOME/checkpoints/Qwen0.6B_Qwen8B/prefix_overlap/po_prob_M16_lr3e-6_wu20/ckpt_best,olympiad_eval.jsonl,64,0.8,100,0,16,0.235433
$USER_HOME/checkpoints/Qwen0.6B_Qwen8B/prefix_overlap/po_prob_M16_lr3e-6_wu20/ckpt_best,olympiad_eval.jsonl,64,0.8,100,0,32,0.284532
$USER_HOME/checkpoints/Qwen0.6B_Qwen8B/prefix_overlap/po_prob_M16_lr3e-6_wu20/ckpt_best,olympiad_eval.jsonl,64,0.8,100,0,64,0.330000
$USER_HOME/checkpoints/Qwen0.6B_Qwen8B/prefix_overlap/po_prob_ceanneal3000_auxw0.5_lr3e-6_wu20/ckpt_best,math_eval.jsonl,64,0.8,100,0,1,0.228125
$USER_HOME/checkpoints/Qwen0.6B_Qwen8B/prefix_overlap/po_prob_ceanneal3000_auxw0.5_lr3e-6_wu20/ckpt_best,math_eval.jsonl,64,0.8,100,0,2,0.306830
$USER_HOME/checkpoints/Qwen0.6B_Qwen8B/prefix_overlap/po_prob_ceanneal3000_auxw0.5_lr3e-6_wu20/ckpt_best,math_eval.jsonl,64,0.8,100,0,4,0.378399
$USER_HOME/checkpoints/Qwen0.6B_Qwen8B/prefix_overlap/po_prob_ceanneal3000_auxw0.5_lr3e-6_wu20/ckpt_best,math_eval.jsonl,64,0.8,100,0,8,0.441265
$USER_HOME/checkpoints/Qwen0.6B_Qwen8B/prefix_overlap/po_prob_ceanneal3000_auxw0.5_lr3e-6_wu20/ckpt_best,math_eval.jsonl,64,0.8,100,0,16,0.498496
$USER_HOME/checkpoints/Qwen0.6B_Qwen8B/prefix_overlap/po_prob_ceanneal3000_auxw0.5_lr3e-6_wu20/ckpt_best,math_eval.jsonl,64,0.8,100,0,32,0.551352
$USER_HOME/checkpoints/Qwen0.6B_Qwen8B/prefix_overlap/po_prob_ceanneal3000_auxw0.5_lr3e-6_wu20/ckpt_best,math_eval.jsonl,64,0.8,100,0,64,0.610000
$USER_HOME/checkpoints/Qwen0.6B_Qwen8B/prefix_overlap/po_prob_ceanneal3000_auxw0.5_lr3e-6_wu20/ckpt_best,gsm8k_eval.jsonl,64,0.8,100,0,1,0.527344
$USER_HOME/checkpoints/Qwen0.6B_Qwen8B/prefix_overlap/po_prob_ceanneal3000_auxw0.5_lr3e-6_wu20/ckpt_best,gsm8k_eval.jsonl,64,0.8,100,0,2,0.665595
$USER_HOME/checkpoints/Qwen0.6B_Qwen8B/prefix_overlap/po_prob_ceanneal3000_auxw0.5_lr3e-6_wu20/ckpt_best,gsm8k_eval.jsonl,64,0.8,100,0,4,0.755553
$USER_HOME/checkpoints/Qwen0.6B_Qwen8B/prefix_overlap/po_prob_ceanneal3000_auxw0.5_lr3e-6_wu20/ckpt_best,gsm8k_eval.jsonl,64,0.8,100,0,8,0.819851
$USER_HOME/checkpoints/Qwen0.6B_Qwen8B/prefix_overlap/po_prob_ceanneal3000_auxw0.5_lr3e-6_wu20/ckpt_best,gsm8k_eval.jsonl,64,0.8,100,0,16,0.871432
$USER_HOME/checkpoints/Qwen0.6B_Qwen8B/prefix_overlap/po_prob_ceanneal3000_auxw0.5_lr3e-6_wu20/ckpt_best,gsm8k_eval.jsonl,64,0.8,100,0,32,0.907977
$USER_HOME/checkpoints/Qwen0.6B_Qwen8B/prefix_overlap/po_prob_ceanneal3000_auxw0.5_lr3e-6_wu20/ckpt_best,gsm8k_eval.jsonl,64,0.8,100,0,64,0.930000
$USER_HOME/checkpoints/Qwen0.6B_Qwen8B/prefix_overlap/po_prob_ceanneal3000_auxw0.5_lr3e-6_wu20/ckpt_best,olympiad_eval.jsonl,64,0.8,100,0,1,0.083750
$USER_HOME/checkpoints/Qwen0.6B_Qwen8B/prefix_overlap/po_prob_ceanneal3000_auxw0.5_lr3e-6_wu20/ckpt_best,olympiad_eval.jsonl,64,0.8,100,0,2,0.118313
$USER_HOME/checkpoints/Qwen0.6B_Qwen8B/prefix_overlap/po_prob_ceanneal3000_auxw0.5_lr3e-6_wu20/ckpt_best,olympiad_eval.jsonl,64,0.8,100,0,4,0.150337
$USER_HOME/checkpoints/Qwen0.6B_Qwen8B/prefix_overlap/po_prob_ceanneal3000_auxw0.5_lr3e-6_wu20/ckpt_best,olympiad_eval.jsonl,64,0.8,100,0,8,0.184851
$USER_HOME/checkpoints/Qwen0.6B_Qwen8B/prefix_overlap/po_prob_ceanneal3000_auxw0.5_lr3e-6_wu20/ckpt_best,olympiad_eval.jsonl,64,0.8,100,0,16,0.227549
$USER_HOME/checkpoints/Qwen0.6B_Qwen8B/prefix_overlap/po_prob_ceanneal3000_auxw0.5_lr3e-6_wu20/ckpt_best,olympiad_eval.jsonl,64,0.8,100,0,32,0.274730
$USER_HOME/checkpoints/Qwen0.6B_Qwen8B/prefix_overlap/po_prob_ceanneal3000_auxw0.5_lr3e-6_wu20/ckpt_best,olympiad_eval.jsonl,64,0.8,100,0,64,0.310000
/home/colligo/local_ckpts/prefix_overlap/po_prob_multiroot_N8_lr1e-5_wu20/ckpt_best,math_eval.jsonl,64,0.8,100,0,1,0.174375
/home/colligo/local_ckpts/prefix_overlap/po_prob_multiroot_N8_lr1e-5_wu20/ckpt_best,math_eval.jsonl,64,0.8,100,0,2,0.260233
/home/colligo/local_ckpts/prefix_overlap/po_prob_multiroot_N8_lr1e-5_wu20/ckpt_best,math_eval.jsonl,64,0.8,100,0,4,0.344142
/home/colligo/local_ckpts/prefix_overlap/po_prob_multiroot_N8_lr1e-5_wu20/ckpt_best,math_eval.jsonl,64,0.8,100,0,8,0.412747
/home/colligo/local_ckpts/prefix_overlap/po_prob_multiroot_N8_lr1e-5_wu20/ckpt_best,math_eval.jsonl,64,0.8,100,0,16,0.466825
/home/colligo/local_ckpts/prefix_overlap/po_prob_multiroot_N8_lr1e-5_wu20/ckpt_best,math_eval.jsonl,64,0.8,100,0,32,0.519003
/home/colligo/local_ckpts/prefix_overlap/po_prob_multiroot_N8_lr1e-5_wu20/ckpt_best,math_eval.jsonl,64,0.8,100,0,64,0.580000
/home/colligo/local_ckpts/prefix_overlap/po_prob_multiroot_N8_lr1e-5_wu20/ckpt_best,gsm8k_eval.jsonl,64,0.8,100,0,1,0.411719
/home/colligo/local_ckpts/prefix_overlap/po_prob_multiroot_N8_lr1e-5_wu20/ckpt_best,gsm8k_eval.jsonl,64,0.8,100,0,2,0.573819
/home/colligo/local_ckpts/prefix_overlap/po_prob_multiroot_N8_lr1e-5_wu20/ckpt_best,gsm8k_eval.jsonl,64,0.8,100,0,4,0.700114
/home/colligo/local_ckpts/prefix_overlap/po_prob_multiroot_N8_lr1e-5_wu20/ckpt_best,gsm8k_eval.jsonl,64,0.8,100,0,8,0.787220
/home/colligo/local_ckpts/prefix_overlap/po_prob_multiroot_N8_lr1e-5_wu20/ckpt_best,gsm8k_eval.jsonl,64,0.8,100,0,16,0.852455
/home/colligo/local_ckpts/prefix_overlap/po_prob_multiroot_N8_lr1e-5_wu20/ckpt_best,gsm8k_eval.jsonl,64,0.8,100,0,32,0.900100
/home/colligo/local_ckpts/prefix_overlap/po_prob_multiroot_N8_lr1e-5_wu20/ckpt_best,gsm8k_eval.jsonl,64,0.8,100,0,64,0.930000
/home/colligo/local_ckpts/prefix_overlap/po_prob_multiroot_N8_lr1e-5_wu20/ckpt_best,olympiad_eval.jsonl,64,0.8,100,0,1,0.070313
/home/colligo/local_ckpts/prefix_overlap/po_prob_multiroot_N8_lr1e-5_wu20/ckpt_best,olympiad_eval.jsonl,64,0.8,100,0,2,0.104459
/home/colligo/local_ckpts/prefix_overlap/po_prob_multiroot_N8_lr1e-5_wu20/ckpt_best,olympiad_eval.jsonl,64,0.8,100,0,4,0.136924
/home/colligo/local_ckpts/prefix_overlap/po_prob_multiroot_N8_lr1e-5_wu20/ckpt_best,olympiad_eval.jsonl,64,0.8,100,0,8,0.168547
/home/colligo/local_ckpts/prefix_overlap/po_prob_multiroot_N8_lr1e-5_wu20/ckpt_best,olympiad_eval.jsonl,64,0.8,100,0,16,0.206536
/home/colligo/local_ckpts/prefix_overlap/po_prob_multiroot_N8_lr1e-5_wu20/ckpt_best,olympiad_eval.jsonl,64,0.8,100,0,32,0.252362
/home/colligo/local_ckpts/prefix_overlap/po_prob_multiroot_N8_lr1e-5_wu20/ckpt_best,olympiad_eval.jsonl,64,0.8,100,0,64,0.300000
$USER_HOME/checkpoints/Qwen0.6B_Qwen8B/prefix_overlap/po_prob_multiroot_N16_freshM1_lr1e-5_wu20/ckpt_best,math_eval.jsonl,64,0.8,100,0,1,0.240156
$USER_HOME/checkpoints/Qwen0.6B_Qwen8B/prefix_overlap/po_prob_multiroot_N16_freshM1_lr1e-5_wu20/ckpt_best,math_eval.jsonl,64,0.8,100,0,2,0.305372
$USER_HOME/checkpoints/Qwen0.6B_Qwen8B/prefix_overlap/po_prob_multiroot_N16_freshM1_lr1e-5_wu20/ckpt_best,math_eval.jsonl,64,0.8,100,0,4,0.367210
$USER_HOME/checkpoints/Qwen0.6B_Qwen8B/prefix_overlap/po_prob_multiroot_N16_freshM1_lr1e-5_wu20/ckpt_best,math_eval.jsonl,64,0.8,100,0,8,0.428380
$USER_HOME/checkpoints/Qwen0.6B_Qwen8B/prefix_overlap/po_prob_multiroot_N16_freshM1_lr1e-5_wu20/ckpt_best,math_eval.jsonl,64,0.8,100,0,16,0.484295
$USER_HOME/checkpoints/Qwen0.6B_Qwen8B/prefix_overlap/po_prob_multiroot_N16_freshM1_lr1e-5_wu20/ckpt_best,math_eval.jsonl,64,0.8,100,0,32,0.534041
$USER_HOME/checkpoints/Qwen0.6B_Qwen8B/prefix_overlap/po_prob_multiroot_N16_freshM1_lr1e-5_wu20/ckpt_best,math_eval.jsonl,64,0.8,100,0,64,0.580000
$USER_HOME/checkpoints/Qwen0.6B_Qwen8B/prefix_overlap/po_prob_multiroot_N16_freshM1_lr1e-5_wu20/ckpt_best,gsm8k_eval.jsonl,64,0.8,100,0,1,0.555000
$USER_HOME/checkpoints/Qwen0.6B_Qwen8B/prefix_overlap/po_prob_multiroot_N16_freshM1_lr1e-5_wu20/ckpt_best,gsm8k_eval.jsonl,64,0.8,100,0,2,0.650977
$USER_HOME/checkpoints/Qwen0.6B_Qwen8B/prefix_overlap/po_prob_multiroot_N16_freshM1_lr1e-5_wu20/ckpt_best,gsm8k_eval.jsonl,64,0.8,100,0,4,0.717825
$USER_HOME/checkpoints/Qwen0.6B_Qwen8B/prefix_overlap/po_prob_multiroot_N16_freshM1_lr1e-5_wu20/ckpt_best,gsm8k_eval.jsonl,64,0.8,100,0,8,0.773086
$USER_HOME/checkpoints/Qwen0.6B_Qwen8B/prefix_overlap/po_prob_multiroot_N16_freshM1_lr1e-5_wu20/ckpt_best,gsm8k_eval.jsonl,64,0.8,100,0,16,0.819740
$USER_HOME/checkpoints/Qwen0.6B_Qwen8B/prefix_overlap/po_prob_multiroot_N16_freshM1_lr1e-5_wu20/ckpt_best,gsm8k_eval.jsonl,64,0.8,100,0,32,0.851880
$USER_HOME/checkpoints/Qwen0.6B_Qwen8B/prefix_overlap/po_prob_multiroot_N16_freshM1_lr1e-5_wu20/ckpt_best,gsm8k_eval.jsonl,64,0.8,100,0,64,0.870000
$USER_HOME/checkpoints/Qwen0.6B_Qwen8B/prefix_overlap/po_prob_multiroot_N16_freshM1_lr1e-5_wu20/ckpt_best,olympiad_eval.jsonl,64,0.8,100,0,1,0.077031
$USER_HOME/checkpoints/Qwen0.6B_Qwen8B/prefix_overlap/po_prob_multiroot_N16_freshM1_lr1e-5_wu20/ckpt_best,olympiad_eval.jsonl,64,0.8,100,0,2,0.112535
$USER_HOME/checkpoints/Qwen0.6B_Qwen8B/prefix_overlap/po_prob_multiroot_N16_freshM1_lr1e-5_wu20/ckpt_best,olympiad_eval.jsonl,64,0.8,100,0,4,0.154565
$USER_HOME/checkpoints/Qwen0.6B_Qwen8B/prefix_overlap/po_prob_multiroot_N16_freshM1_lr1e-5_wu20/ckpt_best,olympiad_eval.jsonl,64,0.8,100,0,8,0.203610
$USER_HOME/checkpoints/Qwen0.6B_Qwen8B/prefix_overlap/po_prob_multiroot_N16_freshM1_lr1e-5_wu20/ckpt_best,olympiad_eval.jsonl,64,0.8,100,0,16,0.254637
$USER_HOME/checkpoints/Qwen0.6B_Qwen8B/prefix_overlap/po_prob_multiroot_N16_freshM1_lr1e-5_wu20/ckpt_best,olympiad_eval.jsonl,64,0.8,100,0,32,0.298001
$USER_HOME/checkpoints/Qwen0.6B_Qwen8B/prefix_overlap/po_prob_multiroot_N16_freshM1_lr1e-5_wu20/ckpt_best,olympiad_eval.jsonl,64,0.8,100,0,64,0.330000
/home/colligo/local_ckpts/prefix_overlap/po_prob_multiroot_N16_freshM1_ceanneal3000_auxw0.5_lr1e-5_wu20/ckpt_best,math_eval.jsonl,64,0.8,100,0,1,0.238438
/home/colligo/local_ckpts/prefix_overlap/po_prob_multiroot_N16_freshM1_ceanneal3000_auxw0.5_lr1e-5_wu20/ckpt_best,math_eval.jsonl,64,0.8,100,0,2,0.309390
/home/colligo/local_ckpts/prefix_overlap/po_prob_multiroot_N16_freshM1_ceanneal3000_auxw0.5_lr1e-5_wu20/ckpt_best,math_eval.jsonl,64,0.8,100,0,4,0.372049
/home/colligo/local_ckpts/prefix_overlap/po_prob_multiroot_N16_freshM1_ceanneal3000_auxw0.5_lr1e-5_wu20/ckpt_best,math_eval.jsonl,64,0.8,100,0,8,0.431715
/home/colligo/local_ckpts/prefix_overlap/po_prob_multiroot_N16_freshM1_ceanneal3000_auxw0.5_lr1e-5_wu20/ckpt_best,math_eval.jsonl,64,0.8,100,0,16,0.489892
/home/colligo/local_ckpts/prefix_overlap/po_prob_multiroot_N16_freshM1_ceanneal3000_auxw0.5_lr1e-5_wu20/ckpt_best,math_eval.jsonl,64,0.8,100,0,32,0.544671
/home/colligo/local_ckpts/prefix_overlap/po_prob_multiroot_N16_freshM1_ceanneal3000_auxw0.5_lr1e-5_wu20/ckpt_best,math_eval.jsonl,64,0.8,100,0,64,0.600000
/home/colligo/local_ckpts/prefix_overlap/po_prob_multiroot_N16_freshM1_ceanneal3000_auxw0.5_lr1e-5_wu20/ckpt_best,gsm8k_eval.jsonl,64,0.8,100,0,1,0.548438
/home/colligo/local_ckpts/prefix_overlap/po_prob_multiroot_N16_freshM1_ceanneal3000_auxw0.5_lr1e-5_wu20/ckpt_best,gsm8k_eval.jsonl,64,0.8,100,0,2,0.654965
/home/colligo/local_ckpts/prefix_overlap/po_prob_multiroot_N16_freshM1_ceanneal3000_auxw0.5_lr1e-5_wu20/ckpt_best,gsm8k_eval.jsonl,64,0.8,100,0,4,0.728401
/home/colligo/local_ckpts/prefix_overlap/po_prob_multiroot_N16_freshM1_ceanneal3000_auxw0.5_lr1e-5_wu20/ckpt_best,gsm8k_eval.jsonl,64,0.8,100,0,8,0.788592
/home/colligo/local_ckpts/prefix_overlap/po_prob_multiroot_N16_freshM1_ceanneal3000_auxw0.5_lr1e-5_wu20/ckpt_best,gsm8k_eval.jsonl,64,0.8,100,0,16,0.837036
/home/colligo/local_ckpts/prefix_overlap/po_prob_multiroot_N16_freshM1_ceanneal3000_auxw0.5_lr1e-5_wu20/ckpt_best,gsm8k_eval.jsonl,64,0.8,100,0,32,0.871056
/home/colligo/local_ckpts/prefix_overlap/po_prob_multiroot_N16_freshM1_ceanneal3000_auxw0.5_lr1e-5_wu20/ckpt_best,gsm8k_eval.jsonl,64,0.8,100,0,64,0.900000
/home/colligo/local_ckpts/prefix_overlap/po_prob_multiroot_N16_freshM1_ceanneal3000_auxw0.5_lr1e-5_wu20/ckpt_best,olympiad_eval.jsonl,64,0.8,100,0,1,0.077656
/home/colligo/local_ckpts/prefix_overlap/po_prob_multiroot_N16_freshM1_ceanneal3000_auxw0.5_lr1e-5_wu20/ckpt_best,olympiad_eval.jsonl,64,0.8,100,0,2,0.111121
/home/colligo/local_ckpts/prefix_overlap/po_prob_multiroot_N16_freshM1_ceanneal3000_auxw0.5_lr1e-5_wu20/ckpt_best,olympiad_eval.jsonl,64,0.8,100,0,4,0.146856
/home/colligo/local_ckpts/prefix_overlap/po_prob_multiroot_N16_freshM1_ceanneal3000_auxw0.5_lr1e-5_wu20/ckpt_best,olympiad_eval.jsonl,64,0.8,100,0,8,0.185706
/home/colligo/local_ckpts/prefix_overlap/po_prob_multiroot_N16_freshM1_ceanneal3000_auxw0.5_lr1e-5_wu20/ckpt_best,olympiad_eval.jsonl,64,0.8,100,0,16,0.226968
/home/colligo/local_ckpts/prefix_overlap/po_prob_multiroot_N16_freshM1_ceanneal3000_auxw0.5_lr1e-5_wu20/ckpt_best,olympiad_eval.jsonl,64,0.8,100,0,32,0.265993
/home/colligo/local_ckpts/prefix_overlap/po_prob_multiroot_N16_freshM1_ceanneal3000_auxw0.5_lr1e-5_wu20/ckpt_best,olympiad_eval.jsonl,64,0.8,100,0,64,0.300000
/home/colligo/local_ckpts/prefix_overlap/po_prob_multiroot_N16_freshM2_lr1e-05_wu20/ckpt_best,gsm8k_eval.jsonl,64,0.8,100,0,1,0.534063
/home/colligo/local_ckpts/prefix_overlap/po_prob_multiroot_N16_freshM2_lr1e-05_wu20/ckpt_best,gsm8k_eval.jsonl,64,0.8,100,0,2,0.653065
/home/colligo/local_ckpts/prefix_overlap/po_prob_multiroot_N16_freshM2_lr1e-05_wu20/ckpt_best,gsm8k_eval.jsonl,64,0.8,100,0,4,0.729895
/home/colligo/local_ckpts/prefix_overlap/po_prob_multiroot_N16_freshM2_lr1e-05_wu20/ckpt_best,gsm8k_eval.jsonl,64,0.8,100,0,8,0.787356
/home/colligo/local_ckpts/prefix_overlap/po_prob_multiroot_N16_freshM2_lr1e-05_wu20/ckpt_best,gsm8k_eval.jsonl,64,0.8,100,0,16,0.839696
/home/colligo/local_ckpts/prefix_overlap/po_prob_multiroot_N16_freshM2_lr1e-05_wu20/ckpt_best,gsm8k_eval.jsonl,64,0.8,100,0,32,0.881179
/home/colligo/local_ckpts/prefix_overlap/po_prob_multiroot_N16_freshM2_lr1e-05_wu20/ckpt_best,gsm8k_eval.jsonl,64,0.8,100,0,64,0.910000
/home/colligo/local_ckpts/prefix_overlap/po_prob_multiroot_N16_freshM2_lr1e-05_wu20/ckpt_best,math_eval.jsonl,64,0.8,100,0,1,0.239844
/home/colligo/local_ckpts/prefix_overlap/po_prob_multiroot_N16_freshM2_lr1e-05_wu20/ckpt_best,math_eval.jsonl,64,0.8,100,0,2,0.312758
/home/colligo/local_ckpts/prefix_overlap/po_prob_multiroot_N16_freshM2_lr1e-05_wu20/ckpt_best,math_eval.jsonl,64,0.8,100,0,4,0.379438
/home/colligo/local_ckpts/prefix_overlap/po_prob_multiroot_N16_freshM2_lr1e-05_wu20/ckpt_best,math_eval.jsonl,64,0.8,100,0,8,0.441168
/home/colligo/local_ckpts/prefix_overlap/po_prob_multiroot_N16_freshM2_lr1e-05_wu20/ckpt_best,math_eval.jsonl,64,0.8,100,0,16,0.498759
/home/colligo/local_ckpts/prefix_overlap/po_prob_multiroot_N16_freshM2_lr1e-05_wu20/ckpt_best,math_eval.jsonl,64,0.8,100,0,32,0.554707
/home/colligo/local_ckpts/prefix_overlap/po_prob_multiroot_N16_freshM2_lr1e-05_wu20/ckpt_best,math_eval.jsonl,64,0.8,100,0,64,0.610000
/home/colligo/local_ckpts/prefix_overlap/po_prob_multiroot_N32_freshM1_lr1e-5_wu20/ckpt_best,math_eval.jsonl,64,0.8,100,0,1,0.229844
/home/colligo/local_ckpts/prefix_overlap/po_prob_multiroot_N32_freshM1_lr1e-5_wu20/ckpt_best,math_eval.jsonl,64,0.8,100,0,2,0.305422
/home/colligo/local_ckpts/prefix_overlap/po_prob_multiroot_N32_freshM1_lr1e-5_wu20/ckpt_best,math_eval.jsonl,64,0.8,100,0,4,0.376737
/home/colligo/local_ckpts/prefix_overlap/po_prob_multiroot_N32_freshM1_lr1e-5_wu20/ckpt_best,math_eval.jsonl,64,0.8,100,0,8,0.441940
/home/colligo/local_ckpts/prefix_overlap/po_prob_multiroot_N32_freshM1_lr1e-5_wu20/ckpt_best,math_eval.jsonl,64,0.8,100,0,16,0.500314
/home/colligo/local_ckpts/prefix_overlap/po_prob_multiroot_N32_freshM1_lr1e-5_wu20/ckpt_best,math_eval.jsonl,64,0.8,100,0,32,0.550902
/home/colligo/local_ckpts/prefix_overlap/po_prob_multiroot_N32_freshM1_lr1e-5_wu20/ckpt_best,math_eval.jsonl,64,0.8,100,0,64,0.590000
/home/colligo/local_ckpts/prefix_overlap/po_prob_multiroot_N16_freshM2_lr1e-05_wu20/ckpt_best,olympiad_eval.jsonl,64,0.8,100,0,1,0.083906
/home/colligo/local_ckpts/prefix_overlap/po_prob_multiroot_N16_freshM2_lr1e-05_wu20/ckpt_best,olympiad_eval.jsonl,64,0.8,100,0,2,0.120962
/home/colligo/local_ckpts/prefix_overlap/po_prob_multiroot_N16_freshM2_lr1e-05_wu20/ckpt_best,olympiad_eval.jsonl,64,0.8,100,0,4,0.157035
/home/colligo/local_ckpts/prefix_overlap/po_prob_multiroot_N16_freshM2_lr1e-05_wu20/ckpt_best,olympiad_eval.jsonl,64,0.8,100,0,8,0.193242
/home/colligo/local_ckpts/prefix_overlap/po_prob_multiroot_N16_freshM2_lr1e-05_wu20/ckpt_best,olympiad_eval.jsonl,64,0.8,100,0,16,0.232889
/home/colligo/local_ckpts/prefix_overlap/po_prob_multiroot_N16_freshM2_lr1e-05_wu20/ckpt_best,olympiad_eval.jsonl,64,0.8,100,0,32,0.271515
/home/colligo/local_ckpts/prefix_overlap/po_prob_multiroot_N16_freshM2_lr1e-05_wu20/ckpt_best,olympiad_eval.jsonl,64,0.8,100,0,64,0.300000
/home/colligo/local_ckpts/prefix_overlap/po_prob_multiroot_N32_freshM1_lr1e-5_wu20/ckpt_best,gsm8k_eval.jsonl,64,0.8,100,0,1,0.532031
/home/colligo/local_ckpts/prefix_overlap/po_prob_multiroot_N32_freshM1_lr1e-5_wu20/ckpt_best,gsm8k_eval.jsonl,64,0.8,100,0,2,0.654876
/home/colligo/local_ckpts/prefix_overlap/po_prob_multiroot_N32_freshM1_lr1e-5_wu20/ckpt_best,gsm8k_eval.jsonl,64,0.8,100,0,4,0.738764
/home/colligo/local_ckpts/prefix_overlap/po_prob_multiroot_N32_freshM1_lr1e-5_wu20/ckpt_best,gsm8k_eval.jsonl,64,0.8,100,0,8,0.803916
/home/colligo/local_ckpts/prefix_overlap/po_prob_multiroot_N32_freshM1_lr1e-5_wu20/ckpt_best,gsm8k_eval.jsonl,64,0.8,100,0,16,0.861660
/home/colligo/local_ckpts/prefix_overlap/po_prob_multiroot_N32_freshM1_lr1e-5_wu20/ckpt_best,gsm8k_eval.jsonl,64,0.8,100,0,32,0.909570
/home/colligo/local_ckpts/prefix_overlap/po_prob_multiroot_N32_freshM1_lr1e-5_wu20/ckpt_best,gsm8k_eval.jsonl,64,0.8,100,0,64,0.940000
/home/colligo/local_ckpts/prefix_overlap/po_prob_multiroot_N32_freshM1_lr1e-5_wu20/ckpt_best,olympiad_eval.jsonl,64,0.8,100,0,1,0.089531
/home/colligo/local_ckpts/prefix_overlap/po_prob_multiroot_N32_freshM1_lr1e-5_wu20/ckpt_best,olympiad_eval.jsonl,64,0.8,100,0,2,0.126944
/home/colligo/local_ckpts/prefix_overlap/po_prob_multiroot_N32_freshM1_lr1e-5_wu20/ckpt_best,olympiad_eval.jsonl,64,0.8,100,0,4,0.163550
/home/colligo/local_ckpts/prefix_overlap/po_prob_multiroot_N32_freshM1_lr1e-5_wu20/ckpt_best,olympiad_eval.jsonl,64,0.8,100,0,8,0.202330
/home/colligo/local_ckpts/prefix_overlap/po_prob_multiroot_N32_freshM1_lr1e-5_wu20/ckpt_best,olympiad_eval.jsonl,64,0.8,100,0,16,0.243923
/home/colligo/local_ckpts/prefix_overlap/po_prob_multiroot_N32_freshM1_lr1e-5_wu20/ckpt_best,olympiad_eval.jsonl,64,0.8,100,0,32,0.279369
/home/colligo/local_ckpts/prefix_overlap/po_prob_multiroot_N32_freshM1_lr1e-5_wu20/ckpt_best,olympiad_eval.jsonl,64,0.8,100,0,64,0.310000
/home/colligo/local_ckpts/prefix_overlap/po_prob_lr1e-6_wu20_gradaccum16/ckpt_best,gsm8k_eval.jsonl,64,0.8,100,0,1,0.421719
/home/colligo/local_ckpts/prefix_overlap/po_prob_lr1e-6_wu20_gradaccum16/ckpt_best,gsm8k_eval.jsonl,64,0.8,100,0,2,0.585030
/home/colligo/local_ckpts/prefix_overlap/po_prob_lr1e-6_wu20_gradaccum16/ckpt_best,gsm8k_eval.jsonl,64,0.8,100,0,4,0.708934
/home/colligo/local_ckpts/prefix_overlap/po_prob_lr1e-6_wu20_gradaccum16/ckpt_best,gsm8k_eval.jsonl,64,0.8,100,0,8,0.790232
/home/colligo/local_ckpts/prefix_overlap/po_prob_lr1e-6_wu20_gradaccum16/ckpt_best,gsm8k_eval.jsonl,64,0.8,100,0,16,0.850567
/home/colligo/local_ckpts/prefix_overlap/po_prob_lr1e-6_wu20_gradaccum16/ckpt_best,gsm8k_eval.jsonl,64,0.8,100,0,32,0.902723
/home/colligo/local_ckpts/prefix_overlap/po_prob_lr1e-6_wu20_gradaccum16/ckpt_best,gsm8k_eval.jsonl,64,0.8,100,0,64,0.950000
/home/colligo/local_ckpts/prefix_overlap/po_prob_lr1e-6_wu20_gradaccum16/ckpt_best,math_eval.jsonl,64,0.8,100,0,1,0.166719
/home/colligo/local_ckpts/prefix_overlap/po_prob_lr1e-6_wu20_gradaccum16/ckpt_best,math_eval.jsonl,64,0.8,100,0,2,0.253586
/home/colligo/local_ckpts/prefix_overlap/po_prob_lr1e-6_wu20_gradaccum16/ckpt_best,math_eval.jsonl,64,0.8,100,0,4,0.342817
/home/colligo/local_ckpts/prefix_overlap/po_prob_lr1e-6_wu20_gradaccum16/ckpt_best,math_eval.jsonl,64,0.8,100,0,8,0.420706
/home/colligo/local_ckpts/prefix_overlap/po_prob_lr1e-6_wu20_gradaccum16/ckpt_best,math_eval.jsonl,64,0.8,100,0,16,0.481743
/home/colligo/local_ckpts/prefix_overlap/po_prob_lr1e-6_wu20_gradaccum16/ckpt_best,math_eval.jsonl,64,0.8,100,0,32,0.526992
/home/colligo/local_ckpts/prefix_overlap/po_prob_lr1e-6_wu20_gradaccum16/ckpt_best,math_eval.jsonl,64,0.8,100,0,64,0.560000
/home/colligo/local_ckpts/prefix_overlap/po_prob_lr1e-6_wu20_gradaccum16/ckpt_best,olympiad_eval.jsonl,64,0.8,100,0,1,0.062500
/home/colligo/local_ckpts/prefix_overlap/po_prob_lr1e-6_wu20_gradaccum16/ckpt_best,olympiad_eval.jsonl,64,0.8,100,0,2,0.096230
/home/colligo/local_ckpts/prefix_overlap/po_prob_lr1e-6_wu20_gradaccum16/ckpt_best,olympiad_eval.jsonl,64,0.8,100,0,4,0.131085
/home/colligo/local_ckpts/prefix_overlap/po_prob_lr1e-6_wu20_gradaccum16/ckpt_best,olympiad_eval.jsonl,64,0.8,100,0,8,0.166154
/home/colligo/local_ckpts/prefix_overlap/po_prob_lr1e-6_wu20_gradaccum16/ckpt_best,olympiad_eval.jsonl,64,0.8,100,0,16,0.206520
/home/colligo/local_ckpts/prefix_overlap/po_prob_lr1e-6_wu20_gradaccum16/ckpt_best,olympiad_eval.jsonl,64,0.8,100,0,32,0.250932
/home/colligo/local_ckpts/prefix_overlap/po_prob_lr1e-6_wu20_gradaccum16/ckpt_best,olympiad_eval.jsonl,64,0.8,100,0,64,0.300000
/home/colligo/local_ckpts/prefix_overlap/po_prob_lr1e-6_wu20_gradaccum32/ckpt_best,math_eval.jsonl,64,0.8,100,0,1,0.156094
/home/colligo/local_ckpts/prefix_overlap/po_prob_lr1e-6_wu20_gradaccum32/ckpt_best,math_eval.jsonl,64,0.8,100,0,2,0.240347
/home/colligo/local_ckpts/prefix_overlap/po_prob_lr1e-6_wu20_gradaccum32/ckpt_best,math_eval.jsonl,64,0.8,100,0,4,0.326055
/home/colligo/local_ckpts/prefix_overlap/po_prob_lr1e-6_wu20_gradaccum32/ckpt_best,math_eval.jsonl,64,0.8,100,0,8,0.398135
/home/colligo/local_ckpts/prefix_overlap/po_prob_lr1e-6_wu20_gradaccum32/ckpt_best,math_eval.jsonl,64,0.8,100,0,16,0.452526
/home/colligo/local_ckpts/prefix_overlap/po_prob_lr1e-6_wu20_gradaccum32/ckpt_best,math_eval.jsonl,64,0.8,100,0,32,0.493456
/home/colligo/local_ckpts/prefix_overlap/po_prob_lr1e-6_wu20_gradaccum32/ckpt_best,math_eval.jsonl,64,0.8,100,0,64,0.530000
/home/colligo/local_ckpts/prefix_overlap/po_prob_lr1e-6_wu20_gradaccum32/ckpt_best,gsm8k_eval.jsonl,64,0.8,100,0,1,0.382656
/home/colligo/local_ckpts/prefix_overlap/po_prob_lr1e-6_wu20_gradaccum32/ckpt_best,gsm8k_eval.jsonl,64,0.8,100,0,2,0.546543
/home/colligo/local_ckpts/prefix_overlap/po_prob_lr1e-6_wu20_gradaccum32/ckpt_best,gsm8k_eval.jsonl,64,0.8,100,0,4,0.680356
/home/colligo/local_ckpts/prefix_overlap/po_prob_lr1e-6_wu20_gradaccum32/ckpt_best,gsm8k_eval.jsonl,64,0.8,100,0,8,0.772507
/home/colligo/local_ckpts/prefix_overlap/po_prob_lr1e-6_wu20_gradaccum32/ckpt_best,gsm8k_eval.jsonl,64,0.8,100,0,16,0.840088
/home/colligo/local_ckpts/prefix_overlap/po_prob_lr1e-6_wu20_gradaccum32/ckpt_best,gsm8k_eval.jsonl,64,0.8,100,0,32,0.894201
/home/colligo/local_ckpts/prefix_overlap/po_prob_lr1e-6_wu20_gradaccum32/ckpt_best,gsm8k_eval.jsonl,64,0.8,100,0,64,0.930000
/home/colligo/local_ckpts/prefix_overlap/po_prob_lr1e-6_wu20_gradaccum32/ckpt_best,olympiad_eval.jsonl,64,0.8,100,0,1,0.054063
/home/colligo/local_ckpts/prefix_overlap/po_prob_lr1e-6_wu20_gradaccum32/ckpt_best,olympiad_eval.jsonl,64,0.8,100,0,2,0.086121
/home/colligo/local_ckpts/prefix_overlap/po_prob_lr1e-6_wu20_gradaccum32/ckpt_best,olympiad_eval.jsonl,64,0.8,100,0,4,0.121193
/home/colligo/local_ckpts/prefix_overlap/po_prob_lr1e-6_wu20_gradaccum32/ckpt_best,olympiad_eval.jsonl,64,0.8,100,0,8,0.153367
/home/colligo/local_ckpts/prefix_overlap/po_prob_lr1e-6_wu20_gradaccum32/ckpt_best,olympiad_eval.jsonl,64,0.8,100,0,16,0.185824
/home/colligo/local_ckpts/prefix_overlap/po_prob_lr1e-6_wu20_gradaccum32/ckpt_best,olympiad_eval.jsonl,64,0.8,100,0,32,0.223879
/home/colligo/local_ckpts/prefix_overlap/po_prob_lr1e-6_wu20_gradaccum32/ckpt_best,olympiad_eval.jsonl,64,0.8,100,0,64,0.270000
/home/colligo/local_ckpts/prefix_overlap/po_prob_multiroot_N16_freshM1_dapo17k_lr1e-5_wu20/ckpt_best,math_eval.jsonl,64,0.8,100,0,1,0.157656
/home/colligo/local_ckpts/prefix_overlap/po_prob_multiroot_N16_freshM1_dapo17k_lr1e-5_wu20/ckpt_best,math_eval.jsonl,64,0.8,100,0,2,0.236473
/home/colligo/local_ckpts/prefix_overlap/po_prob_multiroot_N16_freshM1_dapo17k_lr1e-5_wu20/ckpt_best,math_eval.jsonl,64,0.8,100,0,4,0.317945
/home/colligo/local_ckpts/prefix_overlap/po_prob_multiroot_N16_freshM1_dapo17k_lr1e-5_wu20/ckpt_best,math_eval.jsonl,64,0.8,100,0,8,0.390152
/home/colligo/local_ckpts/prefix_overlap/po_prob_multiroot_N16_freshM1_dapo17k_lr1e-5_wu20/ckpt_best,math_eval.jsonl,64,0.8,100,0,16,0.448564
/home/colligo/local_ckpts/prefix_overlap/po_prob_multiroot_N16_freshM1_dapo17k_lr1e-5_wu20/ckpt_best,math_eval.jsonl,64,0.8,100,0,32,0.494575
/home/colligo/local_ckpts/prefix_overlap/po_prob_multiroot_N16_freshM1_dapo17k_lr1e-5_wu20/ckpt_best,math_eval.jsonl,64,0.8,100,0,64,0.530000
/home/colligo/local_ckpts/prefix_overlap/po_prob_multiroot_N16_freshM1_dapo17k_lr1e-5_wu20/ckpt_best,gsm8k_eval.jsonl,64,0.8,100,0,1,0.421406
/home/colligo/local_ckpts/prefix_overlap/po_prob_multiroot_N16_freshM1_dapo17k_lr1e-5_wu20/ckpt_best,gsm8k_eval.jsonl,64,0.8,100,0,2,0.566478
/home/colligo/local_ckpts/prefix_overlap/po_prob_multiroot_N16_freshM1_dapo17k_lr1e-5_wu20/ckpt_best,gsm8k_eval.jsonl,64,0.8,100,0,4,0.678786
/home/colligo/local_ckpts/prefix_overlap/po_prob_multiroot_N16_freshM1_dapo17k_lr1e-5_wu20/ckpt_best,gsm8k_eval.jsonl,64,0.8,100,0,8,0.768915
/home/colligo/local_ckpts/prefix_overlap/po_prob_multiroot_N16_freshM1_dapo17k_lr1e-5_wu20/ckpt_best,gsm8k_eval.jsonl,64,0.8,100,0,16,0.846536
/home/colligo/local_ckpts/prefix_overlap/po_prob_multiroot_N16_freshM1_dapo17k_lr1e-5_wu20/ckpt_best,gsm8k_eval.jsonl,64,0.8,100,0,32,0.903627
/home/colligo/local_ckpts/prefix_overlap/po_prob_multiroot_N16_freshM1_dapo17k_lr1e-5_wu20/ckpt_best,gsm8k_eval.jsonl,64,0.8,100,0,64,0.940000
/home/colligo/local_ckpts/prefix_overlap/po_prob_multiroot_N16_freshM1_dapo17k_lr1e-5_wu20/ckpt_best,olympiad_eval.jsonl,64,0.8,100,0,1,0.063438
/home/colligo/local_ckpts/prefix_overlap/po_prob_multiroot_N16_freshM1_dapo17k_lr1e-5_wu20/ckpt_best,olympiad_eval.jsonl,64,0.8,100,0,2,0.100193
/home/colligo/local_ckpts/prefix_overlap/po_prob_multiroot_N16_freshM1_dapo17k_lr1e-5_wu20/ckpt_best,olympiad_eval.jsonl,64,0.8,100,0,4,0.139074
/home/colligo/local_ckpts/prefix_overlap/po_prob_multiroot_N16_freshM1_dapo17k_lr1e-5_wu20/ckpt_best,olympiad_eval.jsonl,64,0.8,100,0,8,0.174653
/home/colligo/local_ckpts/prefix_overlap/po_prob_multiroot_N16_freshM1_dapo17k_lr1e-5_wu20/ckpt_best,olympiad_eval.jsonl,64,0.8,100,0,16,0.211203
/home/colligo/local_ckpts/prefix_overlap/po_prob_multiroot_N16_freshM1_dapo17k_lr1e-5_wu20/ckpt_best,olympiad_eval.jsonl,64,0.8,100,0,32,0.250364
/home/colligo/local_ckpts/prefix_overlap/po_prob_multiroot_N16_freshM1_dapo17k_lr1e-5_wu20/ckpt_best,olympiad_eval.jsonl,64,0.8,100,0,64,0.280000
/home/colligo/local_ckpts/prefix_overlap/po_prob_multiroot_N16_freshM1_ceanneal9000_auxw0.5_dapo17k_lr1e-5_wu20/ckpt_best,math_eval.jsonl,64,0.8,100,0,1,0.147344
/home/colligo/local_ckpts/prefix_overlap/po_prob_multiroot_N16_freshM1_ceanneal9000_auxw0.5_dapo17k_lr1e-5_wu20/ckpt_best,math_eval.jsonl,64,0.8,100,0,2,0.225124
/home/colligo/local_ckpts/prefix_overlap/po_prob_multiroot_N16_freshM1_ceanneal9000_auxw0.5_dapo17k_lr1e-5_wu20/ckpt_best,math_eval.jsonl,64,0.8,100,0,4,0.307436
/home/colligo/local_ckpts/prefix_overlap/po_prob_multiroot_N16_freshM1_ceanneal9000_auxw0.5_dapo17k_lr1e-5_wu20/ckpt_best,math_eval.jsonl,64,0.8,100,0,8,0.383502
/home/colligo/local_ckpts/prefix_overlap/po_prob_multiroot_N16_freshM1_ceanneal9000_auxw0.5_dapo17k_lr1e-5_wu20/ckpt_best,math_eval.jsonl,64,0.8,100,0,16,0.443006
/home/colligo/local_ckpts/prefix_overlap/po_prob_multiroot_N16_freshM1_ceanneal9000_auxw0.5_dapo17k_lr1e-5_wu20/ckpt_best,math_eval.jsonl,64,0.8,100,0,32,0.487089
/home/colligo/local_ckpts/prefix_overlap/po_prob_multiroot_N16_freshM1_ceanneal9000_auxw0.5_dapo17k_lr1e-5_wu20/ckpt_best,math_eval.jsonl,64,0.8,100,0,64,0.540000
/home/colligo/local_ckpts/prefix_overlap/po_prob_multiroot_N16_freshM1_ceanneal9000_auxw0.5_dapo17k_lr1e-5_wu20/ckpt_best,gsm8k_eval.jsonl,64,0.8,100,0,1,0.409531
/home/colligo/local_ckpts/prefix_overlap/po_prob_multiroot_N16_freshM1_ceanneal9000_auxw0.5_dapo17k_lr1e-5_wu20/ckpt_best,gsm8k_eval.jsonl,64,0.8,100,0,2,0.559623
/home/colligo/local_ckpts/prefix_overlap/po_prob_multiroot_N16_freshM1_ceanneal9000_auxw0.5_dapo17k_lr1e-5_wu20/ckpt_best,gsm8k_eval.jsonl,64,0.8,100,0,4,0.679817
/home/colligo/local_ckpts/prefix_overlap/po_prob_multiroot_N16_freshM1_ceanneal9000_auxw0.5_dapo17k_lr1e-5_wu20/ckpt_best,gsm8k_eval.jsonl,64,0.8,100,0,8,0.774014
/home/colligo/local_ckpts/prefix_overlap/po_prob_multiroot_N16_freshM1_ceanneal9000_auxw0.5_dapo17k_lr1e-5_wu20/ckpt_best,gsm8k_eval.jsonl,64,0.8,100,0,16,0.851664
/home/colligo/local_ckpts/prefix_overlap/po_prob_multiroot_N16_freshM1_ceanneal9000_auxw0.5_dapo17k_lr1e-5_wu20/ckpt_best,gsm8k_eval.jsonl,64,0.8,100,0,32,0.904718
/home/colligo/local_ckpts/prefix_overlap/po_prob_multiroot_N16_freshM1_ceanneal9000_auxw0.5_dapo17k_lr1e-5_wu20/ckpt_best,gsm8k_eval.jsonl,64,0.8,100,0,64,0.930000
/home/colligo/local_ckpts/prefix_overlap/po_prob_multiroot_N16_freshM1_ceanneal9000_auxw0.5_dapo17k_lr1e-5_wu20/ckpt_best,olympiad_eval.jsonl,64,0.8,100,0,1,0.054531
/home/colligo/local_ckpts/prefix_overlap/po_prob_multiroot_N16_freshM1_ceanneal9000_auxw0.5_dapo17k_lr1e-5_wu20/ckpt_best,olympiad_eval.jsonl,64,0.8,100,0,2,0.088547
/home/colligo/local_ckpts/prefix_overlap/po_prob_multiroot_N16_freshM1_ceanneal9000_auxw0.5_dapo17k_lr1e-5_wu20/ckpt_best,olympiad_eval.jsonl,64,0.8,100,0,4,0.127651
/home/colligo/local_ckpts/prefix_overlap/po_prob_multiroot_N16_freshM1_ceanneal9000_auxw0.5_dapo17k_lr1e-5_wu20/ckpt_best,olympiad_eval.jsonl,64,0.8,100,0,8,0.166410
/home/colligo/local_ckpts/prefix_overlap/po_prob_multiroot_N16_freshM1_ceanneal9000_auxw0.5_dapo17k_lr1e-5_wu20/ckpt_best,olympiad_eval.jsonl,64,0.8,100,0,16,0.206805
/home/colligo/local_ckpts/prefix_overlap/po_prob_multiroot_N16_freshM1_ceanneal9000_auxw0.5_dapo17k_lr1e-5_wu20/ckpt_best,olympiad_eval.jsonl,64,0.8,100,0,32,0.250124
/home/colligo/local_ckpts/prefix_overlap/po_prob_multiroot_N16_freshM1_ceanneal9000_auxw0.5_dapo17k_lr1e-5_wu20/ckpt_best,olympiad_eval.jsonl,64,0.8,100,0,64,0.300000
/home/colligo/local_ckpts/prefix_overlap/jsd_lr1e-5_wu10_lrmin0.1_wd0.01_dapo17k/ckpt_best,math_eval.jsonl,64,0.8,100,0,1,0.125156
/home/colligo/local_ckpts/prefix_overlap/jsd_lr1e-5_wu10_lrmin0.1_wd0.01_dapo17k/ckpt_best,math_eval.jsonl,64,0.8,100,0,2,0.198666
/home/colligo/local_ckpts/prefix_overlap/jsd_lr1e-5_wu10_lrmin0.1_wd0.01_dapo17k/ckpt_best,math_eval.jsonl,64,0.8,100,0,4,0.281188
/home/colligo/local_ckpts/prefix_overlap/jsd_lr1e-5_wu10_lrmin0.1_wd0.01_dapo17k/ckpt_best,math_eval.jsonl,64,0.8,100,0,8,0.356810
/home/colligo/local_ckpts/prefix_overlap/jsd_lr1e-5_wu10_lrmin0.1_wd0.01_dapo17k/ckpt_best,math_eval.jsonl,64,0.8,100,0,16,0.415871
/home/colligo/local_ckpts/prefix_overlap/jsd_lr1e-5_wu10_lrmin0.1_wd0.01_dapo17k/ckpt_best,math_eval.jsonl,64,0.8,100,0,32,0.463692
/home/colligo/local_ckpts/prefix_overlap/jsd_lr1e-5_wu10_lrmin0.1_wd0.01_dapo17k/ckpt_best,math_eval.jsonl,64,0.8,100,0,64,0.510000
/home/colligo/local_ckpts/prefix_overlap/jsd_lr1e-5_wu10_lrmin0.1_wd0.01_dapo17k/ckpt_best,gsm8k_eval.jsonl,64,0.8,100,0,1,0.381250
/home/colligo/local_ckpts/prefix_overlap/jsd_lr1e-5_wu10_lrmin0.1_wd0.01_dapo17k/ckpt_best,gsm8k_eval.jsonl,64,0.8,100,0,2,0.539489
/home/colligo/local_ckpts/prefix_overlap/jsd_lr1e-5_wu10_lrmin0.1_wd0.01_dapo17k/ckpt_best,gsm8k_eval.jsonl,64,0.8,100,0,4,0.669232
/home/colligo/local_ckpts/prefix_overlap/jsd_lr1e-5_wu10_lrmin0.1_wd0.01_dapo17k/ckpt_best,gsm8k_eval.jsonl,64,0.8,100,0,8,0.764834
/home/colligo/local_ckpts/prefix_overlap/jsd_lr1e-5_wu10_lrmin0.1_wd0.01_dapo17k/ckpt_best,gsm8k_eval.jsonl,64,0.8,100,0,16,0.836919
/home/colligo/local_ckpts/prefix_overlap/jsd_lr1e-5_wu10_lrmin0.1_wd0.01_dapo17k/ckpt_best,gsm8k_eval.jsonl,64,0.8,100,0,32,0.887725
/home/colligo/local_ckpts/prefix_overlap/jsd_lr1e-5_wu10_lrmin0.1_wd0.01_dapo17k/ckpt_best,gsm8k_eval.jsonl,64,0.8,100,0,64,0.920000
/home/colligo/local_ckpts/prefix_overlap/jsd_lr1e-5_wu10_lrmin0.1_wd0.01_dapo17k/ckpt_best,olympiad_eval.jsonl,64,0.8,100,0,1,0.045938
/home/colligo/local_ckpts/prefix_overlap/jsd_lr1e-5_wu10_lrmin0.1_wd0.01_dapo17k/ckpt_best,olympiad_eval.jsonl,64,0.8,100,0,2,0.074355
/home/colligo/local_ckpts/prefix_overlap/jsd_lr1e-5_wu10_lrmin0.1_wd0.01_dapo17k/ckpt_best,olympiad_eval.jsonl,64,0.8,100,0,4,0.107357
/home/colligo/local_ckpts/prefix_overlap/jsd_lr1e-5_wu10_lrmin0.1_wd0.01_dapo17k/ckpt_best,olympiad_eval.jsonl,64,0.8,100,0,8,0.139809
/home/colligo/local_ckpts/prefix_overlap/jsd_lr1e-5_wu10_lrmin0.1_wd0.01_dapo17k/ckpt_best,olympiad_eval.jsonl,64,0.8,100,0,16,0.171043
/home/colligo/local_ckpts/prefix_overlap/jsd_lr1e-5_wu10_lrmin0.1_wd0.01_dapo17k/ckpt_best,olympiad_eval.jsonl,64,0.8,100,0,32,0.201665
/home/colligo/local_ckpts/prefix_overlap/jsd_lr1e-5_wu10_lrmin0.1_wd0.01_dapo17k/ckpt_best,olympiad_eval.jsonl,64,0.8,100,0,64,0.230000
