timestamp,checkpoint,dataset,mode,K,L,n_prompts,skipped_prompts,target_calls,block_eff,throughput_tok_s,time_per_call_ms,time_per_token_ms,avg_tree_nodes,total_gen_tokens,total_time_s,time_draft_s,time_target_s,time_verify_s,time_cache_s,time_tokenizer_s,gpu_sm_util_avg_pct,gpu_mem_util_avg_pct,gpu_vram_peak_mb,gpu_pcie_tx_avg_kbs,gpu_pcie_rx_avg_kbs,gpu_nvlink_tx_avg_kbs,gpu_nvlink_rx_avg_kbs,cpu_util_avg_pct,torch_vram_alloc_mb,torch_vram_reserv_mb,device,seed,dtype,cpu_threads_used,machine_gpu,machine_gpu_count,machine_gpu_vram_gb,machine_driver,machine_cpu_logical_cores,machine_cpu_physical_cores,machine_ram_gb,machine_os,attn_backend,training_wandb_url,L1
2026-06-22T01:36:16,checkpoints/jsd_flat_enrich_K1_mathhard_s123/ckpt_best,math_eval,bv,1,8,100,0,2207,5.922972,15.9684,370.919,62.624,9,13072,818.62,665.794,109.581,3.921,30.616,0.042,24.6,4.4,19450,15014,78369,,,9.3,16770.9,17742,cuda:0,123,bf16,12,NVIDIA A100-SXM4-80GB,4,79.2,580.126.09,96,48,1121.8,Linux-6.12.68-92.122.amzn2023.x86_64-x86_64-with-glibc2.39,,https://wandb.ai/rmukund16-indian-institute-of-technology-hyderabad/distillspec-pipeline/runs/hjlsg2cr,0
2026-06-22T02:17:24,checkpoints/jsd_flat_enrich_K1_mathhard_s123/ckpt_best,math_eval,bv,2,8,100,0,2135,6.147541,16.5989,370.357,60.245,12.9452,13125,790.71,644.569,104.704,3.76,29.205,0.04,26.9,4.5,19902,15907,81741,,,10.4,16770.9,17772,cuda:0,123,bf16,12,NVIDIA A100-SXM4-80GB,4,79.2,580.126.09,96,48,1121.8,Linux-6.12.68-92.122.amzn2023.x86_64-x86_64-with-glibc2.39,,https://wandb.ai/rmukund16-indian-institute-of-technology-hyderabad/distillspec-pipeline/runs/hjlsg2cr,0
2026-06-22T03:44:30,checkpoints/jsd_flat_enrich_K1_mathhard_s123/ckpt_best,math_eval,bv,3,8,100,0,2167,6.070143,15.598,389.161,64.111,16.0812,13154,843.31,687.975,112.016,4,30.413,0.041,26.2,4.5,19988,14947,90127,,,10.4,16770.9,17858,cuda:0,123,bf16,12,NVIDIA A100-SXM4-80GB,4,79.2,580.126.09,96,48,1121.8,Linux-6.12.68-92.122.amzn2023.x86_64-x86_64-with-glibc2.39,,https://wandb.ai/rmukund16-indian-institute-of-technology-hyderabad/distillspec-pipeline/runs/hjlsg2cr,0
2026-06-22T04:35:40,checkpoints/jsd_flat_enrich_K1_mathhard_s123/ckpt_best,math_eval,bv,4,8,100,0,2141,6.136852,16.0097,383.32,62.462,19.0864,13139,820.69,668.765,109.736,3.871,29.608,0.039,26.7,4.6,20094,17423,100317,,,9.4,16770.9,17964,cuda:0,123,bf16,12,NVIDIA A100-SXM4-80GB,4,79.2,580.126.09,96,48,1121.8,Linux-6.12.68-92.122.amzn2023.x86_64-x86_64-with-glibc2.39,,https://wandb.ai/rmukund16-indian-institute-of-technology-hyderabad/distillspec-pipeline/runs/hjlsg2cr,0
2026-06-24T03:57:49,checkpoints/jsd_flat_enrich_K1_mathhard_s456/ckpt_best,math_eval,bv,1,8,100,0,2140,6.136449,16.5710,370.312,60.346,9.0000,13132,792.47,644.546,105.934,3.788,29.509,0.044,24.7,4.5,19458,14363,82774,,,7.0,16770.9,17750.0,cuda:0,123,bf16,12,NVIDIA A100-SXM4-80GB,4,79.2,580.126.09,96,48,1121.8,Linux-6.12.68-92.122.amzn2023.x86_64-x86_64-with-glibc2.39,,https://wandb.ai/rmukund16-indian-institute-of-technology-hyderabad/distillspec-pipeline/runs/mekhfoy6,0
2026-06-23T15:18:34,checkpoints/jsd_flat_enrich_K1_mathhard_s456/ckpt_best,math_eval,bv,2,8,100,0,2145,6.135198,16.8905,363.233,59.205,12.8984,13160,779.13,633.691,104.482,3.674,28.989,0.042,27.4,4.7,19540,15653,85049,,,5.3,16782.5,17832,cuda:0,123,bf16,12,NVIDIA A100-SXM4-80GB,4,79.2,580.126.09,96,48,1121.8,Linux-6.12.68-92.122.amzn2023.x86_64-x86_64-with-glibc2.39,,https://wandb.ai/rmukund16-indian-institute-of-technology-hyderabad/distillspec-pipeline/runs/mekhfoy6,0
2026-06-23T17:47:48,checkpoints/jsd_flat_enrich_K1_mathhard_s456/ckpt_best,math_eval,bv,3,8,100,0,2181,6.03989,16.732,360.978,59.766,16.3966,13173,787.29,640.982,105.326,3.577,29.189,0.038,27.9,4.9,19628,16115,86636,,,5.1,16803.5,17920,cuda:0,123,bf16,12,NVIDIA A100-SXM4-80GB,4,79.2,580.126.09,96,48,1121.8,Linux-6.12.68-92.122.amzn2023.x86_64-x86_64-with-glibc2.39,,https://wandb.ai/rmukund16-indian-institute-of-technology-hyderabad/distillspec-pipeline/runs/mekhfoy6,0
2026-06-26T00:19:56,checkpoints/jsd_flat_enrich_K1_mathhard_s456/ckpt_best,math_eval,bv,4,8,1000,0,21519,6.110275,14.5287,420.566,68.829,18.9493,131487,9050.15,7546.466,1076.440,38.436,295.405,0.393,13.2,2.2,45480,9146,42511,,,7.3,16770.9,21928.0,cuda:0,123,bf16,12,NVIDIA A100-SXM4-80GB,4,79.2,580.126.09,96,48,1121.8,Linux-6.12.68-92.122.amzn2023.x86_64-x86_64-with-glibc2.39,,sdpa+flash_attention_2 (flash_attn-2.8.3.post1),0
2026-06-23T03:03:05,checkpoints/jsd_flat_enrich_K3_mathhard_s123/ckpt_best,math_eval,bv,1,8,100,0,2139,6.156615,17.4772,352.266,57.217,9,13169,753.5,612.142,100.993,3.446,28.764,0.034,25.5,4.5,19039,16218,83472,,,5.2,16770.9,17752,cuda:1,123,bf16,12,NVIDIA A100-SXM4-80GB,4,79.2,580.126.09,96,48,1121.8,Linux-6.12.68-92.122.amzn2023.x86_64-x86_64-with-glibc2.39,,https://wandb.ai/rmukund16-indian-institute-of-technology-hyderabad/distillspec-pipeline/runs/4whq9rs9,0
2026-06-23T05:07:09,checkpoints/jsd_flat_enrich_K3_mathhard_s123/ckpt_best,math_eval,bv,2,8,100,0,2106,6.224122,17.0567,364.907,58.628,12.9492,13108,768.49,626.199,102.01,3.539,28.422,0.042,27.3,4.6,19059,15996,84139,,,5.2,16770.9,17772,cuda:1,123,bf16,12,NVIDIA A100-SXM4-80GB,4,79.2,580.126.09,96,48,1121.8,Linux-6.12.68-92.122.amzn2023.x86_64-x86_64-with-glibc2.39,,https://wandb.ai/rmukund16-indian-institute-of-technology-hyderabad/distillspec-pipeline/runs/4whq9rs9,0
2026-06-23T09:53:19,checkpoints/jsd_flat_enrich_K3_mathhard_s123/ckpt_best,math_eval,bv,3,8,100,0,2103,6.232525,17.4899,356.35,57.176,15.9995,13107,749.4,609.654,100,3.426,28.245,0.037,28.3,5.2,19227,16346,85244,,,5.2,16805.8,17940,cuda:1,123,bf16,12,NVIDIA A100-SXM4-80GB,4,79.2,580.126.09,96,48,1121.8,Linux-6.12.68-92.122.amzn2023.x86_64-x86_64-with-glibc2.39,,https://wandb.ai/rmukund16-indian-institute-of-technology-hyderabad/distillspec-pipeline/runs/4whq9rs9,0
2026-06-23T12:37:45,checkpoints/jsd_flat_enrich_K3_mathhard_s123/ckpt_best,math_eval,bv,4,8,100,0,2091,6.28264,16.9174,371.371,59.111,18.6389,13137,776.54,631.811,104.294,3.535,28.472,0.039,27.1,4.9,19367,15505,79528,,,4.2,16819.8,18080,cuda:1,123,bf16,12,NVIDIA A100-SXM4-80GB,4,79.2,580.126.09,96,48,1121.8,Linux-6.12.68-92.122.amzn2023.x86_64-x86_64-with-glibc2.39,,https://wandb.ai/rmukund16-indian-institute-of-technology-hyderabad/distillspec-pipeline/runs/4whq9rs9,0
2026-06-23T07:31:32,checkpoints/jsd_flat_enrich_K3_mathhard_s123_ttemp1.5/ckpt_best,math_eval,bv,1,8,100,0,2131,6.145472,17.435,352.478,57.356,9,13096,751.13,610.095,100.923,3.479,28.494,0.037,26.2,4.5,19027,15683,83434,,,4.8,16770.9,17740,cuda:3,123,bf16,12,NVIDIA A100-SXM4-80GB,4,79.2,580.126.09,96,48,1121.8,Linux-6.12.68-92.122.amzn2023.x86_64-x86_64-with-glibc2.39,,https://wandb.ai/rmukund16-indian-institute-of-technology-hyderabad/distillspec-pipeline/runs/7auspodd,0
2026-06-23T10:24:38,checkpoints/jsd_flat_enrich_K3_mathhard_s123_ttemp1.5/ckpt_best,math_eval,bv,2,8,100,0,2150,6.122326,16.6812,367.019,59.948,12.9521,13163,789.09,643.031,105.152,3.605,28.989,0.037,27.7,4.6,19061,15365,83851,,,5.1,16770.9,17774,cuda:3,123,bf16,12,NVIDIA A100-SXM4-80GB,4,79.2,580.126.09,96,48,1121.8,Linux-6.12.68-92.122.amzn2023.x86_64-x86_64-with-glibc2.39,,https://wandb.ai/rmukund16-indian-institute-of-technology-hyderabad/distillspec-pipeline/runs/7auspodd,0
2026-06-23T13:45:07,checkpoints/jsd_flat_enrich_K3_mathhard_s123_ttemp1.5/ckpt_best,math_eval,bv,3,8,100,0,2114,6.210974,17.406,356.83,57.452,16.2124,13130,754.34,613.561,100.776,3.509,28.382,0.038,28.6,5.2,19195,16049,85927,,,5.3,16803.5,17908,cuda:3,123,bf16,12,NVIDIA A100-SXM4-80GB,4,79.2,580.126.09,96,48,1121.8,Linux-6.12.68-92.122.amzn2023.x86_64-x86_64-with-glibc2.39,,https://wandb.ai/rmukund16-indian-institute-of-technology-hyderabad/distillspec-pipeline/runs/7auspodd,0
2026-06-23T16:20:17,checkpoints/jsd_flat_enrich_K3_mathhard_s123_ttemp1.5/ckpt_best,math_eval,bv,4,8,100,0,2144,6.121269,16.8198,363.933,59.454,19.2099,13124,780.27,634.071,105.191,3.64,29.107,0.04,28.1,5,19275,16236,85046,,,5.3,16770.9,17988,cuda:3,123,bf16,12,NVIDIA A100-SXM4-80GB,4,79.2,580.126.09,96,48,1121.8,Linux-6.12.68-92.122.amzn2023.x86_64-x86_64-with-glibc2.39,,https://wandb.ai/rmukund16-indian-institute-of-technology-hyderabad/distillspec-pipeline/runs/7auspodd,0
2026-06-24T07:44:59,checkpoints/jsd_flat_enrich_K3_mathhard_s456/ckpt_best,math_eval,bv,1,8,100,0,2119,6.194903,17.2814,358.472,57.866,9.0000,13127,759.60,617.156,101.940,3.626,28.456,0.044,25.2,4.6,19037,15438,81326,,,9.2,16770.9,17750.0,cuda:0,123,bf16,12,NVIDIA A100-SXM4-80GB,4,79.2,580.126.09,96,48,1121.8,Linux-6.12.68-92.122.amzn2023.x86_64-x86_64-with-glibc2.39,,https://wandb.ai/rmukund16-indian-institute-of-technology-hyderabad/distillspec-pipeline/runs/lb5m8j9f,0
2026-06-24T09:53:35,checkpoints/jsd_flat_enrich_K3_mathhard_s456/ckpt_best,math_eval,bv,2,8,100,0,2158,6.077850,16.1448,376.458,61.939,12.9138,13116,812.40,661.401,108.604,3.938,29.755,0.043,26.7,4.5,19119,15181,86242,,,5.2,16787.2,17832.0,cuda:1,123,bf16,12,NVIDIA A100-SXM4-80GB,4,79.2,580.126.09,96,48,1121.8,Linux-6.12.68-92.122.amzn2023.x86_64-x86_64-with-glibc2.39,,https://wandb.ai/rmukund16-indian-institute-of-technology-hyderabad/distillspec-pipeline/runs/lb5m8j9f,0
2026-06-24T18:10:30,checkpoints/jsd_flat_enrich_K3_mathhard_s456/ckpt_best,math_eval,bv,3,8,1000,0,21387,6.145977,16.5366,371.659,60.472,16.0140,131444,7948.66,6469.224,1065.268,36.868,292.538,0.372,27.4,4.8,22567,15820,81775,,,5.8,16770.9,21280.0,cuda:1,123,bf16,12,NVIDIA A100-SXM4-80GB,4,79.2,580.126.09,96,48,1121.8,Linux-6.12.68-92.122.amzn2023.x86_64-x86_64-with-glibc2.39,,https://wandb.ai/rmukund16-indian-institute-of-technology-hyderabad/distillspec-pipeline/runs/lb5m8j9f,0
2026-06-26T07:24:37,checkpoints/jsd_flat_enrich_K3_mathhard_s456/ckpt_best,math_eval,bv,4,8,1000,0,21383,6.141374,15.0592,407.815,66.405,18.6936,131321,8720.31,7260.458,1046.443,36.148,286.959,0.375,25.7,4.3,45480,15324,78656,,,5.5,16770.9,21930.0,cuda:1,123,bf16,12,NVIDIA A100-SXM4-80GB,4,79.2,580.126.09,96,48,1121.8,Linux-6.12.68-92.122.amzn2023.x86_64-x86_64-with-glibc2.39,,sdpa+flash_attention_2 (flash_attn-2.8.3.post1),0
2026-06-22T01:29:02,checkpoints/jsd_mathhard_s123/ckpt_best,math_eval,bv,1,8,100,0,2220,5.892342,16.5665,355.678,60.363,9,13081,789.6,641.542,106.082,3.775,29.875,0.041,25.1,4.5,19115,16063,82717,,,9.2,16770.9,17828,cuda:2,123,bf16,12,NVIDIA A100-SXM4-80GB,4,79.2,580.126.09,96,48,1121.8,Linux-6.12.68-92.122.amzn2023.x86_64-x86_64-with-glibc2.39,,https://wandb.ai/rmukund16-indian-institute-of-technology-hyderabad/distillspec-pipeline/runs/1heslnth,0
2026-06-22T02:12:46,checkpoints/jsd_mathhard_s123/ckpt_best,math_eval,bv,2,8,100,0,2190,5.991781,15.9256,376.235,62.792,13.1009,13122,823.96,672.162,109.138,3.883,30.173,0.04,26.6,4.4,19061,15403,79570,,,10.4,16770.9,17774,cuda:2,123,bf16,12,NVIDIA A100-SXM4-80GB,4,79.2,580.126.09,96,48,1121.8,Linux-6.12.68-92.122.amzn2023.x86_64-x86_64-with-glibc2.39,,https://wandb.ai/rmukund16-indian-institute-of-technology-hyderabad/distillspec-pipeline/runs/1heslnth,0
2026-06-22T03:45:52,checkpoints/jsd_mathhard_s123/ckpt_best,math_eval,bv,3,8,100,0,2263,5.801591,14.6266,396.648,68.369,16.3425,13129,897.61,732.748,119.337,4.264,32.175,0.041,25.2,4.3,19121,14658,86615,,,10.4,16770.9,17834,cuda:2,123,bf16,12,NVIDIA A100-SXM4-80GB,4,79.2,580.126.09,96,48,1121.8,Linux-6.12.68-92.122.amzn2023.x86_64-x86_64-with-glibc2.39,,https://wandb.ai/rmukund16-indian-institute-of-technology-hyderabad/distillspec-pipeline/runs/1heslnth,0
2026-06-22T04:36:27,checkpoints/jsd_mathhard_s123/ckpt_best,math_eval,bv,4,8,100,0,2240,5.872321,15.6979,374.083,63.703,19.3915,13154,837.95,682.352,112.684,3.994,30.329,0.042,27,4.8,19277,17785,103576,,,9.3,16770.9,17990,cuda:2,123,bf16,12,NVIDIA A100-SXM4-80GB,4,79.2,580.126.09,96,48,1121.8,Linux-6.12.68-92.122.amzn2023.x86_64-x86_64-with-glibc2.39,,https://wandb.ai/rmukund16-indian-institute-of-technology-hyderabad/distillspec-pipeline/runs/1heslnth,0
2026-06-24T04:56:13,checkpoints/jsd_mathhard_s456/ckpt_best,math_eval,bv,1,8,100,0,2194,5.999544,16.2442,369.334,61.560,9.0000,13163,810.32,658.256,108.993,3.871,30.139,0.043,24.6,4.4,19009,15163,78553,,,5.8,16770.9,17722.0,cuda:1,123,bf16,12,NVIDIA A100-SXM4-80GB,4,79.2,580.126.09,96,48,1121.8,Linux-6.12.68-92.122.amzn2023.x86_64-x86_64-with-glibc2.39,,https://wandb.ai/rmukund16-indian-institute-of-technology-hyderabad/distillspec-pipeline/runs/d6homdte,0
2026-06-23T16:17:03,checkpoints/jsd_mathhard_s456/ckpt_best,math_eval,bv,2,8,100,0,2202,5.977293,16.3619,365.319,61.118,12.9419,13162,804.43,654.399,107.751,3.792,30.132,0.041,27.4,4.6,19059,15507,84846,,,5.3,16770.9,17772,cuda:1,123,bf16,12,NVIDIA A100-SXM4-80GB,4,79.2,580.126.09,96,48,1121.8,Linux-6.12.68-92.122.amzn2023.x86_64-x86_64-with-glibc2.39,,https://wandb.ai/rmukund16-indian-institute-of-technology-hyderabad/distillspec-pipeline/runs/d6homdte,0
2026-06-23T18:06:18,checkpoints/jsd_mathhard_s456/ckpt_best,math_eval,bv,3,8,100,0,2206,5.961469,17.1868,346.862,58.184,16.2874,13151,765.18,622.489,102.135,3.513,29.115,0.039,29,5.2,19119,16636,90230,,,5.2,16770.9,17832,cuda:1,123,bf16,12,NVIDIA A100-SXM4-80GB,4,79.2,580.126.09,96,48,1121.8,Linux-6.12.68-92.122.amzn2023.x86_64-x86_64-with-glibc2.39,,https://wandb.ai/rmukund16-indian-institute-of-technology-hyderabad/distillspec-pipeline/runs/d6homdte,0
2026-06-26T07:28:28,checkpoints/jsd_mathhard_s456/ckpt_best,math_eval,bv,4,8,1000,0,21609,6.080429,14.7403,412.505,67.841,18.7164,131392,8913.82,7422.079,1069.065,37.219,294.116,0.371,25.4,4.2,45496,15173,78009,,,5.7,16770.9,21948.0,cuda:3,123,bf16,12,NVIDIA A100-SXM4-80GB,4,79.2,580.126.09,96,48,1121.8,Linux-6.12.68-92.122.amzn2023.x86_64-x86_64-with-glibc2.39,,sdpa+flash_attention_2 (flash_attn-2.8.3.post1),0
2026-06-22T12:53:48,checkpoints/jsd_flat_enrich_K1_mathhard_s123/ckpt_best,math_eval,gbv,1,8,100,0,2207,5.922972,15.9101,372.278,62.853,9,13072,821.62,663.415,109.521,9.512,30.51,0.04,24.6,4.5,19055,15298,80550,,,9.7,16782.5,17768,cuda:2,123,bf16,12,NVIDIA A100-SXM4-80GB,4,79.2,580.126.09,96,48,1121.8,Linux-6.12.68-92.122.amzn2023.x86_64-x86_64-with-glibc2.39,,https://wandb.ai/rmukund16-indian-institute-of-technology-hyderabad/distillspec-pipeline/runs/hjlsg2cr,0
2026-06-22T13:51:15,checkpoints/jsd_flat_enrich_K1_mathhard_s123/ckpt_best,math_eval,gbv,2,8,100,0,2367,5.537389,13.7922,401.486,72.505,13.2632,13107,950.32,763.037,124.751,19.873,33.5,0.043,25.5,4.2,19153,14790,79864,,,9.7,16801.1,17866,cuda:2,123,bf16,12,NVIDIA A100-SXM4-80GB,4,79.2,580.126.09,96,48,1121.8,Linux-6.12.68-92.122.amzn2023.x86_64-x86_64-with-glibc2.39,,https://wandb.ai/rmukund16-indian-institute-of-technology-hyderabad/distillspec-pipeline/runs/hjlsg2cr,0
2026-06-22T14:44:17,checkpoints/jsd_flat_enrich_K1_mathhard_s123/ckpt_best,math_eval,gbv,3,8,100,0,2664,4.921547,13.2565,371.255,75.435,17.8803,13111,989.02,791.61,130.704,22.178,36.043,0.044,27.8,4.8,19241,15958,89523,,,5.2,16819.8,17954,cuda:2,123,bf16,12,NVIDIA A100-SXM4-80GB,4,79.2,580.126.09,96,48,1121.8,Linux-6.12.68-92.122.amzn2023.x86_64-x86_64-with-glibc2.39,,https://wandb.ai/rmukund16-indian-institute-of-technology-hyderabad/distillspec-pipeline/runs/hjlsg2cr,0
2026-06-25T13:59:51,checkpoints/jsd_flat_enrich_K1_mathhard_s123/ckpt_best,gsm8k_eval,gbv,3,8,100,0,2911,4.488148,7.6987,582.975,129.892,18.5812,13065,1697.04,1071.899,258.200,70.459,285.361,0.044,99.8,6.5,59856,22491,117347,,,5.5,16836.1,17402.0,cuda:0,123,bf16,12,NVIDIA A100-SXM4-80GB,4,79.2,580.126.09,96,48,1121.8,Linux-6.12.68-92.122.amzn2023.x86_64-x86_64-with-glibc2.39,,sdpa+flash_attention_2 (flash_attn-2.8.3.post1),0
2026-06-22T15:57:11,checkpoints/jsd_flat_enrich_K1_mathhard_s123/ckpt_best,math_eval,gbv,4,8,100,0,2832,4.618644,12.769,361.708,78.315,21.9068,13080,1024.36,817.663,136.307,24.696,37.482,0.038,28.9,5.2,19243,16442,86684,,,5.2,16845.4,17956,cuda:2,123,bf16,12,NVIDIA A100-SXM4-80GB,4,79.2,580.126.09,96,48,1121.8,Linux-6.12.68-92.122.amzn2023.x86_64-x86_64-with-glibc2.39,,https://wandb.ai/rmukund16-indian-institute-of-technology-hyderabad/distillspec-pipeline/runs/hjlsg2cr,0
2026-06-23T12:11:37,checkpoints/jsd_flat_enrich_K1_mathhard_s456/ckpt_best,math_eval,gbv,1,8,100,0,2140,6.136449,16.6483,368.592,60.066,9,13132,788.79,636.092,105.953,8.982,29.212,0.042,24.9,4.4,19490,14997,77922,,,5.3,16782.5,17782,cuda:0,123,bf16,12,NVIDIA A100-SXM4-80GB,4,79.2,580.126.09,96,48,1121.8,Linux-6.12.68-92.122.amzn2023.x86_64-x86_64-with-glibc2.39,,https://wandb.ai/rmukund16-indian-institute-of-technology-hyderabad/distillspec-pipeline/runs/mekhfoy6,0
2026-06-23T14:19:52,checkpoints/jsd_flat_enrich_K1_mathhard_s456/ckpt_best,math_eval,gbv,2,8,100,0,2470,5.297166,14.2446,371.872,70.202,13.6806,13084,918.52,735.838,121.213,19.434,33.6,0.042,27.1,4.4,19540,15723,84145,,,5.3,16794.2,17832,cuda:0,123,bf16,12,NVIDIA A100-SXM4-80GB,4,79.2,580.126.09,96,48,1121.8,Linux-6.12.68-92.122.amzn2023.x86_64-x86_64-with-glibc2.39,,https://wandb.ai/rmukund16-indian-institute-of-technology-hyderabad/distillspec-pipeline/runs/mekhfoy6,0
2026-06-23T15:49:49,checkpoints/jsd_flat_enrich_K1_mathhard_s456/ckpt_best,math_eval,gbv,3,8,100,0,2651,4.921539,12.5701,391.528,79.554,17.7061,13047,1037.94,831.591,137.196,23.436,36.756,0.045,26.1,4.3,19628,15185,80536,,,5.3,16817.4,17920,cuda:0,123,bf16,12,NVIDIA A100-SXM4-80GB,4,79.2,580.126.09,96,48,1121.8,Linux-6.12.68-92.122.amzn2023.x86_64-x86_64-with-glibc2.39,,https://wandb.ai/rmukund16-indian-institute-of-technology-hyderabad/distillspec-pipeline/runs/mekhfoy6,0
2026-06-24T01:50:13,checkpoints/jsd_flat_enrich_K1_mathhard_s456/ckpt_best,math_eval,gbv,4,8,100,0,2804,4.658345,12.0640,386.137,82.892,21.8356,13062,1082.73,865.245,143.662,26.366,38.566,0.041,26.8,4.5,19774,15829,84824,,,6.2,16829.1,18066.0,cuda:0,123,bf16,12,NVIDIA A100-SXM4-80GB,4,79.2,580.126.09,96,48,1121.8,Linux-6.12.68-92.122.amzn2023.x86_64-x86_64-with-glibc2.39,,https://wandb.ai/rmukund16-indian-institute-of-technology-hyderabad/distillspec-pipeline/runs/mekhfoy6,0
2026-06-23T04:09:57,checkpoints/jsd_flat_enrich_K3_mathhard_s123/ckpt_best,math_eval,gbv,1,8,100,0,2139,6.156615,17.5283,351.239,57.051,9,13169,751.3,604.851,101.4,8.322,28.657,0.035,26.2,4.8,19077,15768,84321,,,5.2,16777.9,17790,cuda:1,123,bf16,12,NVIDIA A100-SXM4-80GB,4,79.2,580.126.09,96,48,1121.8,Linux-6.12.68-92.122.amzn2023.x86_64-x86_64-with-glibc2.39,,https://wandb.ai/rmukund16-indian-institute-of-technology-hyderabad/distillspec-pipeline/runs/4whq9rs9,0
2026-06-23T06:21:48,checkpoints/jsd_flat_enrich_K3_mathhard_s123/ckpt_best,math_eval,gbv,2,8,100,0,2350,5.585532,14.6683,380.788,68.174,13.3979,13126,894.85,717.651,117.336,18.719,32.554,0.041,26.6,4.5,19143,15662,81818,,,4.7,16803.5,17856,cuda:1,123,bf16,12,NVIDIA A100-SXM4-80GB,4,79.2,580.126.09,96,48,1121.8,Linux-6.12.68-92.122.amzn2023.x86_64-x86_64-with-glibc2.39,,https://wandb.ai/rmukund16-indian-institute-of-technology-hyderabad/distillspec-pipeline/runs/4whq9rs9,0
2026-06-23T08:49:08,checkpoints/jsd_flat_enrich_K3_mathhard_s123/ckpt_best,math_eval,gbv,3,8,100,0,2625,4.994667,13.7641,362.877,72.653,17.5954,13111,952.55,761.389,125.379,21.18,36.392,0.037,28.3,4.9,19227,15943,86965,,,5.2,16815.1,17940,cuda:1,123,bf16,12,NVIDIA A100-SXM4-80GB,4,79.2,580.126.09,96,48,1121.8,Linux-6.12.68-92.122.amzn2023.x86_64-x86_64-with-glibc2.39,,https://wandb.ai/rmukund16-indian-institute-of-technology-hyderabad/distillspec-pipeline/runs/4whq9rs9,0
2026-06-23T11:28:38,checkpoints/jsd_flat_enrich_K3_mathhard_s123/ckpt_best,math_eval,gbv,4,8,100,0,2794,4.69005,11.9798,391.497,83.474,21.942,13104,1093.84,873.246,146.396,26.593,38.636,0.044,26.4,4.4,19367,15286,78781,,,5.1,16829.1,18080,cuda:1,123,bf16,12,NVIDIA A100-SXM4-80GB,4,79.2,580.126.09,96,48,1121.8,Linux-6.12.68-92.122.amzn2023.x86_64-x86_64-with-glibc2.39,,https://wandb.ai/rmukund16-indian-institute-of-technology-hyderabad/distillspec-pipeline/runs/4whq9rs9,0
2026-06-23T08:40:55,checkpoints/jsd_flat_enrich_K3_mathhard_s123_ttemp1.5/ckpt_best,math_eval,gbv,1,8,100,0,2131,6.145472,17.5269,350.631,57.055,9,13096,747.19,602.572,99.743,8.406,28.412,0.036,27.1,4.8,19073,15708,83653,,,5.2,16773.2,17786,cuda:3,123,bf16,12,NVIDIA A100-SXM4-80GB,4,79.2,580.126.09,96,48,1121.8,Linux-6.12.68-92.122.amzn2023.x86_64-x86_64-with-glibc2.39,,https://wandb.ai/rmukund16-indian-institute-of-technology-hyderabad/distillspec-pipeline/runs/7auspodd,0
2026-06-23T11:24:39,checkpoints/jsd_flat_enrich_K3_mathhard_s123_ttemp1.5/ckpt_best,math_eval,gbv,2,8,100,0,2423,5.411473,14.783,366.06,67.645,13.4296,13112,886.96,710.741,117.093,18.381,32.421,0.041,28.3,4.6,19139,15697,83391,,,5.3,16812.8,17852,cuda:3,123,bf16,12,NVIDIA A100-SXM4-80GB,4,79.2,580.126.09,96,48,1121.8,Linux-6.12.68-92.122.amzn2023.x86_64-x86_64-with-glibc2.39,,https://wandb.ai/rmukund16-indian-institute-of-technology-hyderabad/distillspec-pipeline/runs/7auspodd,0
2026-06-23T13:02:14,checkpoints/jsd_flat_enrich_K3_mathhard_s123_ttemp1.5/ckpt_best,math_eval,gbv,3,8,100,0,2666,4.908102,13.4757,364.218,74.208,17.9895,13085,971.01,776.122,128.151,21.817,36.595,0.042,28.6,4.8,19195,15998,84910,,,5.3,16836.1,17908,cuda:3,123,bf16,12,NVIDIA A100-SXM4-80GB,4,79.2,580.126.09,96,48,1121.8,Linux-6.12.68-92.122.amzn2023.x86_64-x86_64-with-glibc2.39,,https://wandb.ai/rmukund16-indian-institute-of-technology-hyderabad/distillspec-pipeline/runs/7auspodd,0
2026-06-23T17:25:40,checkpoints/jsd_flat_enrich_K3_mathhard_s123_ttemp1.5/ckpt_best,math_eval,gbv,4,8,100,0,2731,4.789088,13.4376,356.395,74.418,21.8975,13079,973.31,775.672,130.271,23.219,36.005,0.041,29.4,5.3,19363,16819,87978,,,5.3,16843,18076,cuda:3,123,bf16,12,NVIDIA A100-SXM4-80GB,4,79.2,580.126.09,96,48,1121.8,Linux-6.12.68-92.122.amzn2023.x86_64-x86_64-with-glibc2.39,,https://wandb.ai/rmukund16-indian-institute-of-technology-hyderabad/distillspec-pipeline/runs/7auspodd,0
2026-06-24T09:06:35,checkpoints/jsd_flat_enrich_K3_mathhard_s456/ckpt_best,math_eval,gbv,1,8,100,0,2119,6.194903,17.0320,363.722,58.713,9.0000,13127,770.73,621.819,103.144,8.913,28.429,0.039,25.1,4.5,19071,15325,80847,,,7.0,16794.2,17784.0,cuda:0,123,bf16,12,NVIDIA A100-SXM4-80GB,4,79.2,580.126.09,96,48,1121.8,Linux-6.12.68-92.122.amzn2023.x86_64-x86_64-with-glibc2.39,,https://wandb.ai/rmukund16-indian-institute-of-technology-hyderabad/distillspec-pipeline/runs/lb5m8j9f,0
2026-06-24T08:54:55,checkpoints/jsd_flat_enrich_K3_mathhard_s456/ckpt_best,math_eval,gbv,2,8,100,0,2438,5.384742,14.5850,369.197,68.563,13.3913,13128,900.10,721.357,118.485,18.859,32.991,0.040,27.7,4.6,19119,15741,83203,,,5.7,16812.8,17832.0,cuda:1,123,bf16,12,NVIDIA A100-SXM4-80GB,4,79.2,580.126.09,96,48,1121.8,Linux-6.12.68-92.122.amzn2023.x86_64-x86_64-with-glibc2.39,,https://wandb.ai/rmukund16-indian-institute-of-technology-hyderabad/distillspec-pipeline/runs/lb5m8j9f,0
2026-06-24T07:49:41,checkpoints/jsd_flat_enrich_K3_mathhard_s456/ckpt_best,math_eval,gbv,3,8,100,0,2666,4.917479,12.9275,380.389,77.354,17.5911,13110,1014.12,812.500,133.757,22.904,36.193,0.046,27.1,4.5,19205,16262,85653,,,9.3,16815.1,17918.0,cuda:2,123,bf16,12,NVIDIA A100-SXM4-80GB,4,79.2,580.126.09,96,48,1121.8,Linux-6.12.68-92.122.amzn2023.x86_64-x86_64-with-glibc2.39,,https://wandb.ai/rmukund16-indian-institute-of-technology-hyderabad/distillspec-pipeline/runs/lb5m8j9f,0
2026-06-24T08:45:05,checkpoints/jsd_flat_enrich_K3_mathhard_s456/ckpt_best,math_eval,gbv,4,8,100,0,2875,4.547478,12.1469,374.372,82.325,22.0734,13074,1076.32,859.007,143.567,26.141,39.017,0.041,27.7,4.8,19383,15851,91221,,,6.5,16845.4,18096.0,cuda:3,123,bf16,12,NVIDIA A100-SXM4-80GB,4,79.2,580.126.09,96,48,1121.8,Linux-6.12.68-92.122.amzn2023.x86_64-x86_64-with-glibc2.39,,https://wandb.ai/rmukund16-indian-institute-of-technology-hyderabad/distillspec-pipeline/runs/lb5m8j9f,0
2026-06-22T12:33:40,checkpoints/jsd_mathhard_s123/ckpt_best,math_eval,gbv,1,8,100,0,2220,5.892342,15.871,371.265,63.008,9,13081,824.21,664.904,110.176,9.54,30.421,0.05,24.7,4.3,19920,14964,83171,,,9.5,16791.8,17790,cuda:0,123,bf16,12,NVIDIA A100-SXM4-80GB,4,79.2,580.126.09,96,48,1121.8,Linux-6.12.68-92.122.amzn2023.x86_64-x86_64-with-glibc2.39,,https://wandb.ai/rmukund16-indian-institute-of-technology-hyderabad/distillspec-pipeline/runs/1heslnth,0
2026-06-22T13:09:44,checkpoints/jsd_mathhard_s123/ckpt_best,math_eval,gbv,2,8,100,0,2524,5.21038,13.5458,384.649,73.824,13.6442,13151,970.85,778.858,127.132,20.301,35.204,0.052,26.4,4.4,19992,15733,86467,,,10.1,16803.5,17862,cuda:0,123,bf16,12,NVIDIA A100-SXM4-80GB,4,79.2,580.126.09,96,48,1121.8,Linux-6.12.68-92.122.amzn2023.x86_64-x86_64-with-glibc2.39,,https://wandb.ai/rmukund16-indian-institute-of-technology-hyderabad/distillspec-pipeline/runs/1heslnth,0
2026-06-22T14:02:28,checkpoints/jsd_mathhard_s123/ckpt_best,math_eval,gbv,3,8,100,0,2596,5.035054,13.1724,382.243,75.916,17.5763,13071,992.3,794.304,129.826,22.634,36.789,0.045,27.1,4.5,20062,15638,82866,,,10.1,16812.8,17932,cuda:0,123,bf16,12,NVIDIA A100-SXM4-80GB,4,79.2,580.126.09,96,48,1121.8,Linux-6.12.68-92.122.amzn2023.x86_64-x86_64-with-glibc2.39,,https://wandb.ai/rmukund16-indian-institute-of-technology-hyderabad/distillspec-pipeline/runs/1heslnth,0
2026-06-22T15:37:39,checkpoints/jsd_mathhard_s123/ckpt_best,math_eval,gbv,4,8,100,0,2826,4.634112,12.7692,362.914,78.314,21.8185,13096,1025.59,817.473,136.955,24.621,38.256,0.04,28.6,5.1,20338,16236,87664,,,5.2,16819.8,18208,cuda:0,123,bf16,12,NVIDIA A100-SXM4-80GB,4,79.2,580.126.09,96,48,1121.8,Linux-6.12.68-92.122.amzn2023.x86_64-x86_64-with-glibc2.39,,https://wandb.ai/rmukund16-indian-institute-of-technology-hyderabad/distillspec-pipeline/runs/1heslnth,0
2026-06-23T13:42:35,checkpoints/jsd_mathhard_s456/ckpt_best,math_eval,gbv,1,8,100,0,2194,5.999544,16.5134,363.313,60.557,9,13163,797.11,642.762,107.151,9.092,29.68,0.04,25.2,4.5,19055,15686,81567,,,5.4,16791.8,17768,cuda:1,123,bf16,12,NVIDIA A100-SXM4-80GB,4,79.2,580.126.09,96,48,1121.8,Linux-6.12.68-92.122.amzn2023.x86_64-x86_64-with-glibc2.39,,https://wandb.ai/rmukund16-indian-institute-of-technology-hyderabad/distillspec-pipeline/runs/d6homdte,0
2026-06-23T17:37:32,checkpoints/jsd_mathhard_s456/ckpt_best,math_eval,gbv,2,8,100,0,2374,5.541702,15.6831,353.356,63.763,13.3067,13156,838.87,672.317,110.112,17.14,31.31,0.037,28.8,4.9,19143,16476,88575,,,5.2,16819.8,17856,cuda:1,123,bf16,12,NVIDIA A100-SXM4-80GB,4,79.2,580.126.09,96,48,1121.8,Linux-6.12.68-92.122.amzn2023.x86_64-x86_64-with-glibc2.39,,https://wandb.ai/rmukund16-indian-institute-of-technology-hyderabad/distillspec-pipeline/runs/d6homdte,0
2026-06-23T19:09:07,checkpoints/jsd_mathhard_s456/ckpt_best,math_eval,gbv,3,8,100,0,2686,4.857409,13.8563,350.555,72.169,17.8131,13047,941.59,753.302,124.287,20.916,35.15,0,29.6,5.4,19215,17222,90455,,,3.1,16817.4,17928,cuda:1,123,bf16,12,NVIDIA A100-SXM4-80GB,4,79.2,580.126.09,96,48,1121.8,Linux-6.12.68-92.122.amzn2023.x86_64-x86_64-with-glibc2.39,,https://wandb.ai/rmukund16-indian-institute-of-technology-hyderabad/distillspec-pipeline/runs/d6homdte,0
2026-06-24T01:51:20,checkpoints/jsd_mathhard_s456/ckpt_best,math_eval,gbv,4,8,100,0,2870,4.567596,11.8281,386.166,84.545,22.0676,13109,1108.30,885.603,147.769,26.870,39.158,0.043,27.1,4.5,19375,14727,83919,,,6.2,16840.7,18088.0,cuda:1,123,bf16,12,NVIDIA A100-SXM4-80GB,4,79.2,580.126.09,96,48,1121.8,Linux-6.12.68-92.122.amzn2023.x86_64-x86_64-with-glibc2.39,,https://wandb.ai/rmukund16-indian-institute-of-technology-hyderabad/distillspec-pipeline/runs/d6homdte,0
2026-06-22T07:05:19,checkpoints/jsd_flat_enrich_K1_mathhard_s123/ckpt_best,math_eval,khiiti,1,8,0,100,0,nan,nan,nan,nan,nan,0,0,0,0,0,0,0.04,27.3,6.3,19882,16657,214103,,,10.4,16770.9,17752,cuda:0,123,bf16,12,NVIDIA A100-SXM4-80GB,4,79.2,580.126.09,96,48,1121.8,Linux-6.12.68-92.122.amzn2023.x86_64-x86_64-with-glibc2.39,,https://wandb.ai/rmukund16-indian-institute-of-technology-hyderabad/distillspec-pipeline/runs/hjlsg2cr,0
2026-06-22T09:07:22,checkpoints/jsd_flat_enrich_K1_mathhard_s123/ckpt_best,math_eval,khiiti,2,8,0,100,0,nan,nan,nan,nan,nan,0,0,0,0,0,0,0.039,25.3,5.6,19902,13286,77630,,,10.1,16770.9,17772,cuda:0,123,bf16,12,NVIDIA A100-SXM4-80GB,4,79.2,580.126.09,96,48,1121.8,Linux-6.12.68-92.122.amzn2023.x86_64-x86_64-with-glibc2.39,,https://wandb.ai/rmukund16-indian-institute-of-technology-hyderabad/distillspec-pipeline/runs/hjlsg2cr,0
2026-06-22T12:40:05,checkpoints/jsd_flat_enrich_K1_mathhard_s123/ckpt_best,math_eval,khisti,1,8,100,0,2242,5.859054,15.8242,370.258,63.194,9,13136,830.12,676.637,111.789,1.379,31.036,0.048,24.2,4.4,19037,15124,78333,,,9.7,16770.9,17750,cuda:2,123,bf16,12,NVIDIA A100-SXM4-80GB,4,79.2,580.126.09,96,48,1121.8,Linux-6.12.68-92.122.amzn2023.x86_64-x86_64-with-glibc2.39,,https://wandb.ai/rmukund16-indian-institute-of-technology-hyderabad/distillspec-pipeline/runs/hjlsg2cr,0
2026-06-22T13:35:24,checkpoints/jsd_flat_enrich_K1_mathhard_s123/ckpt_best,math_eval,khisti,2,8,100,0,2601,5.027682,12.68,396.504,78.864,13.757,13077,1031.31,821.899,134.353,28.891,36.609,0.05,25.3,4.2,19059,15079,78255,,,9.1,16770.9,17772,cuda:2,123,bf16,12,NVIDIA A100-SXM4-80GB,4,79.2,580.126.09,96,48,1121.8,Linux-6.12.68-92.122.amzn2023.x86_64-x86_64-with-glibc2.39,,https://wandb.ai/rmukund16-indian-institute-of-technology-hyderabad/distillspec-pipeline/runs/hjlsg2cr,0
2026-06-22T10:35:05,checkpoints/jsd_flat_enrich_K1_mathhard_s123/ckpt_best,math_eval,khisti,3,8,100,0,2841,4.608589,11.5473,399.105,86.6,18.2362,13093,1133.86,885.342,145.053,54.15,40.304,0.039,25.6,4.2,19966,14619,89347,,,10.3,16770.9,17836,cuda:0,123,bf16,12,NVIDIA A100-SXM4-80GB,4,79.2,580.126.09,96,48,1121.8,Linux-6.12.68-92.122.amzn2023.x86_64-x86_64-with-glibc2.39,,https://wandb.ai/rmukund16-indian-institute-of-technology-hyderabad/distillspec-pipeline/runs/hjlsg2cr,0
2026-06-22T15:39:35,checkpoints/jsd_flat_enrich_K1_mathhard_s123/ckpt_best,math_eval,khisti,4,8,100,0,3085,4.223015,11.2487,375.421,88.899,23.1316,13028,1158.17,888.827,148.317,71.764,40.969,0.036,27.6,4.8,19137,15798,83902,,,5.2,16770.9,17850,cuda:2,123,bf16,12,NVIDIA A100-SXM4-80GB,4,79.2,580.126.09,96,48,1121.8,Linux-6.12.68-92.122.amzn2023.x86_64-x86_64-with-glibc2.39,,https://wandb.ai/rmukund16-indian-institute-of-technology-hyderabad/distillspec-pipeline/runs/hjlsg2cr,0
2026-06-23T11:58:01,checkpoints/jsd_flat_enrich_K1_mathhard_s456/ckpt_best,math_eval,khisti,1,8,100,0,2223,5.897886,16.2052,363.95,61.708,9,13111,809.06,659.139,109.688,1.317,30.367,0.042,24.7,4.4,19458,14975,78813,,,5.3,16770.9,17750,cuda:0,123,bf16,12,NVIDIA A100-SXM4-80GB,4,79.2,580.126.09,96,48,1121.8,Linux-6.12.68-92.122.amzn2023.x86_64-x86_64-with-glibc2.39,,https://wandb.ai/rmukund16-indian-institute-of-technology-hyderabad/distillspec-pipeline/runs/mekhfoy6,0
2026-06-23T14:04:04,checkpoints/jsd_flat_enrich_K1_mathhard_s456/ckpt_best,math_eval,khisti,2,8,100,0,2562,5.115144,13.5789,376.699,73.644,13.4906,13105,965.1,767.073,126.392,28.203,34.936,0.039,26.6,4.5,19480,15368,82075,,,5.4,16770.9,17772,cuda:0,123,bf16,12,NVIDIA A100-SXM4-80GB,4,79.2,580.126.09,96,48,1121.8,Linux-6.12.68-92.122.amzn2023.x86_64-x86_64-with-glibc2.39,,https://wandb.ai/rmukund16-indian-institute-of-technology-hyderabad/distillspec-pipeline/runs/mekhfoy6,0
2026-06-23T16:24:47,checkpoints/jsd_flat_enrich_K1_mathhard_s456/ckpt_best,math_eval,khisti,3,8,100,0,2942,4.452753,11.6286,382.914,85.995,18.3623,13100,1126.53,880.092,146.682,51.586,39.53,0.04,26.8,4.5,19628,15475,81382,,,5.3,16803.5,17920,cuda:0,123,bf16,12,NVIDIA A100-SXM4-80GB,4,79.2,580.126.09,96,48,1121.8,Linux-6.12.68-92.122.amzn2023.x86_64-x86_64-with-glibc2.39,,https://wandb.ai/rmukund16-indian-institute-of-technology-hyderabad/distillspec-pipeline/runs/mekhfoy6,0
2026-06-24T01:31:35,checkpoints/jsd_flat_enrich_K1_mathhard_s456/ckpt_best,math_eval,khisti,4,8,100,0,2997,4.360027,10.7587,405.256,92.948,22.3220,13067,1214.55,932.593,154.200,77.220,41.574,0.036,25.4,4.4,19670,15108,82193,,,7.0,16770.9,17962.0,cuda:0,123,bf16,12,NVIDIA A100-SXM4-80GB,4,79.2,580.126.09,96,48,1121.8,Linux-6.12.68-92.122.amzn2023.x86_64-x86_64-with-glibc2.39,,https://wandb.ai/rmukund16-indian-institute-of-technology-hyderabad/distillspec-pipeline/runs/mekhfoy6,0
2026-06-23T03:57:02,checkpoints/jsd_flat_enrich_K3_mathhard_s123/ckpt_best,math_eval,khisti,1,8,100,0,2209,5.952467,17.0893,348.316,58.516,9,13149,769.43,627.101,103.442,1.219,29.58,0.034,26.1,4.9,19039,16301,85396,,,5.2,16770.9,17752,cuda:1,123,bf16,12,NVIDIA A100-SXM4-80GB,4,79.2,580.126.09,96,48,1121.8,Linux-6.12.68-92.122.amzn2023.x86_64-x86_64-with-glibc2.39,,https://wandb.ai/rmukund16-indian-institute-of-technology-hyderabad/distillspec-pipeline/runs/4whq9rs9,0
2026-06-23T06:06:18,checkpoints/jsd_flat_enrich_K3_mathhard_s123/ckpt_best,math_eval,khisti,2,8,100,0,2498,5.241793,14.1835,369.571,70.505,13.504,13094,923.19,733.923,120.373,26.578,33.992,0.037,27,4.6,19059,16253,83773,,,5.2,16770.9,17772,cuda:1,123,bf16,12,NVIDIA A100-SXM4-80GB,4,79.2,580.126.09,96,48,1121.8,Linux-6.12.68-92.122.amzn2023.x86_64-x86_64-with-glibc2.39,,https://wandb.ai/rmukund16-indian-institute-of-technology-hyderabad/distillspec-pipeline/runs/4whq9rs9,0
2026-06-23T08:32:48,checkpoints/jsd_flat_enrich_K3_mathhard_s123/ckpt_best,math_eval,khisti,3,8,100,0,2837,4.606627,12.433,370.517,80.431,18.0148,13069,1051.16,820.583,135.039,49.361,37.966,0.034,27.5,4.8,19145,15772,84465,,,5.2,16770.9,17858,cuda:1,123,bf16,12,NVIDIA A100-SXM4-80GB,4,79.2,580.126.09,96,48,1121.8,Linux-6.12.68-92.122.amzn2023.x86_64-x86_64-with-glibc2.39,,https://wandb.ai/rmukund16-indian-institute-of-technology-hyderabad/distillspec-pipeline/runs/4whq9rs9,0
2026-06-23T11:09:46,checkpoints/jsd_flat_enrich_K3_mathhard_s123/ckpt_best,math_eval,khisti,4,8,100,0,2941,4.451547,11.1015,400.987,90.078,22.2744,13092,1179.3,903.886,151.504,74.423,40.641,0.04,25.8,4.4,19269,15087,77940,,,5.3,16770.9,17982,cuda:1,123,bf16,12,NVIDIA A100-SXM4-80GB,4,79.2,580.126.09,96,48,1121.8,Linux-6.12.68-92.122.amzn2023.x86_64-x86_64-with-glibc2.39,,https://wandb.ai/rmukund16-indian-institute-of-technology-hyderabad/distillspec-pipeline/runs/4whq9rs9,0
2026-06-23T08:28:02,checkpoints/jsd_flat_enrich_K3_mathhard_s123_ttemp1.5/ckpt_best,math_eval,khisti,1,8,100,0,2322,5.635659,16.1659,348.613,61.858,9,13086,809.48,659.841,109.085,1.313,31.114,0.036,26.6,4.8,19033,15783,83856,,,5.2,16770.9,17746,cuda:3,123,bf16,12,NVIDIA A100-SXM4-80GB,4,79.2,580.126.09,96,48,1121.8,Linux-6.12.68-92.122.amzn2023.x86_64-x86_64-with-glibc2.39,,https://wandb.ai/rmukund16-indian-institute-of-technology-hyderabad/distillspec-pipeline/runs/7auspodd,0
2026-06-23T11:09:24,checkpoints/jsd_flat_enrich_K3_mathhard_s123_ttemp1.5/ckpt_best,math_eval,khisti,2,8,100,0,2565,5.119298,13.8216,370.383,72.35,13.6721,13131,950.03,755.733,124.367,27.09,34.451,0.037,27.6,4.5,19061,15473,83255,,,5.3,16770.9,17774,cuda:3,123,bf16,12,NVIDIA A100-SXM4-80GB,4,79.2,580.126.09,96,48,1121.8,Linux-6.12.68-92.122.amzn2023.x86_64-x86_64-with-glibc2.39,,https://wandb.ai/rmukund16-indian-institute-of-technology-hyderabad/distillspec-pipeline/runs/7auspodd,0
2026-06-23T14:35:22,checkpoints/jsd_flat_enrich_K3_mathhard_s123_ttemp1.5/ckpt_best,math_eval,khisti,3,8,100,0,2856,4.573179,10.6778,428.287,93.652,18.2514,13061,1223.19,959.315,158.736,53.965,41.597,0.039,24.4,4.1,19195,14338,73671,,,5.3,16803.5,17908,cuda:3,123,bf16,12,NVIDIA A100-SXM4-80GB,4,79.2,580.126.09,96,48,1121.8,Linux-6.12.68-92.122.amzn2023.x86_64-x86_64-with-glibc2.39,,https://wandb.ai/rmukund16-indian-institute-of-technology-hyderabad/distillspec-pipeline/runs/7auspodd,0
2026-06-23T15:52:41,checkpoints/jsd_flat_enrich_K3_mathhard_s123_ttemp1.5/ckpt_best,math_eval,khisti,4,8,100,0,3017,4.340736,11.1905,387.896,89.362,22.9195,13096,1170.28,897.834,149.854,72.781,41.236,0.04,27,4.7,19269,15497,81236,,,5.3,16770.9,17982,cuda:3,123,bf16,12,NVIDIA A100-SXM4-80GB,4,79.2,580.126.09,96,48,1121.8,Linux-6.12.68-92.122.amzn2023.x86_64-x86_64-with-glibc2.39,,https://wandb.ai/rmukund16-indian-institute-of-technology-hyderabad/distillspec-pipeline/runs/7auspodd,0
2026-06-24T08:53:18,checkpoints/jsd_flat_enrich_K3_mathhard_s456/ckpt_best,math_eval,khisti,1,8,100,0,2228,5.886894,16.5331,356.066,60.485,9.0000,13116,793.32,646.530,107.430,1.295,29.712,0.038,25.4,4.7,19039,15433,80926,,,5.7,16770.9,17752.0,cuda:0,123,bf16,12,NVIDIA A100-SXM4-80GB,4,79.2,580.126.09,96,48,1121.8,Linux-6.12.68-92.122.amzn2023.x86_64-x86_64-with-glibc2.39,,https://wandb.ai/rmukund16-indian-institute-of-technology-hyderabad/distillspec-pipeline/runs/lb5m8j9f,0
2026-06-24T08:39:28,checkpoints/jsd_flat_enrich_K3_mathhard_s456/ckpt_best,math_eval,khisti,2,8,100,0,2524,5.194929,13.6952,379.325,73.018,13.4493,13112,957.42,761.006,124.402,28.764,34.639,0.039,26.7,4.5,19059,15256,85388,,,7.2,16770.9,17772.0,cuda:1,123,bf16,12,NVIDIA A100-SXM4-80GB,4,79.2,580.126.09,96,48,1121.8,Linux-6.12.68-92.122.amzn2023.x86_64-x86_64-with-glibc2.39,,https://wandb.ai/rmukund16-indian-institute-of-technology-hyderabad/distillspec-pipeline/runs/lb5m8j9f,0
2026-06-24T08:23:04,checkpoints/jsd_flat_enrich_K3_mathhard_s456/ckpt_best,math_eval,khisti,3,8,100,0,2820,4.629787,12.1595,380.756,82.240,17.9174,13056,1073.73,836.503,137.919,52.886,37.858,0.035,26.9,4.5,19205,15436,80957,,,8.7,16803.5,17918.0,cuda:2,123,bf16,12,NVIDIA A100-SXM4-80GB,4,79.2,580.126.09,96,48,1121.8,Linux-6.12.68-92.122.amzn2023.x86_64-x86_64-with-glibc2.39,,https://wandb.ai/rmukund16-indian-institute-of-technology-hyderabad/distillspec-pipeline/runs/lb5m8j9f,0
2026-06-24T08:26:36,checkpoints/jsd_flat_enrich_K3_mathhard_s456/ckpt_best,math_eval,khisti,4,8,100,0,2955,4.429780,11.5428,383.770,86.634,22.1147,13090,1134.04,868.031,144.067,74.054,39.464,0.035,27.0,4.8,19269,15329,79975,,,8.6,16770.9,17982.0,cuda:3,123,bf16,12,NVIDIA A100-SXM4-80GB,4,79.2,580.126.09,96,48,1121.8,Linux-6.12.68-92.122.amzn2023.x86_64-x86_64-with-glibc2.39,,https://wandb.ai/rmukund16-indian-institute-of-technology-hyderabad/distillspec-pipeline/runs/lb5m8j9f,0
2026-06-22T07:02:05,checkpoints/jsd_mathhard_s123/ckpt_best,math_eval,khisti,1,8,100,0,2239,5.848146,15.1953,384.866,65.81,9,13094,861.72,704.043,115.386,1.508,31.741,0.041,23.3,4.2,19041,14741,80559,,,10.5,16770.9,17754,cuda:2,123,bf16,12,NVIDIA A100-SXM4-80GB,4,79.2,580.126.09,96,48,1121.8,Linux-6.12.68-92.122.amzn2023.x86_64-x86_64-with-glibc2.39,,https://wandb.ai/rmukund16-indian-institute-of-technology-hyderabad/distillspec-pipeline/runs/1heslnth,0
2026-06-22T09:03:56,checkpoints/jsd_mathhard_s123/ckpt_best,math_eval,khisti,2,8,100,0,2536,5.163249,13.7402,375.778,72.779,13.5039,13094,952.97,757.829,123.551,28.531,34.467,0.04,26.5,4.5,19061,15403,97662,,,10.4,16770.9,17774,cuda:2,123,bf16,12,NVIDIA A100-SXM4-80GB,4,79.2,580.126.09,96,48,1121.8,Linux-6.12.68-92.122.amzn2023.x86_64-x86_64-with-glibc2.39,,https://wandb.ai/rmukund16-indian-institute-of-technology-hyderabad/distillspec-pipeline/runs/1heslnth,0
2026-06-22T10:27:27,checkpoints/jsd_mathhard_s123/ckpt_best,math_eval,khisti,3,8,100,0,2953,4.419912,11.0977,398.273,90.109,18.342,13052,1176.1,920.483,151.263,54.182,41.138,0.04,25.6,4.2,19123,14409,85195,,,10.3,16770.9,17836,cuda:2,123,bf16,12,NVIDIA A100-SXM4-80GB,4,79.2,580.126.09,96,48,1121.8,Linux-6.12.68-92.122.amzn2023.x86_64-x86_64-with-glibc2.39,,https://wandb.ai/rmukund16-indian-institute-of-technology-hyderabad/distillspec-pipeline/runs/1heslnth,0
2026-06-22T15:20:02,checkpoints/jsd_mathhard_s123/ckpt_best,math_eval,khisti,4,8,100,0,2971,4.384046,11.2955,388.123,88.531,22.5483,13025,1153.11,883.989,147.657,72.586,40.326,0.037,26.7,4.7,20256,15417,81386,,,5,16770.9,18126,cuda:0,123,bf16,12,NVIDIA A100-SXM4-80GB,4,79.2,580.126.09,96,48,1121.8,Linux-6.12.68-92.122.amzn2023.x86_64-x86_64-with-glibc2.39,,https://wandb.ai/rmukund16-indian-institute-of-technology-hyderabad/distillspec-pipeline/runs/1heslnth,0
2026-06-23T13:28:50,checkpoints/jsd_mathhard_s456/ckpt_best,math_eval,khisti,1,8,100,0,2253,5.818464,16.223,358.656,61.641,9,13109,808.05,658.066,109.501,1.297,30.413,0.045,25.2,4.5,19041,15684,82203,,,5.5,16770.9,17754,cuda:1,123,bf16,12,NVIDIA A100-SXM4-80GB,4,79.2,580.126.09,96,48,1121.8,Linux-6.12.68-92.122.amzn2023.x86_64-x86_64-with-glibc2.39,,https://wandb.ai/rmukund16-indian-institute-of-technology-hyderabad/distillspec-pipeline/runs/d6homdte,0
2026-06-23T17:23:11,checkpoints/jsd_mathhard_s456/ckpt_best,math_eval,khisti,2,8,100,0,2565,5.111891,14.3686,355.769,69.596,13.3489,13112,912.55,724.908,118.648,27.159,33.816,0.035,28.2,4.9,19061,16023,85176,,,5.3,16770.9,17774,cuda:1,123,bf16,12,NVIDIA A100-SXM4-80GB,4,79.2,580.126.09,96,48,1121.8,Linux-6.12.68-92.122.amzn2023.x86_64-x86_64-with-glibc2.39,,https://wandb.ai/rmukund16-indian-institute-of-technology-hyderabad/distillspec-pipeline/runs/d6homdte,0
2026-06-23T19:08:35,checkpoints/jsd_mathhard_s456/ckpt_best,math_eval,khisti,3,8,100,0,2742,4.774252,13.0786,365.043,76.461,17.8534,13091,1000.95,778.051,128.123,50.428,36.238,0.035,28,4.9,19215,16406,85932,,,3.2,16798.8,17928,cuda:1,123,bf16,12,NVIDIA A100-SXM4-80GB,4,79.2,580.126.09,96,48,1121.8,Linux-6.12.68-92.122.amzn2023.x86_64-x86_64-with-glibc2.39,,https://wandb.ai/rmukund16-indian-institute-of-technology-hyderabad/distillspec-pipeline/runs/d6homdte,0
2026-06-24T01:32:16,checkpoints/jsd_mathhard_s456/ckpt_best,math_eval,khisti,4,8,100,0,2961,4.414387,10.9995,401.325,90.913,22.0436,13071,1188.32,910.928,151.248,76.607,40.647,0.039,25.9,4.3,19269,14772,83880,,,6.9,16770.9,17982.0,cuda:1,123,bf16,12,NVIDIA A100-SXM4-80GB,4,79.2,580.126.09,96,48,1121.8,Linux-6.12.68-92.122.amzn2023.x86_64-x86_64-with-glibc2.39,,https://wandb.ai/rmukund16-indian-institute-of-technology-hyderabad/distillspec-pipeline/runs/d6homdte,0
2026-06-22T13:06:47,checkpoints/jsd_flat_enrich_K1_mathhard_s123/ckpt_best,math_eval,max,1,8,100,0,2242,5.859054,16.885,346.998,59.224,9,13136,777.97,633.636,105.128,1.293,29.753,0.038,26,4.8,19055,17117,90615,,,10.1,16770.9,17768,cuda:2,123,bf16,12,NVIDIA A100-SXM4-80GB,4,79.2,580.126.09,96,48,1121.8,Linux-6.12.68-92.122.amzn2023.x86_64-x86_64-with-glibc2.39,,https://wandb.ai/rmukund16-indian-institute-of-technology-hyderabad/distillspec-pipeline/runs/hjlsg2cr,0
2026-06-22T14:08:35,checkpoints/jsd_flat_enrich_K1_mathhard_s123/ckpt_best,math_eval,max,2,8,100,0,2544,5.136006,12.562,408.851,79.605,13.5979,13066,1040.12,805.691,131.82,58.187,35.379,0.04,25.2,4.1,19153,15136,78597,,,10.1,16787.2,17866,cuda:2,123,bf16,12,NVIDIA A100-SXM4-80GB,4,79.2,580.126.09,96,48,1121.8,Linux-6.12.68-92.122.amzn2023.x86_64-x86_64-with-glibc2.39,,https://wandb.ai/rmukund16-indian-institute-of-technology-hyderabad/distillspec-pipeline/runs/hjlsg2cr,0
2026-06-22T15:02:58,checkpoints/jsd_flat_enrich_K1_mathhard_s123/ckpt_best,math_eval,max,3,8,100,0,2603,5.026892,12.5091,401.86,79.942,17.5751,13085,1046.04,781.178,129.817,90.947,35.491,0.039,26.5,4.4,19241,15281,81807,,,5.2,16810.4,17954,cuda:2,123,bf16,12,NVIDIA A100-SXM4-80GB,4,79.2,580.126.09,96,48,1121.8,Linux-6.12.68-92.122.amzn2023.x86_64-x86_64-with-glibc2.39,,https://wandb.ai/rmukund16-indian-institute-of-technology-hyderabad/distillspec-pipeline/runs/hjlsg2cr,0
2026-06-22T16:15:43,checkpoints/jsd_flat_enrich_K1_mathhard_s123/ckpt_best,math_eval,max,4,8,100,0,2709,4.818752,12.1068,398.021,82.598,21.7379,13054,1078.24,783.712,130.548,119.674,36.027,0.035,27.2,4.6,19265,15934,83495,,,5.2,16836.1,17978,cuda:2,123,bf16,12,NVIDIA A100-SXM4-80GB,4,79.2,580.126.09,96,48,1121.8,Linux-6.12.68-92.122.amzn2023.x86_64-x86_64-with-glibc2.39,,https://wandb.ai/rmukund16-indian-institute-of-technology-hyderabad/distillspec-pipeline/runs/hjlsg2cr,0
2026-06-23T11:03:39,checkpoints/jsd_flat_enrich_K1_mathhard_s456/ckpt_best,math_eval,max,1,8,100,0,2223,5.897886,16.7206,352.732,59.807,9,13111,784.12,639.286,105.3,1.268,30.026,0.039,25.5,4.6,19458,15432,81898,,,5.3,16770.9,17750,cuda:0,123,bf16,12,NVIDIA A100-SXM4-80GB,4,79.2,580.126.09,96,48,1121.8,Linux-6.12.68-92.122.amzn2023.x86_64-x86_64-with-glibc2.39,,https://wandb.ai/rmukund16-indian-institute-of-technology-hyderabad/distillspec-pipeline/runs/mekhfoy6,0
2026-06-23T14:51:35,checkpoints/jsd_flat_enrich_K1_mathhard_s456/ckpt_best,math_eval,max,2,8,100,0,2548,5.134223,12.8948,398.161,77.55,13.5934,13082,1014.52,784.064,129.255,56.915,35.509,0.039,25.9,4.3,19540,15341,80677,,,5.3,16782.5,17832,cuda:0,123,bf16,12,NVIDIA A100-SXM4-80GB,4,79.2,580.126.09,96,48,1121.8,Linux-6.12.68-92.122.amzn2023.x86_64-x86_64-with-glibc2.39,,https://wandb.ai/rmukund16-indian-institute-of-technology-hyderabad/distillspec-pipeline/runs/mekhfoy6,0
2026-06-23T17:20:43,checkpoints/jsd_flat_enrich_K1_mathhard_s456/ckpt_best,math_eval,max,3,8,100,0,2555,5.117417,12.7248,402.16,78.587,17.589,13075,1027.52,767.871,127.538,89.201,34.314,0.039,26.3,4.2,19628,15049,79322,,,5.3,16803.5,17920,cuda:0,123,bf16,12,NVIDIA A100-SXM4-80GB,4,79.2,580.126.09,96,48,1121.8,Linux-6.12.68-92.122.amzn2023.x86_64-x86_64-with-glibc2.39,,https://wandb.ai/rmukund16-indian-institute-of-technology-hyderabad/distillspec-pipeline/runs/mekhfoy6,0
2026-06-24T02:32:19,checkpoints/jsd_flat_enrich_K1_mathhard_s456/ckpt_best,math_eval,max,4,8,100,0,2691,4.866221,11.4259,425.893,87.520,21.4961,13095,1146.08,833.780,137.743,128.297,37.347,0.038,25.2,4.1,19774,14730,86571,,,7.3,16815.1,18066.0,cuda:0,123,bf16,12,NVIDIA A100-SXM4-80GB,4,79.2,580.126.09,96,48,1121.8,Linux-6.12.68-92.122.amzn2023.x86_64-x86_64-with-glibc2.39,,https://wandb.ai/rmukund16-indian-institute-of-technology-hyderabad/distillspec-pipeline/runs/mekhfoy6,0
2026-06-23T04:41:09,checkpoints/jsd_flat_enrich_K3_mathhard_s123/ckpt_best,math_eval,max,1,8,100,0,2209,5.952467,17.0432,349.257,58.674,9,13149,771.51,628.543,103.964,1.235,29.641,0.035,25.7,4.7,19077,15970,84641,,,5.3,16770.9,17790,cuda:1,123,bf16,12,NVIDIA A100-SXM4-80GB,4,79.2,580.126.09,96,48,1121.8,Linux-6.12.68-92.122.amzn2023.x86_64-x86_64-with-glibc2.39,,https://wandb.ai/rmukund16-indian-institute-of-technology-hyderabad/distillspec-pipeline/runs/4whq9rs9,0
2026-06-23T07:00:48,checkpoints/jsd_flat_enrich_K3_mathhard_s123/ckpt_best,math_eval,max,2,8,100,0,2493,5.259527,11.7192,448.795,85.33,13.6217,13112,1118.85,868.352,142.004,61.104,37.519,0.038,22.8,3.8,19143,13511,70595,,,4.2,16791.8,17856,cuda:1,123,bf16,12,NVIDIA A100-SXM4-80GB,4,79.2,580.126.09,96,48,1121.8,Linux-6.12.68-92.122.amzn2023.x86_64-x86_64-with-glibc2.39,,https://wandb.ai/rmukund16-indian-institute-of-technology-hyderabad/distillspec-pipeline/runs/4whq9rs9,0
2026-06-23T09:27:24,checkpoints/jsd_flat_enrich_K3_mathhard_s123/ckpt_best,math_eval,max,3,8,100,0,2625,4.99619,12.7775,391.013,78.262,17.6743,13115,1026.41,767.008,126.194,89.519,35.379,0.035,27.1,4.5,19227,15862,81848,,,5,16805.8,17940,cuda:1,123,bf16,12,NVIDIA A100-SXM4-80GB,4,79.2,580.126.09,96,48,1121.8,Linux-6.12.68-92.122.amzn2023.x86_64-x86_64-with-glibc2.39,,https://wandb.ai/rmukund16-indian-institute-of-technology-hyderabad/distillspec-pipeline/runs/4whq9rs9,0
2026-06-23T12:10:01,checkpoints/jsd_flat_enrich_K3_mathhard_s123/ckpt_best,math_eval,max,4,8,100,0,2692,4.873328,11.7879,413.418,84.833,21.7886,13119,1112.92,810.955,134.835,121.351,37.203,0.036,26,4.3,19367,14700,77125,,,5.3,16819.8,18080,cuda:1,123,bf16,12,NVIDIA A100-SXM4-80GB,4,79.2,580.126.09,96,48,1121.8,Linux-6.12.68-92.122.amzn2023.x86_64-x86_64-with-glibc2.39,,https://wandb.ai/rmukund16-indian-institute-of-technology-hyderabad/distillspec-pipeline/runs/4whq9rs9,0
2026-06-23T09:13:32,checkpoints/jsd_flat_enrich_K3_mathhard_s123_ttemp1.5/ckpt_best,math_eval,max,1,8,100,0,2322,5.635659,15.3183,367.903,65.281,9,13086,854.27,697.068,115.378,1.352,31.92,0.039,25.2,4.5,19073,15470,79356,,,5.3,16770.9,17786,cuda:3,123,bf16,12,NVIDIA A100-SXM4-80GB,4,79.2,580.126.09,96,48,1121.8,Linux-6.12.68-92.122.amzn2023.x86_64-x86_64-with-glibc2.39,,https://wandb.ai/rmukund16-indian-institute-of-technology-hyderabad/distillspec-pipeline/runs/7auspodd,0
2026-06-23T12:01:29,checkpoints/jsd_flat_enrich_K3_mathhard_s123_ttemp1.5/ckpt_best,math_eval,max,2,8,100,0,2428,5.396623,13.9142,387.851,71.869,13.4448,13103,941.7,726.359,118.891,55.222,32.759,0.037,27.2,4.4,19139,15147,79611,,,5.3,16796.5,17852,cuda:3,123,bf16,12,NVIDIA A100-SXM4-80GB,4,79.2,580.126.09,96,48,1121.8,Linux-6.12.68-92.122.amzn2023.x86_64-x86_64-with-glibc2.39,,https://wandb.ai/rmukund16-indian-institute-of-technology-hyderabad/distillspec-pipeline/runs/7auspodd,0
2026-06-23T15:15:20,checkpoints/jsd_flat_enrich_K3_mathhard_s123_ttemp1.5/ckpt_best,math_eval,max,3,8,100,0,2693,4.849239,12.1116,400.381,82.566,18.1348,13059,1078.23,809.219,134.515,89.384,36.465,0.04,26.9,4.4,19195,15117,80112,,,5.3,16803.5,17908,cuda:3,123,bf16,12,NVIDIA A100-SXM4-80GB,4,79.2,580.126.09,96,48,1121.8,Linux-6.12.68-92.122.amzn2023.x86_64-x86_64-with-glibc2.39,,https://wandb.ai/rmukund16-indian-institute-of-technology-hyderabad/distillspec-pipeline/runs/7auspodd,0
2026-06-23T18:05:45,checkpoints/jsd_flat_enrich_K3_mathhard_s123_ttemp1.5/ckpt_best,math_eval,max,4,8,100,0,2695,4.843414,11.7646,411.693,85.001,21.8193,13053,1109.51,806.293,134.534,123.218,36.867,0.038,26.6,4.4,19367,15515,80194,,,4.9,16817.4,18080,cuda:3,123,bf16,12,NVIDIA A100-SXM4-80GB,4,79.2,580.126.09,96,48,1121.8,Linux-6.12.68-92.122.amzn2023.x86_64-x86_64-with-glibc2.39,,https://wandb.ai/rmukund16-indian-institute-of-technology-hyderabad/distillspec-pipeline/runs/7auspodd,0
2026-06-24T07:58:55,checkpoints/jsd_flat_enrich_K3_mathhard_s456/ckpt_best,math_eval,max,1,8,100,0,2228,5.886894,16.2405,362.483,61.575,9.0000,13116,807.61,658.439,109.060,1.367,30.232,0.040,24.7,4.4,19037,15175,88307,,,8.3,16770.9,17750.0,cuda:0,123,bf16,12,NVIDIA A100-SXM4-80GB,4,79.2,580.126.09,96,48,1121.8,Linux-6.12.68-92.122.amzn2023.x86_64-x86_64-with-glibc2.39,,https://wandb.ai/rmukund16-indian-institute-of-technology-hyderabad/distillspec-pipeline/runs/lb5m8j9f,0
2026-06-24T09:25:27,checkpoints/jsd_flat_enrich_K3_mathhard_s456/ckpt_best,math_eval,max,2,8,100,0,2503,5.240112,13.5515,386.680,73.792,13.3452,13116,967.86,746.024,121.696,57.362,34.274,0.037,26.9,4.4,19119,15580,80005,,,8.1,16787.2,17832.0,cuda:1,123,bf16,12,NVIDIA A100-SXM4-80GB,4,79.2,580.126.09,96,48,1121.8,Linux-6.12.68-92.122.amzn2023.x86_64-x86_64-with-glibc2.39,,https://wandb.ai/rmukund16-indian-institute-of-technology-hyderabad/distillspec-pipeline/runs/lb5m8j9f,0
2026-06-24T09:20:54,checkpoints/jsd_flat_enrich_K3_mathhard_s456/ckpt_best,math_eval,max,3,8,100,0,2656,4.928464,12.5501,392.704,79.681,17.6152,13090,1043.02,780.031,128.824,90.352,35.376,0.035,27.0,4.4,19205,15261,81400,,,7.0,16803.5,17918.0,cuda:2,123,bf16,12,NVIDIA A100-SXM4-80GB,4,79.2,580.126.09,96,48,1121.8,Linux-6.12.68-92.122.amzn2023.x86_64-x86_64-with-glibc2.39,,https://wandb.ai/rmukund16-indian-institute-of-technology-hyderabad/distillspec-pipeline/runs/lb5m8j9f,0
2026-06-24T09:27:14,checkpoints/jsd_flat_enrich_K3_mathhard_s456/ckpt_best,math_eval,max,4,8,100,0,2737,4.780417,10.9982,434.655,90.924,21.7300,13084,1189.65,868.476,144.096,129.205,38.753,0.039,24.8,4.1,19383,14370,77912,,,8.6,16829.1,18096.0,cuda:3,123,bf16,12,NVIDIA A100-SXM4-80GB,4,79.2,580.126.09,96,48,1121.8,Linux-6.12.68-92.122.amzn2023.x86_64-x86_64-with-glibc2.39,,https://wandb.ai/rmukund16-indian-institute-of-technology-hyderabad/distillspec-pipeline/runs/lb5m8j9f,0
2026-06-22T12:47:22,checkpoints/jsd_mathhard_s123/ckpt_best,math_eval,max,1,8,100,0,2239,5.848146,15.9445,366.781,62.717,9,13094,821.22,669.525,110.9,1.389,30.785,0.04,24.7,4.5,19077,15858,80475,,,9.8,16770.9,17790,cuda:0,123,bf16,12,NVIDIA A100-SXM4-80GB,4,79.2,580.126.09,96,48,1121.8,Linux-6.12.68-92.122.amzn2023.x86_64-x86_64-with-glibc2.39,,https://wandb.ai/rmukund16-indian-institute-of-technology-hyderabad/distillspec-pipeline/runs/1heslnth,0
2026-06-22T13:26:15,checkpoints/jsd_mathhard_s123/ckpt_best,math_eval,max,2,8,100,0,2514,5.205251,13.2024,394.266,75.744,13.5088,13086,991.18,764.599,125.57,57.738,34.567,0.04,26.1,4.3,19570,15682,85048,,,8.6,16787.2,17862,cuda:0,123,bf16,12,NVIDIA A100-SXM4-80GB,4,79.2,580.126.09,96,48,1121.8,Linux-6.12.68-92.122.amzn2023.x86_64-x86_64-with-glibc2.39,,https://wandb.ai/rmukund16-indian-institute-of-technology-hyderabad/distillspec-pipeline/runs/1heslnth,0
2026-06-22T14:21:36,checkpoints/jsd_mathhard_s123/ckpt_best,math_eval,max,3,8,100,0,2644,4.970877,12.2612,405.414,81.558,17.5632,13143,1071.91,800.382,132.398,94.086,36.341,0.038,26,4.3,20062,16431,81476,,,8.4,16794.2,17932,cuda:0,123,bf16,12,NVIDIA A100-SXM4-80GB,4,79.2,580.126.09,96,48,1121.8,Linux-6.12.68-92.122.amzn2023.x86_64-x86_64-with-glibc2.39,,https://wandb.ai/rmukund16-indian-institute-of-technology-hyderabad/distillspec-pipeline/runs/1heslnth,0
2026-06-22T16:18:46,checkpoints/jsd_mathhard_s123/ckpt_best,math_eval,max,4,8,100,0,2808,4.667735,11.6115,401.992,86.121,21.9715,13107,1128.79,823.542,137.973,121.169,37.642,0.037,26.8,4.5,20338,15564,82126,,,5.2,16805.8,18208,cuda:0,123,bf16,12,NVIDIA A100-SXM4-80GB,4,79.2,580.126.09,96,48,1121.8,Linux-6.12.68-92.122.amzn2023.x86_64-x86_64-with-glibc2.39,,https://wandb.ai/rmukund16-indian-institute-of-technology-hyderabad/distillspec-pipeline/runs/1heslnth,0
2026-06-23T14:27:50,checkpoints/jsd_mathhard_s456/ckpt_best,math_eval,max,1,8,100,0,2253,5.818464,16.3149,356.634,61.294,9,13109,803.5,654.275,109.088,1.301,30.472,0.04,25.3,4.5,19055,15520,82065,,,5.3,16770.9,17768,cuda:1,123,bf16,12,NVIDIA A100-SXM4-80GB,4,79.2,580.126.09,96,48,1121.8,Linux-6.12.68-92.122.amzn2023.x86_64-x86_64-with-glibc2.39,,https://wandb.ai/rmukund16-indian-institute-of-technology-hyderabad/distillspec-pipeline/runs/d6homdte,0
2026-06-23T15:49:21,checkpoints/jsd_mathhard_s456/ckpt_best,math_eval,max,2,8,100,0,2490,5.283534,14.0302,376.584,71.275,13.41,13156,937.69,722.104,118.539,55.325,33.502,0.037,27.5,4.5,19059,16142,85388,,,5.3,16770.9,17772,cuda:1,123,bf16,12,NVIDIA A100-SXM4-80GB,4,79.2,580.126.09,96,48,1121.8,Linux-6.12.68-92.122.amzn2023.x86_64-x86_64-with-glibc2.39,,https://wandb.ai/rmukund16-indian-institute-of-technology-hyderabad/distillspec-pipeline/runs/d6homdte,0
2026-06-23T19:45:57,checkpoints/jsd_mathhard_s456/ckpt_best,math_eval,max,3,8,100,0,2593,5.072889,13.2928,381.627,75.229,17.4173,13154,989.56,738.05,121.419,87.749,34.262,0.034,27.9,4.7,19215,16122,85116,,,3.1,16801.1,17928,cuda:1,123,bf16,12,NVIDIA A100-SXM4-80GB,4,79.2,580.126.09,96,48,1121.8,Linux-6.12.68-92.122.amzn2023.x86_64-x86_64-with-glibc2.39,,https://wandb.ai/rmukund16-indian-institute-of-technology-hyderabad/distillspec-pipeline/runs/d6homdte,0
2026-06-24T02:33:32,checkpoints/jsd_mathhard_s456/ckpt_best,math_eval,max,4,8,100,0,2643,4.945516,11.7118,422.266,85.384,21.2649,13071,1116.05,809.765,134.592,126.317,36.505,0.040,25.7,4.2,19381,15361,92002,,,7.1,16826.7,18094.0,cuda:1,123,bf16,12,NVIDIA A100-SXM4-80GB,4,79.2,580.126.09,96,48,1121.8,Linux-6.12.68-92.122.amzn2023.x86_64-x86_64-with-glibc2.39,,https://wandb.ai/rmukund16-indian-institute-of-technology-hyderabad/distillspec-pipeline/runs/d6homdte,0
2026-06-22T01:50:12,checkpoints/jsd_flat_enrich_K1_mathhard_s123/ckpt_best,math_eval,naive,1,8,100,0,2242,5.859054,15.7331,372.404,63.56,9,13136,834.93,681.502,112.161,1.428,31.057,0.042,24.4,4.3,19452,14496,77888,,,9.4,16770.9,17744,cuda:0,123,bf16,12,NVIDIA A100-SXM4-80GB,4,79.2,580.126.09,96,48,1121.8,Linux-6.12.68-92.122.amzn2023.x86_64-x86_64-with-glibc2.39,,https://wandb.ai/rmukund16-indian-institute-of-technology-hyderabad/distillspec-pipeline/runs/hjlsg2cr,0
2026-06-22T02:31:27,checkpoints/jsd_flat_enrich_K1_mathhard_s123/ckpt_best,math_eval,naive,2,8,100,0,2312,5.684256,15.62,363.909,64.021,13.2266,13142,841.36,687.964,112.087,1.522,31.41,0.039,27.3,4.6,19902,15771,88248,,,10.1,16770.9,17772,cuda:0,123,bf16,12,NVIDIA A100-SXM4-80GB,4,79.2,580.126.09,96,48,1121.8,Linux-6.12.68-92.122.amzn2023.x86_64-x86_64-with-glibc2.39,,https://wandb.ai/rmukund16-indian-institute-of-technology-hyderabad/distillspec-pipeline/runs/hjlsg2cr,0
2026-06-22T03:59:26,checkpoints/jsd_flat_enrich_K1_mathhard_s123/ckpt_best,math_eval,naive,3,8,100,0,2311,5.677196,14.657,387.338,68.227,16.9334,13120,895.14,732.614,119.678,1.643,32.306,0.042,26,4.3,19988,15413,83218,,,9.5,16770.9,17858,cuda:0,123,bf16,12,NVIDIA A100-SXM4-80GB,4,79.2,580.126.09,96,48,1121.8,Linux-6.12.68-92.122.amzn2023.x86_64-x86_64-with-glibc2.39,,https://wandb.ai/rmukund16-indian-institute-of-technology-hyderabad/distillspec-pipeline/runs/hjlsg2cr,0
2026-06-22T04:50:04,checkpoints/jsd_flat_enrich_K1_mathhard_s123/ckpt_best,math_eval,naive,4,8,100,0,2259,5.80788,15.1953,382.216,65.81,20.0903,13120,863.43,705.889,115.98,1.604,31.229,0.04,26.8,4.7,19672,16253,84172,,,9.5,16770.9,17964,cuda:0,123,bf16,12,NVIDIA A100-SXM4-80GB,4,79.2,580.126.09,96,48,1121.8,Linux-6.12.68-92.122.amzn2023.x86_64-x86_64-with-glibc2.39,,https://wandb.ai/rmukund16-indian-institute-of-technology-hyderabad/distillspec-pipeline/runs/hjlsg2cr,0
2026-06-23T11:17:08,checkpoints/jsd_flat_enrich_K1_mathhard_s456/ckpt_best,math_eval,naive,1,8,100,0,2223,5.897886,16.7246,352.648,59.792,9,13111,783.94,639.019,105.398,1.27,30.049,0.036,25.5,4.7,19458,15695,82689,,,5.4,16770.9,17750,cuda:0,123,bf16,12,NVIDIA A100-SXM4-80GB,4,79.2,580.126.09,96,48,1121.8,Linux-6.12.68-92.122.amzn2023.x86_64-x86_64-with-glibc2.39,,https://wandb.ai/rmukund16-indian-institute-of-technology-hyderabad/distillspec-pipeline/runs/mekhfoy6,0
2026-06-23T14:34:09,checkpoints/jsd_flat_enrich_K1_mathhard_s456/ckpt_best,math_eval,naive,2,8,100,0,2283,5.766973,15.8223,364.483,63.202,13.2378,13166,832.12,679.514,111.99,1.417,30.801,0.042,27.1,4.6,19540,15800,83819,,,5.4,16782.5,17832,cuda:0,123,bf16,12,NVIDIA A100-SXM4-80GB,4,79.2,580.126.09,96,48,1121.8,Linux-6.12.68-92.122.amzn2023.x86_64-x86_64-with-glibc2.39,,https://wandb.ai/rmukund16-indian-institute-of-technology-hyderabad/distillspec-pipeline/runs/mekhfoy6,0
2026-06-23T18:01:37,checkpoints/jsd_flat_enrich_K1_mathhard_s456/ckpt_best,math_eval,naive,3,8,100,0,2259,5.822488,16.3597,355.904,61.126,16.629,13153,803.99,656.642,107.828,1.383,29.982,0.038,28.2,5,19628,15843,86913,,,4.9,16803.5,17920,cuda:0,123,bf16,12,NVIDIA A100-SXM4-80GB,4,79.2,580.126.09,96,48,1121.8,Linux-6.12.68-92.122.amzn2023.x86_64-x86_64-with-glibc2.39,,https://wandb.ai/rmukund16-indian-institute-of-technology-hyderabad/distillspec-pipeline/runs/mekhfoy6,0
2026-06-25T17:27:22,checkpoints/jsd_flat_enrich_K1_mathhard_s456/ckpt_best,math_eval,naive,4,8,1000,0,22896,5.729691,13.8825,412.728,72.033,20.0725,131187,9449.81,7892.751,1136.327,15.677,312.863,0.388,25.2,4.2,44448,15067,77316,,,7.1,16770.9,20896.0,cuda:0,123,bf16,12,NVIDIA A100-SXM4-80GB,4,79.2,580.126.09,96,48,1121.8,Linux-6.12.68-92.122.amzn2023.x86_64-x86_64-with-glibc2.39,,sdpa+flash_attention_2 (flash_attn-2.8.3.post1),0
2026-06-23T03:16:45,checkpoints/jsd_flat_enrich_K3_mathhard_s123/ckpt_best,math_eval,naive,1,8,100,0,2209,5.952467,16.5586,359.48,60.392,9,13149,794.09,646.751,107.814,1.293,29.801,0.042,25.3,4.6,19039,15839,85523,,,5.2,16770.9,17752,cuda:1,123,bf16,12,NVIDIA A100-SXM4-80GB,4,79.2,580.126.09,96,48,1121.8,Linux-6.12.68-92.122.amzn2023.x86_64-x86_64-with-glibc2.39,,https://wandb.ai/rmukund16-indian-institute-of-technology-hyderabad/distillspec-pipeline/runs/4whq9rs9,0
2026-06-23T05:20:46,checkpoints/jsd_flat_enrich_K3_mathhard_s123/ckpt_best,math_eval,naive,2,8,100,0,2183,6.012368,16.686,360.325,59.931,13.0907,13125,786.59,643.074,104.798,1.321,29.15,0.038,27.5,4.7,19059,16226,85448,,,5.2,16770.9,17772,cuda:1,123,bf16,12,NVIDIA A100-SXM4-80GB,4,79.2,580.126.09,96,48,1121.8,Linux-6.12.68-92.122.amzn2023.x86_64-x86_64-with-glibc2.39,,https://wandb.ai/rmukund16-indian-institute-of-technology-hyderabad/distillspec-pipeline/runs/4whq9rs9,0
2026-06-23T07:42:59,checkpoints/jsd_flat_enrich_K3_mathhard_s123/ckpt_best,math_eval,naive,3,8,100,0,2255,5.805322,16.5517,350.738,60.417,16.5712,13091,790.91,645.629,105.725,1.347,30.206,0.038,28.4,5.1,19143,16170,91998,,,5.2,16770.9,17856,cuda:1,123,bf16,12,NVIDIA A100-SXM4-80GB,4,79.2,580.126.09,96,48,1121.8,Linux-6.12.68-92.122.amzn2023.x86_64-x86_64-with-glibc2.39,,https://wandb.ai/rmukund16-indian-institute-of-technology-hyderabad/distillspec-pipeline/runs/4whq9rs9,0
2026-06-23T12:52:35,checkpoints/jsd_flat_enrich_K3_mathhard_s123/ckpt_best,math_eval,naive,4,8,100,0,2318,5.685936,15.3352,370.778,65.21,20.4948,13180,859.46,701.511,116.383,1.475,31.596,0.039,27.1,4.9,19367,15202,80973,,,4.9,16819.8,18080,cuda:1,123,bf16,12,NVIDIA A100-SXM4-80GB,4,79.2,580.126.09,96,48,1121.8,Linux-6.12.68-92.122.amzn2023.x86_64-x86_64-with-glibc2.39,,https://wandb.ai/rmukund16-indian-institute-of-technology-hyderabad/distillspec-pipeline/runs/4whq9rs9,0
2026-06-23T07:45:57,checkpoints/jsd_flat_enrich_K3_mathhard_s123_ttemp1.5/ckpt_best,math_eval,naive,1,8,100,0,2322,5.635659,15.6126,360.969,64.051,9,13086,838.17,683.755,113.44,1.305,31.246,0.041,25.6,4.4,19033,15605,81631,,,5.2,16770.9,17746,cuda:3,123,bf16,12,NVIDIA A100-SXM4-80GB,4,79.2,580.126.09,96,48,1121.8,Linux-6.12.68-92.122.amzn2023.x86_64-x86_64-with-glibc2.39,,https://wandb.ai/rmukund16-indian-institute-of-technology-hyderabad/distillspec-pipeline/runs/7auspodd,0
2026-06-23T10:38:23,checkpoints/jsd_flat_enrich_K3_mathhard_s123_ttemp1.5/ckpt_best,math_eval,naive,2,8,100,0,2179,6.022028,16.5038,364.888,60.592,13.1749,13122,795.09,650.053,106.108,1.307,29.314,0.037,27.9,4.7,19061,15766,83340,,,5.3,16770.9,17774,cuda:3,123,bf16,12,NVIDIA A100-SXM4-80GB,4,79.2,580.126.09,96,48,1121.8,Linux-6.12.68-92.122.amzn2023.x86_64-x86_64-with-glibc2.39,,https://wandb.ai/rmukund16-indian-institute-of-technology-hyderabad/distillspec-pipeline/runs/7auspodd,0
2026-06-23T13:58:54,checkpoints/jsd_flat_enrich_K3_mathhard_s123_ttemp1.5/ckpt_best,math_eval,naive,3,8,100,0,2259,5.808765,16.3876,354.46,61.022,16.7583,13122,800.73,653.401,107.424,1.41,30.352,0.038,28.7,5.2,19195,15912,86282,,,5.4,16803.5,17908,cuda:3,123,bf16,12,NVIDIA A100-SXM4-80GB,4,79.2,580.126.09,96,48,1121.8,Linux-6.12.68-92.122.amzn2023.x86_64-x86_64-with-glibc2.39,,https://wandb.ai/rmukund16-indian-institute-of-technology-hyderabad/distillspec-pipeline/runs/7auspodd,0
2026-06-23T16:34:11,checkpoints/jsd_flat_enrich_K3_mathhard_s123_ttemp1.5/ckpt_best,math_eval,naive,4,8,100,0,2301,5.704042,16.2978,349.988,61.358,20.3877,13125,805.32,655.838,109.653,1.432,30.352,0.041,29,5.1,19275,16274,87566,,,5.3,16770.9,17988,cuda:3,123,bf16,12,NVIDIA A100-SXM4-80GB,4,79.2,580.126.09,96,48,1121.8,Linux-6.12.68-92.122.amzn2023.x86_64-x86_64-with-glibc2.39,,https://wandb.ai/rmukund16-indian-institute-of-technology-hyderabad/distillspec-pipeline/runs/7auspodd,0
2026-06-24T08:12:25,checkpoints/jsd_flat_enrich_K3_mathhard_s456/ckpt_best,math_eval,naive,1,8,100,0,2228,5.886894,16.7608,351.230,59.663,9.0000,13116,782.54,637.482,105.663,1.323,29.803,0.040,25.6,4.6,19037,15694,83257,,,8.8,16770.9,17750.0,cuda:0,123,bf16,12,NVIDIA A100-SXM4-80GB,4,79.2,580.126.09,96,48,1121.8,Linux-6.12.68-92.122.amzn2023.x86_64-x86_64-with-glibc2.39,,https://wandb.ai/rmukund16-indian-institute-of-technology-hyderabad/distillspec-pipeline/runs/lb5m8j9f,0
2026-06-25T09:46:51,checkpoints/jsd_flat_enrich_K3_mathhard_s456/ckpt_best,math_eval,naive,2,8,1000,0,22708,5.778404,15.6254,369.808,63.998,13.0824,131216,8397.60,6872.680,1113.038,14.785,311.642,0.389,26.9,4.6,22009,15832,84408,,,11.0,16770.9,20722.0,cuda:1,123,bf16,12,NVIDIA A100-SXM4-80GB,4,79.2,580.126.09,96,48,1121.8,Linux-6.12.68-92.122.amzn2023.x86_64-x86_64-with-glibc2.39,,sdpa,0
2026-06-25T02:59:40,checkpoints/jsd_flat_enrich_K3_mathhard_s456/ckpt_best,math_eval,naive,3,8,1000,0,22643,5.793225,15.9758,362.626,62.595,16.4857,131176,8210.94,6706.768,1101.698,14.308,304.760,0.366,27.8,5.0,22053,15910,84248,,,5.5,16770.9,20766.0,cuda:3,123,bf16,12,NVIDIA A100-SXM4-80GB,4,79.2,580.126.09,96,48,1121.8,Linux-6.12.68-92.122.amzn2023.x86_64-x86_64-with-glibc2.39,,sdpa,0
2026-06-26T02:46:46,checkpoints/jsd_flat_enrich_K3_mathhard_s456/ckpt_best,math_eval,naive,4,8,1000,0,22860,5.732940,13.4784,425.342,74.193,19.7454,131055,9723.32,8136.134,1159.912,17.089,314.714,0.413,24.7,4.1,44446,14865,76828,,,9.1,16770.9,20896.0,cuda:1,123,bf16,12,NVIDIA A100-SXM4-80GB,4,79.2,580.126.09,96,48,1121.8,Linux-6.12.68-92.122.amzn2023.x86_64-x86_64-with-glibc2.39,,sdpa+flash_attention_2 (flash_attn-2.8.3.post1),0
2026-06-22T01:42:50,checkpoints/jsd_mathhard_s123/ckpt_best,math_eval,naive,1,8,100,0,2239,5.848146,15.8187,369.699,63.216,9,13094,827.76,675.362,111.079,1.45,31.164,0.04,24.5,4.5,19115,14875,77843,,,9.2,16770.9,17828,cuda:2,123,bf16,12,NVIDIA A100-SXM4-80GB,4,79.2,580.126.09,96,48,1121.8,Linux-6.12.68-92.122.amzn2023.x86_64-x86_64-with-glibc2.39,,https://wandb.ai/rmukund16-indian-institute-of-technology-hyderabad/distillspec-pipeline/runs/1heslnth,0
2026-06-22T02:27:18,checkpoints/jsd_mathhard_s123/ckpt_best,math_eval,naive,2,8,100,0,2341,5.619393,15.088,372.44,66.278,13.2119,13155,871.88,713.29,116.217,1.548,32.202,0.04,26.7,4.4,19061,15229,86351,,,10.4,16770.9,17774,cuda:2,123,bf16,12,NVIDIA A100-SXM4-80GB,4,79.2,580.126.09,96,48,1121.8,Linux-6.12.68-92.122.amzn2023.x86_64-x86_64-with-glibc2.39,,https://wandb.ai/rmukund16-indian-institute-of-technology-hyderabad/distillspec-pipeline/runs/1heslnth,0
2026-06-22T04:00:25,checkpoints/jsd_mathhard_s123/ckpt_best,math_eval,naive,3,8,100,0,2357,5.542215,14.968,370.271,66.809,17.0721,13063,872.73,713.554,117.005,1.626,31.981,0.04,26.9,4.7,19123,15471,92956,,,9.3,16770.9,17836,cuda:2,123,bf16,12,NVIDIA A100-SXM4-80GB,4,79.2,580.126.09,96,48,1121.8,Linux-6.12.68-92.122.amzn2023.x86_64-x86_64-with-glibc2.39,,https://wandb.ai/rmukund16-indian-institute-of-technology-hyderabad/distillspec-pipeline/runs/1heslnth,0
2026-06-22T04:51:08,checkpoints/jsd_mathhard_s123/ckpt_best,math_eval,naive,4,8,100,0,2386,5.484493,14.8673,368.895,67.262,20.3659,13086,880.18,718.684,118.723,1.662,32.608,0.04,27.4,4.9,19277,16456,91498,,,9.6,16770.9,17990,cuda:2,123,bf16,12,NVIDIA A100-SXM4-80GB,4,79.2,580.126.09,96,48,1121.8,Linux-6.12.68-92.122.amzn2023.x86_64-x86_64-with-glibc2.39,,https://wandb.ai/rmukund16-indian-institute-of-technology-hyderabad/distillspec-pipeline/runs/1heslnth,0
2026-06-23T14:41:40,checkpoints/jsd_mathhard_s456/ckpt_best,math_eval,naive,1,8,100,0,2253,5.818464,16.3314,356.274,61.232,9,13109,802.68,653.833,108.861,1.294,30.354,0.04,25.4,4.6,19055,16053,82828,,,5.3,16770.9,17768,cuda:1,123,bf16,12,NVIDIA A100-SXM4-80GB,4,79.2,580.126.09,96,48,1121.8,Linux-6.12.68-92.122.amzn2023.x86_64-x86_64-with-glibc2.39,,https://wandb.ai/rmukund16-indian-institute-of-technology-hyderabad/distillspec-pipeline/runs/d6homdte,0
2026-06-23T15:33:16,checkpoints/jsd_mathhard_s456/ckpt_best,math_eval,naive,2,8,100,0,2270,5.79207,16.5097,350.828,60.57,13.1366,13148,796.38,650.328,106.357,1.334,30.293,0.041,28.4,5,19059,16216,85441,,,4.5,16770.9,17772,cuda:1,123,bf16,12,NVIDIA A100-SXM4-80GB,4,79.2,580.126.09,96,48,1121.8,Linux-6.12.68-92.122.amzn2023.x86_64-x86_64-with-glibc2.39,,https://wandb.ai/rmukund16-indian-institute-of-technology-hyderabad/distillspec-pipeline/runs/d6homdte,0
2026-06-23T18:20:24,checkpoints/jsd_mathhard_s456/ckpt_best,math_eval,naive,3,8,100,0,2385,5.479245,15.9617,343.274,62.65,17.0365,13068,818.71,668.253,109.799,1.407,31.416,0.035,29.4,5.4,19125,16675,87784,,,4.1,16770.9,17838,cuda:1,123,bf16,12,NVIDIA A100-SXM4-80GB,4,79.2,580.126.09,96,48,1121.8,Linux-6.12.68-92.122.amzn2023.x86_64-x86_64-with-glibc2.39,,https://wandb.ai/rmukund16-indian-institute-of-technology-hyderabad/distillspec-pipeline/runs/d6homdte,0
2026-06-26T02:48:21,checkpoints/jsd_mathhard_s456/ckpt_best,math_eval,naive,4,8,1000,0,23197,5.653317,13.3832,422.420,74.721,20.0447,131140,9798.87,8196.323,1168.210,16.797,320.614,0.405,24.8,4.1,44404,14983,76297,,,9.5,16770.9,20856.0,cuda:3,123,bf16,12,NVIDIA A100-SXM4-80GB,4,79.2,580.126.09,96,48,1121.8,Linux-6.12.68-92.122.amzn2023.x86_64-x86_64-with-glibc2.39,,sdpa+flash_attention_2 (flash_attn-2.8.3.post1),0
2026-06-22T07:04:37,checkpoints/jsd_flat_enrich_K1_mathhard_s123/ckpt_best,math_eval,nss,1,8,100,0,2997,4.373373,11.7943,370.804,84.787,9,13107,1111.3,909.075,149.222,2.35,41.72,0.041,24.6,4.4,19882,15089,87208,,,10.5,16770.9,17752,cuda:0,123,bf16,12,NVIDIA A100-SXM4-80GB,4,79.2,580.126.09,96,48,1121.8,Linux-6.12.68-92.122.amzn2023.x86_64-x86_64-with-glibc2.39,,https://wandb.ai/rmukund16-indian-institute-of-technology-hyderabad/distillspec-pipeline/runs/hjlsg2cr,0
2026-06-22T09:06:34,checkpoints/jsd_flat_enrich_K1_mathhard_s123/ckpt_best,math_eval,nss,2,8,100,0,3282,3.988422,10.437,382.143,95.813,13.8998,13090,1254.19,1029.7,166.865,2.519,46.019,0.04,25.9,4.3,19902,15158,90290,,,10.4,16770.9,17772,cuda:0,123,bf16,12,NVIDIA A100-SXM4-80GB,4,79.2,580.126.09,96,48,1121.8,Linux-6.12.68-92.122.amzn2023.x86_64-x86_64-with-glibc2.39,,https://wandb.ai/rmukund16-indian-institute-of-technology-hyderabad/distillspec-pipeline/runs/hjlsg2cr,0
2026-06-22T10:16:11,checkpoints/jsd_flat_enrich_K1_mathhard_s123/ckpt_best,math_eval,nss,3,8,100,0,3309,3.948021,10.3741,380.563,96.393,17.9973,13064,1259.28,1031.043,169.824,2.557,46.83,0.04,26.5,4.5,19964,14756,87398,,,10.3,16770.9,17834,cuda:0,123,bf16,12,NVIDIA A100-SXM4-80GB,4,79.2,580.126.09,96,48,1121.8,Linux-6.12.68-92.122.amzn2023.x86_64-x86_64-with-glibc2.39,,https://wandb.ai/rmukund16-indian-institute-of-technology-hyderabad/distillspec-pipeline/runs/hjlsg2cr,0
2026-06-22T15:17:27,checkpoints/jsd_flat_enrich_K1_mathhard_s123/ckpt_best,math_eval,nss,4,8,100,0,3482,3.744113,10.1438,369.103,98.582,22.4428,13037,1285.22,1051.33,174.73,2.492,47.806,0.02,28.3,5.4,18809,15895,84723,,,5.2,16770.9,17522,cuda:2,123,bf16,12,NVIDIA A100-SXM4-80GB,4,79.2,580.126.09,96,48,1121.8,Linux-6.12.68-92.122.amzn2023.x86_64-x86_64-with-glibc2.39,,https://wandb.ai/rmukund16-indian-institute-of-technology-hyderabad/distillspec-pipeline/runs/hjlsg2cr,0
2026-06-23T12:29:45,checkpoints/jsd_flat_enrich_K1_mathhard_s456/ckpt_best,math_eval,nss,1,8,100,0,2932,4.473738,12.4375,359.698,80.402,9,13117,1054.63,860.558,143.407,2.21,39.818,0.042,25,4.5,19490,15716,79244,,,4.3,16770.9,17782,cuda:0,123,bf16,12,NVIDIA A100-SXM4-80GB,4,79.2,580.126.09,96,48,1121.8,Linux-6.12.68-92.122.amzn2023.x86_64-x86_64-with-glibc2.39,,https://wandb.ai/rmukund16-indian-institute-of-technology-hyderabad/distillspec-pipeline/runs/mekhfoy6,0
2026-06-23T13:13:56,checkpoints/jsd_flat_enrich_K1_mathhard_s456/ckpt_best,math_eval,nss,2,8,100,0,3315,3.937255,11.4389,344.198,87.421,13.756,13052,1141.02,933.623,152.631,2.069,43.111,0.039,28.6,5.1,19480,16287,87993,,,4.7,16770.9,17772,cuda:0,123,bf16,12,NVIDIA A100-SXM4-80GB,4,79.2,580.126.09,96,48,1121.8,Linux-6.12.68-92.122.amzn2023.x86_64-x86_64-with-glibc2.39,,https://wandb.ai/rmukund16-indian-institute-of-technology-hyderabad/distillspec-pipeline/runs/mekhfoy6,0
2026-06-23T17:02:57,checkpoints/jsd_flat_enrich_K1_mathhard_s456/ckpt_best,math_eval,nss,3,8,100,0,3236,4.027194,10.9772,366.869,91.098,18.0195,13032,1187.19,971.037,161.535,2.306,43.546,0.044,27.5,4.8,19628,15880,84697,,,5.3,16803.5,17920,cuda:0,123,bf16,12,NVIDIA A100-SXM4-80GB,4,79.2,580.126.09,96,48,1121.8,Linux-6.12.68-92.122.amzn2023.x86_64-x86_64-with-glibc2.39,,https://wandb.ai/rmukund16-indian-institute-of-technology-hyderabad/distillspec-pipeline/runs/mekhfoy6,0
2026-06-24T02:12:37,checkpoints/jsd_flat_enrich_K1_mathhard_s456/ckpt_best,math_eval,nss,4,8,100,0,3403,3.830150,10.0597,380.742,99.406,22.5551,13034,1295.66,1060.683,175.732,2.603,47.493,0.040,26.5,4.7,19774,16018,79158,,,6.7,16815.1,18066.0,cuda:0,123,bf16,12,NVIDIA A100-SXM4-80GB,4,79.2,580.126.09,96,48,1121.8,Linux-6.12.68-92.122.amzn2023.x86_64-x86_64-with-glibc2.39,,https://wandb.ai/rmukund16-indian-institute-of-technology-hyderabad/distillspec-pipeline/runs/mekhfoy6,0
2026-06-23T04:27:52,checkpoints/jsd_flat_enrich_K3_mathhard_s123/ckpt_best,math_eval,nss,1,8,100,0,2994,4.355377,12.5708,346.469,79.55,9,13040,1037.33,847.102,139.763,2.067,40.147,0.035,25.9,4.7,19077,16045,85751,,,5.2,16770.9,17790,cuda:1,123,bf16,12,NVIDIA A100-SXM4-80GB,4,79.2,580.126.09,96,48,1121.8,Linux-6.12.68-92.122.amzn2023.x86_64-x86_64-with-glibc2.39,,https://wandb.ai/rmukund16-indian-institute-of-technology-hyderabad/distillspec-pipeline/runs/4whq9rs9,0
2026-06-23T06:41:25,checkpoints/jsd_flat_enrich_K3_mathhard_s123/ckpt_best,math_eval,nss,2,8,100,0,3182,4.105908,11.4455,358.736,87.371,13.643,13065,1141.5,934.519,153.417,2.162,42.901,0.04,27.5,4.8,19143,15272,84104,,,4.2,16791.8,17856,cuda:1,123,bf16,12,NVIDIA A100-SXM4-80GB,4,79.2,580.126.09,96,48,1121.8,Linux-6.12.68-92.122.amzn2023.x86_64-x86_64-with-glibc2.39,,https://wandb.ai/rmukund16-indian-institute-of-technology-hyderabad/distillspec-pipeline/runs/4whq9rs9,0
2026-06-23T09:09:44,checkpoints/jsd_flat_enrich_K3_mathhard_s123/ckpt_best,math_eval,nss,3,8,100,0,3386,3.854696,10.8868,354.071,91.855,18.1704,13052,1198.89,981.11,161.861,2.191,45.331,0.037,28.4,5.2,19227,16264,85751,,,5.2,16805.8,17940,cuda:1,123,bf16,12,NVIDIA A100-SXM4-80GB,4,79.2,580.126.09,96,48,1121.8,Linux-6.12.68-92.122.amzn2023.x86_64-x86_64-with-glibc2.39,,https://wandb.ai/rmukund16-indian-institute-of-technology-hyderabad/distillspec-pipeline/runs/4whq9rs9,0
2026-06-23T11:50:52,checkpoints/jsd_flat_enrich_K3_mathhard_s123/ckpt_best,math_eval,nss,4,8,100,0,3483,3.744186,10.0362,373.067,99.639,22.2854,13041,1299.39,1062.664,177.656,2.379,47.798,0.042,27,4.8,19367,15222,79660,,,5,16819.8,18080,cuda:1,123,bf16,12,NVIDIA A100-SXM4-80GB,4,79.2,580.126.09,96,48,1121.8,Linux-6.12.68-92.122.amzn2023.x86_64-x86_64-with-glibc2.39,,https://wandb.ai/rmukund16-indian-institute-of-technology-hyderabad/distillspec-pipeline/runs/4whq9rs9,0
2026-06-23T08:58:52,checkpoints/jsd_flat_enrich_K3_mathhard_s123_ttemp1.5/ckpt_best,math_eval,nss,1,8,100,0,2980,4.383893,12.6353,346.957,79.144,9,13064,1033.93,844.372,139.58,2.095,39.63,0.036,26.5,4.7,19073,15826,84617,,,5.2,16770.9,17786,cuda:3,123,bf16,12,NVIDIA A100-SXM4-80GB,4,79.2,580.126.09,96,48,1121.8,Linux-6.12.68-92.122.amzn2023.x86_64-x86_64-with-glibc2.39,,https://wandb.ai/rmukund16-indian-institute-of-technology-hyderabad/distillspec-pipeline/runs/7auspodd,0
2026-06-23T11:45:07,checkpoints/jsd_flat_enrich_K3_mathhard_s123_ttemp1.5/ckpt_best,math_eval,nss,2,8,100,0,3256,4.000307,10.976,364.46,91.108,13.7687,13025,1186.68,972.463,159.337,2.221,44.025,0.04,27.8,4.6,19139,15513,81546,,,4.8,16796.5,17852,cuda:3,123,bf16,12,NVIDIA A100-SXM4-80GB,4,79.2,580.126.09,96,48,1121.8,Linux-6.12.68-92.122.amzn2023.x86_64-x86_64-with-glibc2.39,,https://wandb.ai/rmukund16-indian-institute-of-technology-hyderabad/distillspec-pipeline/runs/7auspodd,0
2026-06-23T14:56:53,checkpoints/jsd_flat_enrich_K3_mathhard_s123_ttemp1.5/ckpt_best,math_eval,nss,3,8,100,0,3409,3.831035,10.3979,368.444,96.174,18.3359,13060,1256.03,1027.622,170.836,2.311,46.464,0.044,27.6,4.7,19195,15641,83342,,,5.3,16803.5,17908,cuda:3,123,bf16,12,NVIDIA A100-SXM4-80GB,4,79.2,580.126.09,96,48,1121.8,Linux-6.12.68-92.122.amzn2023.x86_64-x86_64-with-glibc2.39,,https://wandb.ai/rmukund16-indian-institute-of-technology-hyderabad/distillspec-pipeline/runs/7auspodd,0
2026-06-23T17:46:37,checkpoints/jsd_flat_enrich_K3_mathhard_s123_ttemp1.5/ckpt_best,math_eval,nss,4,8,100,0,3500,3.718571,10.6413,349.446,93.973,22.9511,13015,1223.06,998.118,167.967,2.218,46.368,0.041,29.1,5.2,19363,16343,88232,,,5.2,16817.4,18076,cuda:3,123,bf16,12,NVIDIA A100-SXM4-80GB,4,79.2,580.126.09,96,48,1121.8,Linux-6.12.68-92.122.amzn2023.x86_64-x86_64-with-glibc2.39,,https://wandb.ai/rmukund16-indian-institute-of-technology-hyderabad/distillspec-pipeline/runs/7auspodd,0
2026-06-24T09:24:57,checkpoints/jsd_flat_enrich_K3_mathhard_s456/ckpt_best,math_eval,nss,1,8,100,0,2934,4.461486,12.3616,360.916,80.896,9.0000,13090,1058.93,864.944,143.370,2.261,39.620,0.041,24.9,4.5,19071,15797,79923,,,7.9,16770.9,17784.0,cuda:0,123,bf16,12,NVIDIA A100-SXM4-80GB,4,79.2,580.126.09,96,48,1121.8,Linux-6.12.68-92.122.amzn2023.x86_64-x86_64-with-glibc2.39,,https://wandb.ai/rmukund16-indian-institute-of-technology-hyderabad/distillspec-pipeline/runs/lb5m8j9f,0
2026-06-24T07:51:12,checkpoints/jsd_flat_enrich_K3_mathhard_s456/ckpt_best,math_eval,nss,2,8,100,0,3024,4.309524,11.7323,367.322,85.235,13.3621,13032,1110.78,910.685,147.860,2.313,41.216,0.043,27.0,4.5,19059,16224,87131,,,9.4,16770.9,17772.0,cuda:1,123,bf16,12,NVIDIA A100-SXM4-80GB,4,79.2,580.126.09,96,48,1121.8,Linux-6.12.68-92.122.amzn2023.x86_64-x86_64-with-glibc2.39,,https://wandb.ai/rmukund16-indian-institute-of-technology-hyderabad/distillspec-pipeline/runs/lb5m8j9f,0
2026-06-24T09:02:56,checkpoints/jsd_flat_enrich_K3_mathhard_s456/ckpt_best,math_eval,nss,3,8,100,0,3301,3.960618,10.5541,375.267,94.750,17.6477,13074,1238.76,1013.722,168.411,2.421,45.215,0.044,27.0,4.6,19205,15311,80118,,,6.1,16803.5,17918.0,cuda:2,123,bf16,12,NVIDIA A100-SXM4-80GB,4,79.2,580.126.09,96,48,1121.8,Linux-6.12.68-92.122.amzn2023.x86_64-x86_64-with-glibc2.39,,https://wandb.ai/rmukund16-indian-institute-of-technology-hyderabad/distillspec-pipeline/runs/lb5m8j9f,0
2026-06-24T09:06:47,checkpoints/jsd_flat_enrich_K3_mathhard_s456/ckpt_best,math_eval,nss,4,8,100,0,3444,3.784843,10.3028,367.362,97.061,22.1655,13035,1265.19,1033.906,173.063,2.438,46.936,0.043,27.6,5.0,19383,15582,81734,,,6.5,16829.1,18096.0,cuda:3,123,bf16,12,NVIDIA A100-SXM4-80GB,4,79.2,580.126.09,96,48,1121.8,Linux-6.12.68-92.122.amzn2023.x86_64-x86_64-with-glibc2.39,,https://wandb.ai/rmukund16-indian-institute-of-technology-hyderabad/distillspec-pipeline/runs/lb5m8j9f,0
2026-06-22T07:22:15,checkpoints/jsd_mathhard_s123/ckpt_best,math_eval,nss,1,8,100,0,3094,4.223982,10.8086,390.799,92.519,9,13069,1209.13,990.349,162.192,2.583,44.611,0.041,23,4.2,19041,14876,82061,,,9.5,16770.9,17754,cuda:2,123,bf16,12,NVIDIA A100-SXM4-80GB,4,79.2,580.126.09,96,48,1121.8,Linux-6.12.68-92.122.amzn2023.x86_64-x86_64-with-glibc2.39,,https://wandb.ai/rmukund16-indian-institute-of-technology-hyderabad/distillspec-pipeline/runs/1heslnth,0
2026-06-22T09:24:50,checkpoints/jsd_mathhard_s123/ckpt_best,math_eval,nss,2,8,100,0,3241,4.018513,10.3922,386.684,96.226,13.7674,13024,1253.24,1028.917,166.588,2.572,45.984,0.04,25.6,4.3,19061,15766,82363,,,9.6,16770.9,17774,cuda:2,123,bf16,12,NVIDIA A100-SXM4-80GB,4,79.2,580.126.09,96,48,1121.8,Linux-6.12.68-92.122.amzn2023.x86_64-x86_64-with-glibc2.39,,https://wandb.ai/rmukund16-indian-institute-of-technology-hyderabad/distillspec-pipeline/runs/1heslnth,0
2026-06-22T10:48:54,checkpoints/jsd_mathhard_s123/ckpt_best,math_eval,nss,3,8,100,0,3384,3.845449,10.1103,380.351,98.909,18.1037,13013,1287.11,1055.086,172.876,2.547,47.401,0.042,26.4,4.6,19123,15156,94598,,,9.9,16770.9,17836,cuda:2,123,bf16,12,NVIDIA A100-SXM4-80GB,4,79.2,580.126.09,96,48,1121.8,Linux-6.12.68-92.122.amzn2023.x86_64-x86_64-with-glibc2.39,,https://wandb.ai/rmukund16-indian-institute-of-technology-hyderabad/distillspec-pipeline/runs/1heslnth,0
2026-06-22T15:59:27,checkpoints/jsd_mathhard_s123/ckpt_best,math_eval,nss,4,8,100,0,3570,3.64902,10.2972,354.37,97.114,22.5759,13027,1265.1,1032.673,173.596,2.275,48.1,0.04,28.6,5.2,20338,16087,86807,,,5.2,16805.8,18208,cuda:0,123,bf16,12,NVIDIA A100-SXM4-80GB,4,79.2,580.126.09,96,48,1121.8,Linux-6.12.68-92.122.amzn2023.x86_64-x86_64-with-glibc2.39,,https://wandb.ai/rmukund16-indian-institute-of-technology-hyderabad/distillspec-pipeline/runs/1heslnth,0
2026-06-23T14:00:36,checkpoints/jsd_mathhard_s456/ckpt_best,math_eval,nss,1,8,100,0,2887,4.508833,12.5312,359.809,79.801,9,13017,1038.77,847.73,141.148,2.162,39.137,0.041,25.1,4.4,19055,15438,81477,,,5.4,16770.9,17768,cuda:1,123,bf16,12,NVIDIA A100-SXM4-80GB,4,79.2,580.126.09,96,48,1121.8,Linux-6.12.68-92.122.amzn2023.x86_64-x86_64-with-glibc2.39,,https://wandb.ai/rmukund16-indian-institute-of-technology-hyderabad/distillspec-pipeline/runs/d6homdte,0
2026-06-23T16:37:11,checkpoints/jsd_mathhard_s456/ckpt_best,math_eval,nss,2,8,100,0,3203,4.081798,11.172,365.361,89.51,13.5869,13074,1170.25,957.316,157.638,2.273,44.398,0.041,27.3,4.6,19059,15638,83191,,,5.3,16770.9,17772,cuda:1,123,bf16,12,NVIDIA A100-SXM4-80GB,4,79.2,580.126.09,96,48,1121.8,Linux-6.12.68-92.122.amzn2023.x86_64-x86_64-with-glibc2.39,,https://wandb.ai/rmukund16-indian-institute-of-technology-hyderabad/distillspec-pipeline/runs/d6homdte,0
2026-06-23T19:28:53,checkpoints/jsd_mathhard_s456/ckpt_best,math_eval,nss,3,8,100,0,3338,3.90683,11.3655,343.746,87.986,17.9811,13041,1147.42,938.496,154.972,2.107,43.713,0.037,29.3,5.3,19215,16561,89700,,,3.1,16801.1,17928,cuda:1,123,bf16,12,NVIDIA A100-SXM4-80GB,4,79.2,580.126.09,96,48,1121.8,Linux-6.12.68-92.122.amzn2023.x86_64-x86_64-with-glibc2.39,,https://wandb.ai/rmukund16-indian-institute-of-technology-hyderabad/distillspec-pipeline/runs/d6homdte,0
2026-06-24T02:14:16,checkpoints/jsd_mathhard_s456/ckpt_best,math_eval,nss,4,8,100,0,3536,3.689762,9.7792,377.309,102.258,22.2381,13047,1334.16,1091.472,182.406,2.537,48.609,0.044,27.0,4.7,19381,16026,80178,,,6.8,16826.7,18094.0,cuda:1,123,bf16,12,NVIDIA A100-SXM4-80GB,4,79.2,580.126.09,96,48,1121.8,Linux-6.12.68-92.122.amzn2023.x86_64-x86_64-with-glibc2.39,,https://wandb.ai/rmukund16-indian-institute-of-technology-hyderabad/distillspec-pipeline/runs/d6homdte,0
2026-06-22T06:32:08,checkpoints/jsd_flat_enrich_K1_mathhard_s123/ckpt_best,math_eval,specinfer,1,8,100,0,2276,5.764938,15.0568,382.878,66.415,9,13121,871.43,711.834,116.17,1.672,32.136,0.05,23.9,4.2,19868,15206,87334,,,10.4,16770.9,17738,cuda:0,123,bf16,12,NVIDIA A100-SXM4-80GB,4,79.2,580.126.09,96,48,1121.8,Linux-6.12.68-92.122.amzn2023.x86_64-x86_64-with-glibc2.39,,https://wandb.ai/rmukund16-indian-institute-of-technology-hyderabad/distillspec-pipeline/runs/hjlsg2cr,0
2026-06-22T08:31:41,checkpoints/jsd_flat_enrich_K1_mathhard_s123/ckpt_best,math_eval,specinfer,2,8,100,0,2621,4.994277,13.3318,374.615,75.009,13.6398,13090,981.86,803.877,130.369,2.035,36.283,0.051,26.6,4.5,19902,15327,94658,,,10.4,16770.9,17772,cuda:0,123,bf16,12,NVIDIA A100-SXM4-80GB,4,79.2,580.126.09,96,48,1121.8,Linux-6.12.68-92.122.amzn2023.x86_64-x86_64-with-glibc2.39,,https://wandb.ai/rmukund16-indian-institute-of-technology-hyderabad/distillspec-pipeline/runs/hjlsg2cr,0
2026-06-22T09:39:22,checkpoints/jsd_flat_enrich_K1_mathhard_s123/ckpt_best,math_eval,specinfer,3,8,100,0,2661,4.915445,12.7472,385.611,78.449,17.5881,13080,1026.11,839.137,137.263,2.381,37.814,0.051,26.1,4.4,19964,15793,88579,,,9.7,16770.9,17834,cuda:0,123,bf16,12,NVIDIA A100-SXM4-80GB,4,79.2,580.126.09,96,48,1121.8,Linux-6.12.68-92.122.amzn2023.x86_64-x86_64-with-glibc2.39,,https://wandb.ai/rmukund16-indian-institute-of-technology-hyderabad/distillspec-pipeline/runs/hjlsg2cr,0
2026-06-22T11:01:53,checkpoints/jsd_flat_enrich_K1_mathhard_s123/ckpt_best,math_eval,specinfer,4,8,100,0,2766,4.736804,12.7478,371.58,78.445,21.3601,13102,1027.79,838.551,138.902,2.615,38.263,0.05,27,4.9,20112,16210,85616,,,9.5,16770.9,17982,cuda:0,123,bf16,12,NVIDIA A100-SXM4-80GB,4,79.2,580.126.09,96,48,1121.8,Linux-6.12.68-92.122.amzn2023.x86_64-x86_64-with-glibc2.39,,https://wandb.ai/rmukund16-indian-institute-of-technology-hyderabad/distillspec-pipeline/runs/hjlsg2cr,0
2026-06-23T11:30:46,checkpoints/jsd_flat_enrich_K1_mathhard_s456/ckpt_best,math_eval,specinfer,1,8,100,0,2208,5.931612,16.6714,355.796,59.983,9,13097,785.6,640.54,105.448,1.376,29.963,0.035,25,4.5,19458,15334,79976,,,4.9,16770.9,17750,cuda:0,123,bf16,12,NVIDIA A100-SXM4-80GB,4,79.2,580.126.09,96,48,1121.8,Linux-6.12.68-92.122.amzn2023.x86_64-x86_64-with-glibc2.39,,https://wandb.ai/rmukund16-indian-institute-of-technology-hyderabad/distillspec-pipeline/runs/mekhfoy6,0
2026-06-23T13:33:15,checkpoints/jsd_flat_enrich_K1_mathhard_s456/ckpt_best,math_eval,specinfer,2,8,100,0,2553,5.122209,11.6173,440.911,86.078,13.4661,13077,1125.65,923.051,150.838,2.167,39.423,0.042,22.6,4.1,19480,13594,70461,,,5.4,16770.9,17772,cuda:0,123,bf16,12,NVIDIA A100-SXM4-80GB,4,79.2,580.126.09,96,48,1121.8,Linux-6.12.68-92.122.amzn2023.x86_64-x86_64-with-glibc2.39,,https://wandb.ai/rmukund16-indian-institute-of-technology-hyderabad/distillspec-pipeline/runs/mekhfoy6,0
2026-06-23T16:42:32,checkpoints/jsd_flat_enrich_K1_mathhard_s456/ckpt_best,math_eval,specinfer,3,8,100,0,2806,4.670706,12.7255,367.036,78.583,18.0485,13106,1029.9,841.325,139.984,2.213,37.774,0.044,27.4,4.7,19628,15552,83496,,,5.3,16803.5,17920,cuda:0,123,bf16,12,NVIDIA A100-SXM4-80GB,4,79.2,580.126.09,96,48,1121.8,Linux-6.12.68-92.122.amzn2023.x86_64-x86_64-with-glibc2.39,,https://wandb.ai/rmukund16-indian-institute-of-technology-hyderabad/distillspec-pipeline/runs/mekhfoy6,0
2026-06-24T01:10:40,checkpoints/jsd_flat_enrich_K1_mathhard_s456/ckpt_best,math_eval,specinfer,4,8,100,0,2856,4.581583,12.1146,378.187,82.545,21.7132,13085,1080.10,883.054,145.927,2.752,39.495,0.038,26.6,4.7,19249,15278,79612,,,7.5,16770.9,17962.0,cuda:0,123,bf16,12,NVIDIA A100-SXM4-80GB,4,79.2,580.126.09,96,48,1121.8,Linux-6.12.68-92.122.amzn2023.x86_64-x86_64-with-glibc2.39,,https://wandb.ai/rmukund16-indian-institute-of-technology-hyderabad/distillspec-pipeline/runs/mekhfoy6,0
2026-06-23T03:30:15,checkpoints/jsd_flat_enrich_K3_mathhard_s123/ckpt_best,math_eval,specinfer,1,8,100,0,2179,6.003671,16.8066,357.221,59.5,9,13082,778.39,633.621,105.654,1.392,29.338,0.042,25.2,4.5,19039,15616,82794,,,5.2,16770.9,17752,cuda:1,123,bf16,12,NVIDIA A100-SXM4-80GB,4,79.2,580.126.09,96,48,1121.8,Linux-6.12.68-92.122.amzn2023.x86_64-x86_64-with-glibc2.39,,https://wandb.ai/rmukund16-indian-institute-of-technology-hyderabad/distillspec-pipeline/runs/4whq9rs9,0
2026-06-23T05:36:04,checkpoints/jsd_flat_enrich_K3_mathhard_s123/ckpt_best,math_eval,specinfer,2,8,100,0,2460,5.329675,14.8005,360.101,67.565,13.3248,13111,885.85,724.71,118.077,1.713,33.089,0.038,27.5,4.7,19059,16029,84894,,,5.2,16770.9,17772,cuda:1,123,bf16,12,NVIDIA A100-SXM4-80GB,4,79.2,580.126.09,96,48,1121.8,Linux-6.12.68-92.122.amzn2023.x86_64-x86_64-with-glibc2.39,,https://wandb.ai/rmukund16-indian-institute-of-technology-hyderabad/distillspec-pipeline/runs/4whq9rs9,0
2026-06-23T07:59:40,checkpoints/jsd_flat_enrich_K3_mathhard_s123/ckpt_best,math_eval,specinfer,3,8,100,0,2728,4.794721,13.552,353.803,73.79,17.8387,13080,965.17,788.953,129.701,1.997,36.367,0.036,28.3,5.2,19143,17003,86050,,,5.2,16770.9,17856,cuda:1,123,bf16,12,NVIDIA A100-SXM4-80GB,4,79.2,580.126.09,96,48,1121.8,Linux-6.12.68-92.122.amzn2023.x86_64-x86_64-with-glibc2.39,,https://wandb.ai/rmukund16-indian-institute-of-technology-hyderabad/distillspec-pipeline/runs/4whq9rs9,0
2026-06-23T10:33:26,checkpoints/jsd_flat_enrich_K3_mathhard_s123/ckpt_best,math_eval,specinfer,4,8,100,0,2851,4.59979,12.5559,366.346,79.644,21.9042,13114,1044.45,853.287,141.326,2.393,38.874,0.038,27.4,5,19269,15939,84048,,,5.3,16770.9,17982,cuda:1,123,bf16,12,NVIDIA A100-SXM4-80GB,4,79.2,580.126.09,96,48,1121.8,Linux-6.12.68-92.122.amzn2023.x86_64-x86_64-with-glibc2.39,,https://wandb.ai/rmukund16-indian-institute-of-technology-hyderabad/distillspec-pipeline/runs/4whq9rs9,0
2026-06-23T07:59:50,checkpoints/jsd_flat_enrich_K3_mathhard_s123_ttemp1.5/ckpt_best,math_eval,specinfer,1,8,100,0,2237,5.854269,16.2365,360.562,61.59,9,13096,806.58,657.519,109.243,1.396,30.003,0.042,25.8,4.5,19033,15656,81404,,,5.2,16770.9,17746,cuda:3,123,bf16,12,NVIDIA A100-SXM4-80GB,4,79.2,580.126.09,96,48,1121.8,Linux-6.12.68-92.122.amzn2023.x86_64-x86_64-with-glibc2.39,,https://wandb.ai/rmukund16-indian-institute-of-technology-hyderabad/distillspec-pipeline/runs/7auspodd,0
2026-06-23T09:57:38,checkpoints/jsd_flat_enrich_K3_mathhard_s123_ttemp1.5/ckpt_best,math_eval,specinfer,2,8,100,0,2568,5.097741,14.0126,363.796,71.364,13.6624,13091,934.23,764.688,124.744,1.777,34.583,0.04,27.9,4.7,19059,15814,87162,,,5.3,16770.9,17772,cuda:3,123,bf16,12,NVIDIA A100-SXM4-80GB,4,79.2,580.126.09,96,48,1121.8,Linux-6.12.68-92.122.amzn2023.x86_64-x86_64-with-glibc2.39,,https://wandb.ai/rmukund16-indian-institute-of-technology-hyderabad/distillspec-pipeline/runs/7auspodd,0
2026-06-23T13:18:56,checkpoints/jsd_flat_enrich_K3_mathhard_s123_ttemp1.5/ckpt_best,math_eval,specinfer,3,8,100,0,2723,4.799486,13.3924,358.375,74.669,17.9813,13069,975.86,797.427,131.365,2.104,36.639,0.038,28.3,5,19195,16965,85766,,,4.6,16803.5,17908,cuda:3,123,bf16,12,NVIDIA A100-SXM4-80GB,4,79.2,580.126.09,96,48,1121.8,Linux-6.12.68-92.122.amzn2023.x86_64-x86_64-with-glibc2.39,,https://wandb.ai/rmukund16-indian-institute-of-technology-hyderabad/distillspec-pipeline/runs/7auspodd,0
2026-06-23T16:52:25,checkpoints/jsd_flat_enrich_K3_mathhard_s123_ttemp1.5/ckpt_best,math_eval,specinfer,4,8,100,0,2824,4.636686,12.3297,376.057,81.105,22.0931,13094,1061.98,866.611,145.047,2.501,39.062,0.041,27.1,4.8,19275,15596,81851,,,5.3,16770.9,17988,cuda:3,123,bf16,12,NVIDIA A100-SXM4-80GB,4,79.2,580.126.09,96,48,1121.8,Linux-6.12.68-92.122.amzn2023.x86_64-x86_64-with-glibc2.39,,https://wandb.ai/rmukund16-indian-institute-of-technology-hyderabad/distillspec-pipeline/runs/7auspodd,0
2026-06-24T08:26:07,checkpoints/jsd_flat_enrich_K3_mathhard_s456/ckpt_best,math_eval,specinfer,1,8,100,0,2196,5.966302,16.5356,360.816,60.476,9.0000,13102,792.35,645.644,107.022,1.456,29.747,0.040,24.9,4.5,19039,15423,79392,,,7.9,16770.9,17752.0,cuda:0,123,bf16,12,NVIDIA A100-SXM4-80GB,4,79.2,580.126.09,96,48,1121.8,Linux-6.12.68-92.122.amzn2023.x86_64-x86_64-with-glibc2.39,,https://wandb.ai/rmukund16-indian-institute-of-technology-hyderabad/distillspec-pipeline/runs/lb5m8j9f,0
2026-06-24T08:07:11,checkpoints/jsd_flat_enrich_K3_mathhard_s456/ckpt_best,math_eval,specinfer,2,8,100,0,2484,5.264090,14.1107,373.057,70.868,13.3655,13076,926.67,757.607,124.108,1.916,34.371,0.042,26.9,4.5,19059,15455,85180,,,7.5,16770.9,17772.0,cuda:1,123,bf16,12,NVIDIA A100-SXM4-80GB,4,79.2,580.126.09,96,48,1121.8,Linux-6.12.68-92.122.amzn2023.x86_64-x86_64-with-glibc2.39,,https://wandb.ai/rmukund16-indian-institute-of-technology-hyderabad/distillspec-pipeline/runs/lb5m8j9f,0
2026-06-24T08:41:32,checkpoints/jsd_flat_enrich_K3_mathhard_s456/ckpt_best,math_eval,specinfer,3,8,100,0,2876,4.553894,12.1914,373.533,82.025,18.0306,13097,1074.28,878.022,145.547,2.328,39.568,0.040,27.0,4.7,19205,15382,81061,,,7.0,16803.5,17918.0,cuda:2,123,bf16,12,NVIDIA A100-SXM4-80GB,4,79.2,580.126.09,96,48,1121.8,Linux-6.12.68-92.122.amzn2023.x86_64-x86_64-with-glibc2.39,,https://wandb.ai/rmukund16-indian-institute-of-technology-hyderabad/distillspec-pipeline/runs/lb5m8j9f,0
2026-06-24T08:07:05,checkpoints/jsd_flat_enrich_K3_mathhard_s456/ckpt_best,math_eval,specinfer,4,8,100,0,2972,4.407470,11.9943,367.465,83.373,21.9371,13099,1092.11,891.588,148.851,2.714,40.293,0.039,27.6,4.9,19269,15424,86264,,,7.8,16770.9,17982.0,cuda:3,123,bf16,12,NVIDIA A100-SXM4-80GB,4,79.2,580.126.09,96,48,1121.8,Linux-6.12.68-92.122.amzn2023.x86_64-x86_64-with-glibc2.39,,https://wandb.ai/rmukund16-indian-institute-of-technology-hyderabad/distillspec-pipeline/runs/lb5m8j9f,0
2026-06-22T06:33:35,checkpoints/jsd_mathhard_s123/ckpt_best,math_eval,specinfer,1,8,100,0,2319,5.667529,14.7081,385.333,67.99,9,13143,893.59,729.888,119.661,1.674,32.71,0.051,23.4,4.3,19041,18134,80981,,,10.4,16770.9,17754,cuda:2,123,bf16,12,NVIDIA A100-SXM4-80GB,4,79.2,580.126.09,96,48,1121.8,Linux-6.12.68-92.122.amzn2023.x86_64-x86_64-with-glibc2.39,,https://wandb.ai/rmukund16-indian-institute-of-technology-hyderabad/distillspec-pipeline/runs/1heslnth,0
2026-06-22T08:32:04,checkpoints/jsd_mathhard_s123/ckpt_best,math_eval,specinfer,2,8,100,0,2629,4.979079,13.1428,378.844,76.087,13.5356,13090,995.98,814.821,131.894,2.07,37.781,0.05,26,4.3,19059,15016,90235,,,10.3,16770.9,17772,cuda:2,123,bf16,12,NVIDIA A100-SXM4-80GB,4,79.2,580.126.09,96,48,1121.8,Linux-6.12.68-92.122.amzn2023.x86_64-x86_64-with-glibc2.39,,https://wandb.ai/rmukund16-indian-institute-of-technology-hyderabad/distillspec-pipeline/runs/1heslnth,0
2026-06-22T09:51:20,checkpoints/jsd_mathhard_s123/ckpt_best,math_eval,specinfer,3,8,100,0,2735,4.779159,12.6637,377.389,78.966,17.9232,13071,1032.16,844.586,137.916,2.343,37.996,0.05,26.6,4.5,19123,16664,85914,,,10.3,16770.9,17836,cuda:2,123,bf16,12,NVIDIA A100-SXM4-80GB,4,79.2,580.126.09,96,48,1121.8,Linux-6.12.68-92.122.amzn2023.x86_64-x86_64-with-glibc2.39,,https://wandb.ai/rmukund16-indian-institute-of-technology-hyderabad/distillspec-pipeline/runs/1heslnth,0
2026-06-22T14:43:59,checkpoints/jsd_mathhard_s123/ckpt_best,math_eval,specinfer,4,8,100,0,2851,4.579095,12.4309,368.365,80.445,22.0459,13055,1050.21,857.179,142.483,2.537,38.872,0.026,28,5,20256,16017,85413,,,5.2,16770.9,18126,cuda:0,123,bf16,12,NVIDIA A100-SXM4-80GB,4,79.2,580.126.09,96,48,1121.8,Linux-6.12.68-92.122.amzn2023.x86_64-x86_64-with-glibc2.39,,https://wandb.ai/rmukund16-indian-institute-of-technology-hyderabad/distillspec-pipeline/runs/1heslnth,0
2026-06-23T14:55:35,checkpoints/jsd_mathhard_s456/ckpt_best,math_eval,specinfer,1,8,100,0,2233,5.881773,16.3638,359.439,61.111,9,13134,802.63,653.683,108.918,1.432,30.166,0.04,25.2,4.5,19055,15637,81865,,,5.3,16770.9,17768,cuda:1,123,bf16,12,NVIDIA A100-SXM4-80GB,4,79.2,580.126.09,96,48,1121.8,Linux-6.12.68-92.122.amzn2023.x86_64-x86_64-with-glibc2.39,,https://wandb.ai/rmukund16-indian-institute-of-technology-hyderabad/distillspec-pipeline/runs/d6homdte,0
2026-06-23T16:53:14,checkpoints/jsd_mathhard_s456/ckpt_best,math_eval,specinfer,2,8,100,0,2548,5.152669,14.0919,365.648,70.963,13.3356,13129,931.67,761.042,125.316,1.815,35.04,0.041,27.2,4.5,19059,15927,84143,,,5.3,16770.9,17772,cuda:1,123,bf16,12,NVIDIA A100-SXM4-80GB,4,79.2,580.126.09,96,48,1121.8,Linux-6.12.68-92.122.amzn2023.x86_64-x86_64-with-glibc2.39,,https://wandb.ai/rmukund16-indian-institute-of-technology-hyderabad/distillspec-pipeline/runs/d6homdte,0
2026-06-24T01:11:50,checkpoints/jsd_mathhard_s456/ckpt_best,math_eval,specinfer,4,8,100,0,2845,4.596837,12.1285,379.012,82.451,21.6359,13078,1078.29,881.594,146.010,2.657,39.153,0.040,26.8,4.7,19269,15536,80014,,,7.5,16770.9,17982.0,cuda:1,123,bf16,12,NVIDIA A100-SXM4-80GB,4,79.2,580.126.09,96,48,1121.8,Linux-6.12.68-92.122.amzn2023.x86_64-x86_64-with-glibc2.39,,https://wandb.ai/rmukund16-indian-institute-of-technology-hyderabad/distillspec-pipeline/runs/d6homdte,0
2026-06-26T20:10:31,/home/colligo/Distill-Spec-Research/checkpoints/jsd_flat_enrich_K1_mathhard_s123/ckpt_best,math_eval,specinfer_dAdapt,2,8,100,0,2388,5.491625,5.9187,927.846,168.957,10.964,13114,2215.7,1540.666,284.554,11.545,359.788,0.101,100,6.2,55636,23222,128287,,,72.1,16770.9,17774,cuda:0,123,bf16,12,NVIDIA A100-SXM4-80GB,4,79.2,580.126.09,96,48,1121.8,Linux-6.12.68-92.122.amzn2023.x86_64-x86_64-with-glibc2.39,,sdpa,0
2026-06-26T23:21:21,/home/colligo/Distill-Spec-Research/checkpoints/jsd_flat_enrich_K1_mathhard_s123/ckpt_best,math_eval,specinfer_dAdapt,3,8,100,0,2434,5.372638,7.9948,672.016,125.081,12.5222,13077,1635.69,964.119,234.968,14.245,409.72,0.04,99.5,8.4,55862,30737,172883,,,4.2,16770.9,17834,cuda:0,123,bf16,12,NVIDIA A100-SXM4-80GB,4,79.2,580.126.09,96,48,1121.8,Linux-6.12.68-92.122.amzn2023.x86_64-x86_64-with-glibc2.39,,sdpa,0
2026-06-27T02:16:20,/home/colligo/Distill-Spec-Research/checkpoints/jsd_flat_enrich_K1_mathhard_s123/ckpt_best,math_eval,specinfer_dAdapt,4,8,100,0,2543,5.140779,7.3989,694.801,135.155,14.5033,13073,1766.88,1130.927,258.834,13.823,349.749,0.057,94.3,7.4,56228,28348,152134,,,41.4,16770.9,17990,cuda:0,123,bf16,12,NVIDIA A100-SXM4-80GB,4,79.2,580.126.09,96,48,1121.8,Linux-6.12.68-92.122.amzn2023.x86_64-x86_64-with-glibc2.39,,sdpa,0
2026-06-26T20:10:56,/home/colligo/Distill-Spec-Research/checkpoints/jsd_flat_enrich_K3_mathhard_s123/ckpt_best,math_eval,specinfer_dAdapt,2,8,100,0,2329,5.634607,6.1273,919.588,163.204,10.9712,13123,2141.72,1486.781,275.112,11.424,349.822,0.094,100,6.2,55636,24427,138666,,,71.5,16770.9,17772,cuda:0,123,bf16,12,NVIDIA A100-SXM4-80GB,4,79.2,580.126.09,96,48,1121.8,Linux-6.12.68-92.122.amzn2023.x86_64-x86_64-with-glibc2.39,,sdpa,0
2026-06-26T23:17:29,/home/colligo/Distill-Spec-Research/checkpoints/jsd_flat_enrich_K3_mathhard_s123/ckpt_best,math_eval,specinfer_dAdapt,3,8,100,0,2462,5.309911,7.848,676.592,127.421,13.1365,13073,1665.77,972.857,245.835,14.443,419.893,0.039,99.5,8.5,55862,28331,159087,,,4.2,16770.9,17856,cuda:0,123,bf16,12,NVIDIA A100-SXM4-80GB,4,79.2,580.126.09,96,48,1121.8,Linux-6.12.68-92.122.amzn2023.x86_64-x86_64-with-glibc2.39,,sdpa,0
2026-06-27T02:11:06,/home/colligo/Distill-Spec-Research/checkpoints/jsd_flat_enrich_K3_mathhard_s123/ckpt_best,math_eval,specinfer_dAdapt,4,8,100,0,2505,5.22994,7.0458,742.277,141.928,14.4798,13101,1859.4,1146.112,278.978,15.755,404.346,0.058,99.9,7.8,56228,29399,158595,,,42,16770.9,17970,cuda:0,123,bf16,12,NVIDIA A100-SXM4-80GB,4,79.2,580.126.09,96,48,1121.8,Linux-6.12.68-92.122.amzn2023.x86_64-x86_64-with-glibc2.39,,sdpa,0
2026-06-26T20:09:52,/home/colligo/Distill-Spec-Research/checkpoints/jsd_mathhard_s123/ckpt_best,math_eval,specinfer_dAdapt,2,8,100,0,2405,5.448233,5.9688,912.785,167.538,10.9397,13103,2195.25,1521.3,280.705,11.639,362.92,0.104,100,6.2,55636,22577,133539,,,72.6,16770.9,17772,cuda:0,123,bf16,12,NVIDIA A100-SXM4-80GB,4,79.2,580.126.09,96,48,1121.8,Linux-6.12.68-92.122.amzn2023.x86_64-x86_64-with-glibc2.39,,sdpa,0
2026-06-26T23:17:56,/home/colligo/Distill-Spec-Research/checkpoints/jsd_mathhard_s123/ckpt_best,math_eval,specinfer_dAdapt,3,8,100,0,2545,5.144597,7.733,665.277,129.316,12.9481,13093,1693.13,987.597,249.462,14.779,428.559,0.04,99.5,8.5,55862,29340,162562,,,4.2,16770.9,17854,cuda:0,123,bf16,12,NVIDIA A100-SXM4-80GB,4,79.2,580.126.09,96,48,1121.8,Linux-6.12.68-92.122.amzn2023.x86_64-x86_64-with-glibc2.39,,sdpa,0
2026-06-27T02:14:08,/home/colligo/Distill-Spec-Research/checkpoints/jsd_mathhard_s123/ckpt_best,math_eval,specinfer_dAdapt,4,8,100,0,2613,5.021049,6.9616,721.248,143.645,14.9422,13120,1884.62,1166.489,285.831,15.859,402.43,0.054,99.8,7.7,56228,28618,160484,,,42,16770.9,17950,cuda:0,123,bf16,12,NVIDIA A100-SXM4-80GB,4,79.2,580.126.09,96,48,1121.8,Linux-6.12.68-92.122.amzn2023.x86_64-x86_64-with-glibc2.39,,sdpa,0
2026-06-26T17:42:50,/home/colligo/Distill-Spec-Research/checkpoints/jsd_flat_enrich_K1_mathhard_s123/ckpt_best,math_eval,specinfer_dL2,2,8,100,0,2347,5.564124,6.2281,893.397,160.564,11.6246,13059,2096.8,1439.421,270.394,11.418,358.229,0.093,99.8,6.2,55616,32353,156278,,,68,16770.9,17772,cuda:0,123,bf16,12,NVIDIA A100-SXM4-80GB,4,79.2,580.126.09,96,48,1121.8,Linux-6.12.68-92.122.amzn2023.x86_64-x86_64-with-glibc2.39,,sdpa,2
2026-06-26T21:29:27,/home/colligo/Distill-Spec-Research/checkpoints/jsd_flat_enrich_K1_mathhard_s123/ckpt_best,math_eval,specinfer_dL2,3,8,100,0,2517,5.19706,5.2167,996.243,191.694,14.1208,13081,2507.54,1758.061,341.179,13.668,374.205,0.122,99.8,6.1,55844,27236,138847,,,73.2,16770.9,17856,cuda:0,123,bf16,12,NVIDIA A100-SXM4-80GB,4,79.2,580.126.09,96,48,1121.8,Linux-6.12.68-92.122.amzn2023.x86_64-x86_64-with-glibc2.39,,sdpa,2
2026-06-27T00:19:46,/home/colligo/Distill-Spec-Research/checkpoints/jsd_flat_enrich_K1_mathhard_s123/ckpt_best,math_eval,specinfer_dL2,4,8,100,0,2548,5.127551,7.2486,707.388,137.958,16.1586,13065,1802.42,1059.849,286.776,16.434,426.477,0.04,99.4,8.2,56248,31038,165706,,,4.2,16770.9,17992,cuda:0,123,bf16,12,NVIDIA A100-SXM4-80GB,4,79.2,580.126.09,96,48,1121.8,Linux-6.12.68-92.122.amzn2023.x86_64-x86_64-with-glibc2.39,,sdpa,2
2026-06-26T17:45:11,/home/colligo/Distill-Spec-Research/checkpoints/jsd_flat_enrich_K3_mathhard_s123/ckpt_best,math_eval,specinfer_dL2,2,8,100,0,2293,5.727867,6.072,943.321,164.69,11.6358,13134,2163.04,1508.902,278.746,11.301,345.3,0.109,99.4,6.1,55616,29147,149231,,,70,16770.9,17774,cuda:0,123,bf16,12,NVIDIA A100-SXM4-80GB,4,79.2,580.126.09,96,48,1121.8,Linux-6.12.68-92.122.amzn2023.x86_64-x86_64-with-glibc2.39,,sdpa,2
2026-06-26T21:28:22,/home/colligo/Distill-Spec-Research/checkpoints/jsd_flat_enrich_K3_mathhard_s123/ckpt_best,math_eval,specinfer_dL2,3,8,100,0,2380,5.492017,5.3758,1021.628,186.021,13.6004,13071,2431.47,1714.677,326.698,13.348,356.547,0.118,99.8,6,55844,27162,134201,,,73.2,16770.9,17834,cuda:0,123,bf16,12,NVIDIA A100-SXM4-80GB,4,79.2,580.126.09,96,48,1121.8,Linux-6.12.68-92.122.amzn2023.x86_64-x86_64-with-glibc2.39,,sdpa,2
2026-06-27T00:15:31,/home/colligo/Distill-Spec-Research/checkpoints/jsd_flat_enrich_K3_mathhard_s123/ckpt_best,math_eval,specinfer_dL2,4,8,100,0,2584,5.068111,7.11,712.812,140.646,16.2314,13096,1841.91,1084.274,296.181,16.608,431.898,0.042,99.4,8.2,56248,28320,143617,,,4.2,16770.9,17970,cuda:0,123,bf16,12,NVIDIA A100-SXM4-80GB,4,79.2,580.126.09,96,48,1121.8,Linux-6.12.68-92.122.amzn2023.x86_64-x86_64-with-glibc2.39,,sdpa,2
2026-06-26T17:43:06,/home/colligo/Distill-Spec-Research/checkpoints/jsd_mathhard_s123/ckpt_best,math_eval,specinfer_dL2,2,8,100,0,2381,5.51113,6.0281,914.241,165.89,11.6787,13122,2176.81,1499.225,280.267,11.67,367.385,0.111,99.8,6.2,55616,35816,167748,,,66.9,16770.9,17752,cuda:0,123,bf16,12,NVIDIA A100-SXM4-80GB,4,79.2,580.126.09,96,48,1121.8,Linux-6.12.68-92.122.amzn2023.x86_64-x86_64-with-glibc2.39,,sdpa,2
2026-06-26T21:24:39,/home/colligo/Distill-Spec-Research/checkpoints/jsd_mathhard_s123/ckpt_best,math_eval,specinfer_dL2,3,8,100,0,2456,5.346906,5.6117,952.816,178.2,13.9019,13132,2340.12,1625.035,316.774,13.191,366.433,0.099,99.8,6.1,55844,25676,124611,,,73.2,16770.9,17836,cuda:0,123,bf16,12,NVIDIA A100-SXM4-80GB,4,79.2,580.126.09,96,48,1121.8,Linux-6.12.68-92.122.amzn2023.x86_64-x86_64-with-glibc2.39,,sdpa,2
2026-06-27T00:15:49,/home/colligo/Distill-Spec-Research/checkpoints/jsd_mathhard_s123/ckpt_best,math_eval,specinfer_dL2,4,8,100,0,2598,5.037336,7.2503,694.779,137.926,16.2433,13087,1805.03,1049.749,290.022,16.687,435.976,0.039,99.4,8.3,56248,28631,154941,,,4.2,16770.9,17968,cuda:0,123,bf16,12,NVIDIA A100-SXM4-80GB,4,79.2,580.126.09,96,48,1121.8,Linux-6.12.68-92.122.amzn2023.x86_64-x86_64-with-glibc2.39,,sdpa,2
2026-06-27T03:24:33,/home/colligo/Distill-Spec-Research/checkpoints/jsd_flat_enrich_K1_mathhard_s123/ckpt_best,math_eval,specinfer_dL3,2,8,100,0,2324,5.653184,12.0099,470.709,83.264,10.9755,13138,1093.93,915.655,129.627,2.143,35.882,0.055,22.3,3.9,19041,14405,80562,,,41.5,16770.9,17754,cuda:1,123,bf16,12,NVIDIA A100-SXM4-80GB,4,79.2,580.126.09,96,48,1121.8,Linux-6.12.68-92.122.amzn2023.x86_64-x86_64-with-glibc2.39,,sdpa,3
2026-06-27T04:01:13,/home/colligo/Distill-Spec-Research/checkpoints/jsd_flat_enrich_K1_mathhard_s123/ckpt_best,math_eval,specinfer_dL3,3,8,100,0,2401,5.463973,12.0359,453.972,83.085,12.626,13119,1089.99,910.83,130.34,2.375,36.037,0.052,22.8,3.8,19141,16228,82052,,,34.9,16770.9,17854,cuda:1,123,bf16,12,NVIDIA A100-SXM4-80GB,4,79.2,580.126.09,96,48,1121.8,Linux-6.12.68-92.122.amzn2023.x86_64-x86_64-with-glibc2.39,,sdpa,3
2026-06-27T04:38:55,/home/colligo/Distill-Spec-Research/checkpoints/jsd_flat_enrich_K1_mathhard_s123/ckpt_best,math_eval,specinfer_dL3,4,8,100,0,2424,5.409653,11.7387,460.838,85.188,14.0144,13113,1117.07,933.886,133.024,2.698,36.951,0.054,22.9,3.9,19257,15748,82355,,,41.9,16770.9,17970,cuda:1,123,bf16,12,NVIDIA A100-SXM4-80GB,4,79.2,580.126.09,96,48,1121.8,Linux-6.12.68-92.122.amzn2023.x86_64-x86_64-with-glibc2.39,,sdpa,3
2026-06-27T03:26:24,/home/colligo/Distill-Spec-Research/checkpoints/jsd_flat_enrich_K3_mathhard_s123/ckpt_best,math_eval,specinfer_dL3,2,8,100,0,2323,5.667241,11.6372,486.995,85.932,10.9522,13165,1131.29,947.697,133.86,2.197,36.638,0.055,21.7,3.6,19059,13998,77281,,,41.5,16770.9,17772,cuda:3,123,bf16,12,NVIDIA A100-SXM4-80GB,4,79.2,580.126.09,96,48,1121.8,Linux-6.12.68-92.122.amzn2023.x86_64-x86_64-with-glibc2.39,,sdpa,3
2026-06-27T04:04:30,/home/colligo/Distill-Spec-Research/checkpoints/jsd_flat_enrich_K3_mathhard_s123/ckpt_best,math_eval,specinfer_dL3,3,8,100,0,2422,5.436003,11.6447,466.821,85.876,12.7159,13166,1130.64,945.734,135.064,2.4,37.006,0.052,22.5,3.8,19121,15463,74073,,,33.6,16770.9,17834,cuda:3,123,bf16,12,NVIDIA A100-SXM4-80GB,4,79.2,580.126.09,96,48,1121.8,Linux-6.12.68-92.122.amzn2023.x86_64-x86_64-with-glibc2.39,,sdpa,3
2026-06-27T04:44:14,/home/colligo/Distill-Spec-Research/checkpoints/jsd_flat_enrich_K3_mathhard_s123/ckpt_best,math_eval,specinfer_dL3,4,8,100,0,2434,5.371405,11.0387,486.599,90.591,14.0472,13074,1184.38,990.588,141.668,2.861,38.497,0.054,21.9,3.6,19277,13798,82986,,,42.1,16770.9,17990,cuda:3,123,bf16,12,NVIDIA A100-SXM4-80GB,4,79.2,580.126.09,96,48,1121.8,Linux-6.12.68-92.122.amzn2023.x86_64-x86_64-with-glibc2.39,,sdpa,3
2026-06-27T03:25:30,/home/colligo/Distill-Spec-Research/checkpoints/jsd_mathhard_s123/ckpt_best,math_eval,specinfer_dL3,2,8,100,0,2335,5.622698,11.503,488.804,86.934,10.9186,13129,1141.36,956.173,135.161,2.339,36.598,0.061,21.6,3.7,19039,14336,77908,,,41.5,16770.9,17752,cuda:0,123,bf16,12,NVIDIA A100-SXM4-80GB,4,79.2,580.126.09,96,48,1121.8,Linux-6.12.68-92.122.amzn2023.x86_64-x86_64-with-glibc2.39,,sdpa,3
2026-06-27T04:04:02,/home/colligo/Distill-Spec-Research/checkpoints/jsd_mathhard_s123/ckpt_best,math_eval,specinfer_dL3,3,8,100,0,2423,5.411061,11.5569,468.212,86.529,12.7404,13111,1134.48,949.384,135.402,2.424,36.843,0.05,22.5,3.9,19141,14200,73906,,,33.3,16770.9,17854,cuda:0,123,bf16,12,NVIDIA A100-SXM4-80GB,4,79.2,580.126.09,96,48,1121.8,Linux-6.12.68-92.122.amzn2023.x86_64-x86_64-with-glibc2.39,,sdpa,3
2026-06-27T04:43:55,/home/colligo/Distill-Spec-Research/checkpoints/jsd_mathhard_s123/ckpt_best,math_eval,specinfer_dL3,4,8,100,0,2501,5.233906,11.0334,474.368,90.634,14.1443,13090,1186.39,991.904,142.204,2.95,38.453,0.053,22.2,3.8,19257,14146,79839,,,42.1,16770.9,17970,cuda:0,123,bf16,12,NVIDIA A100-SXM4-80GB,4,79.2,580.126.09,96,48,1121.8,Linux-6.12.68-92.122.amzn2023.x86_64-x86_64-with-glibc2.39,,sdpa,3
2026-06-26T18:56:09,/home/colligo/Distill-Spec-Research/checkpoints/jsd_flat_enrich_K1_mathhard_s123/ckpt_best,math_eval,specinfer_dL4,2,8,100,0,2313,5.674016,6.1094,928.733,163.682,10.4293,13124,2148.16,1503.445,268.352,11.372,346.105,0.111,99.9,6.1,55616,25505,117034,,,73.8,16770.9,17772,cuda:0,123,bf16,12,NVIDIA A100-SXM4-80GB,4,79.2,580.126.09,96,48,1121.8,Linux-6.12.68-92.122.amzn2023.x86_64-x86_64-with-glibc2.39,,sdpa,4
2026-06-26T22:27:50,/home/colligo/Distill-Spec-Research/checkpoints/jsd_flat_enrich_K1_mathhard_s123/ckpt_best,math_eval,specinfer_dL4,3,8,100,0,2346,5.590793,8.0811,691.838,123.746,11.5558,13116,1623.05,981.533,220.909,13.887,394.186,0.039,99.6,8.4,55820,32617,174163,,,4.2,16770.9,17834,cuda:0,123,bf16,12,NVIDIA A100-SXM4-80GB,4,79.2,580.126.09,96,48,1121.8,Linux-6.12.68-92.122.amzn2023.x86_64-x86_64-with-glibc2.39,,sdpa,4
2026-06-27T01:16:59,/home/colligo/Distill-Spec-Research/checkpoints/jsd_flat_enrich_K1_mathhard_s123/ckpt_best,math_eval,specinfer_dL4,4,8,100,0,2351,5.581455,7.2143,773.662,138.613,12.4394,13122,1818.88,1164.969,248.83,14.982,375.727,0.059,99.5,7.4,56252,31460,156128,,,42.6,16770.9,17990,cuda:0,123,bf16,12,NVIDIA A100-SXM4-80GB,4,79.2,580.126.09,96,48,1121.8,Linux-6.12.68-92.122.amzn2023.x86_64-x86_64-with-glibc2.39,,sdpa,4
2026-06-26T18:58:54,/home/colligo/Distill-Spec-Research/checkpoints/jsd_flat_enrich_K3_mathhard_s123/ckpt_best,math_eval,specinfer_dL4,2,8,100,0,2209,5.937076,6.0459,981.998,165.401,10.3653,13115,2169.23,1540.193,269.727,10.89,329.001,0.102,99.1,6.1,55616,25616,140245,,,73.8,16770.9,17774,cuda:0,123,bf16,12,NVIDIA A100-SXM4-80GB,4,79.2,580.126.09,96,48,1121.8,Linux-6.12.68-92.122.amzn2023.x86_64-x86_64-with-glibc2.39,,sdpa,4
2026-06-26T22:24:12,/home/colligo/Distill-Spec-Research/checkpoints/jsd_flat_enrich_K3_mathhard_s123/ckpt_best,math_eval,specinfer_dL4,3,8,100,0,2292,5.723822,8.5369,670.482,117.139,11.445,13119,1536.75,918.485,210.996,13.854,381.179,0.038,99.5,8.3,55820,31295,166830,,,4.2,16770.9,17834,cuda:0,123,bf16,12,NVIDIA A100-SXM4-80GB,4,79.2,580.126.09,96,48,1121.8,Linux-6.12.68-92.122.amzn2023.x86_64-x86_64-with-glibc2.39,,sdpa,4
2026-06-27T01:11:02,/home/colligo/Distill-Spec-Research/checkpoints/jsd_flat_enrich_K3_mathhard_s123/ckpt_best,math_eval,specinfer_dL4,4,8,100,0,2301,5.706649,7.4434,766.676,134.348,12.349,13131,1764.12,1117.818,241.801,14.919,375.556,0.063,99.5,7.5,56252,27443,138038,,,36,16770.9,17974,cuda:0,123,bf16,12,NVIDIA A100-SXM4-80GB,4,79.2,580.126.09,96,48,1121.8,Linux-6.12.68-92.122.amzn2023.x86_64-x86_64-with-glibc2.39,,sdpa,4
2026-06-26T18:56:03,/home/colligo/Distill-Spec-Research/checkpoints/jsd_mathhard_s123/ckpt_best,math_eval,specinfer_dL4,2,8,100,0,2332,5.624786,6.0976,922.466,164,10.3791,13117,2151.19,1503.241,268.214,11.427,349.494,0.108,99.9,6.1,55616,26564,116554,,,73.8,16770.9,17752,cuda:0,123,bf16,12,NVIDIA A100-SXM4-80GB,4,79.2,580.126.09,96,48,1121.8,Linux-6.12.68-92.122.amzn2023.x86_64-x86_64-with-glibc2.39,,sdpa,4
2026-06-26T22:23:24,/home/colligo/Distill-Spec-Research/checkpoints/jsd_mathhard_s123/ckpt_best,math_eval,specinfer_dL4,3,8,100,0,2337,5.610612,8.3005,675.938,120.475,11.4463,13112,1579.67,945.999,216.159,13.812,391.441,0.04,99.5,8.3,55820,30404,154518,,,4.2,16770.9,17834,cuda:0,123,bf16,12,NVIDIA A100-SXM4-80GB,4,79.2,580.126.09,96,48,1121.8,Linux-6.12.68-92.122.amzn2023.x86_64-x86_64-with-glibc2.39,,sdpa,4
2026-06-27T01:13:02,/home/colligo/Distill-Spec-Research/checkpoints/jsd_mathhard_s123/ckpt_best,math_eval,specinfer_dL4,4,8,100,0,2415,5.437267,7.1459,760.895,139.941,12.347,13131,1837.56,1165.372,254.626,15.882,387.589,0.062,99.5,7.5,56252,27109,149526,,,37.4,16770.9,17970,cuda:0,123,bf16,12,NVIDIA A100-SXM4-80GB,4,79.2,580.126.09,96,48,1121.8,Linux-6.12.68-92.122.amzn2023.x86_64-x86_64-with-glibc2.39,,sdpa,4
2026-06-27T06:12:40,/home/colligo/Distill-Spec-Research/checkpoints/jsd_flat_enrich_K1_mathhard_s123/ckpt_best,math_eval,specinfer_dL5,2,8,100,0,2220,5.918018,14.0143,422.285,71.356,9.8914,13138,937.47,780.032,113.333,1.659,31.318,0.043,24.3,4.1,19061,16464,80371,,,5.3,16770.9,17774,cuda:0,123,bf16,12,NVIDIA A100-SXM4-80GB,4,79.2,580.126.09,96,48,1121.8,Linux-6.12.68-92.122.amzn2023.x86_64-x86_64-with-glibc2.39,,sdpa,5
2026-06-27T06:27:58,/home/colligo/Distill-Spec-Research/checkpoints/jsd_flat_enrich_K1_mathhard_s123/ckpt_best,math_eval,specinfer_dL5,3,8,100,0,2251,5.832963,15.0831,386.723,66.3,10.574,13130,870.51,725.12,105.333,1.717,29.961,0.041,26.8,4.6,19119,17739,87921,,,5.2,16770.9,17832,cuda:0,123,bf16,12,NVIDIA A100-SXM4-80GB,4,79.2,580.126.09,96,48,1121.8,Linux-6.12.68-92.122.amzn2023.x86_64-x86_64-with-glibc2.39,,sdpa,5
2026-06-27T06:44:37,/home/colligo/Distill-Spec-Research/checkpoints/jsd_flat_enrich_K1_mathhard_s123/ckpt_best,math_eval,specinfer_dL5,4,8,100,0,2369,5.5458,13.8081,401.633,72.421,11.2073,13138,951.47,792.903,115.786,2.088,31.907,0.043,25.9,4.5,19279,17127,83002,,,5.2,16770.9,17992,cuda:0,123,bf16,12,NVIDIA A100-SXM4-80GB,4,79.2,580.126.09,96,48,1121.8,Linux-6.12.68-92.122.amzn2023.x86_64-x86_64-with-glibc2.39,,sdpa,5
2026-06-27T06:59:38,/home/colligo/Distill-Spec-Research/checkpoints/jsd_flat_enrich_K3_mathhard_s123/ckpt_best,math_eval,specinfer_dL5,2,8,100,0,2235,5.867114,15.2966,383.557,65.374,9.8644,13113,857.25,713.88,103.801,1.52,29.718,0.039,26.9,4.6,19059,16506,88432,,,5.2,16770.9,17772,cuda:0,123,bf16,12,NVIDIA A100-SXM4-80GB,4,79.2,580.126.09,96,48,1121.8,Linux-6.12.68-92.122.amzn2023.x86_64-x86_64-with-glibc2.39,,sdpa,5
2026-06-27T07:14:45,/home/colligo/Distill-Spec-Research/checkpoints/jsd_flat_enrich_K3_mathhard_s123/ckpt_best,math_eval,specinfer_dL5,3,8,100,0,2182,6.015124,15.2531,394.354,65.56,10.5234,13125,860.48,717.134,103.771,1.684,29.326,0.038,26.3,4.5,19141,16111,107936,,,5.3,16770.9,17854,cuda:0,123,bf16,12,NVIDIA A100-SXM4-80GB,4,79.2,580.126.09,96,48,1121.8,Linux-6.12.68-92.122.amzn2023.x86_64-x86_64-with-glibc2.39,,sdpa,5
2026-06-27T07:31:01,/home/colligo/Distill-Spec-Research/checkpoints/jsd_flat_enrich_K3_mathhard_s123/ckpt_best,math_eval,specinfer_dL5,4,8,100,0,2235,5.865772,14.0951,416.158,70.947,10.9866,13110,930.11,772.903,112.39,2.02,30.732,0.04,25.1,4.2,19259,15684,82894,,,5.3,16770.9,17972,cuda:0,123,bf16,12,NVIDIA A100-SXM4-80GB,4,79.2,580.126.09,96,48,1121.8,Linux-6.12.68-92.122.amzn2023.x86_64-x86_64-with-glibc2.39,,sdpa,5
2026-06-27T05:23:07,/home/colligo/Distill-Spec-Research/checkpoints/jsd_mathhard_s123/ckpt_best,math_eval,specinfer_dL5,2,8,100,0,2334,5.637104,14.0746,400.515,71.05,9.9374,13157,934.8,779.747,113.004,1.662,31.644,0.013,26.9,4.6,18551,15691,89282,,,5.2,16770.9,17264,cuda:0,123,bf16,12,NVIDIA A100-SXM4-80GB,4,79.2,580.126.09,96,48,1121.8,Linux-6.12.68-92.122.amzn2023.x86_64-x86_64-with-glibc2.39,,sdpa,5
2026-06-27T05:39:16,/home/colligo/Distill-Spec-Research/checkpoints/jsd_mathhard_s123/ckpt_best,math_eval,specinfer_dL5,3,8,100,0,2276,5.742091,14.1523,405.735,70.66,10.4917,13069,923.45,769.977,111.896,1.824,30.96,0.041,25.6,4.3,19139,15878,91116,,,5.3,16770.9,17852,cuda:0,123,bf16,12,NVIDIA A100-SXM4-80GB,4,79.2,580.126.09,96,48,1121.8,Linux-6.12.68-92.122.amzn2023.x86_64-x86_64-with-glibc2.39,,sdpa,5
2026-06-27T05:56:21,/home/colligo/Distill-Spec-Research/checkpoints/jsd_mathhard_s123/ckpt_best,math_eval,specinfer_dL5,4,8,100,0,2418,5.428453,13.418,404.566,74.527,11.2548,13126,978.24,815.278,118.974,2.165,32.969,0.042,25.7,4.3,19279,15670,82667,,,5.3,16770.9,17992,cuda:0,123,bf16,12,NVIDIA A100-SXM4-80GB,4,79.2,580.126.09,96,48,1121.8,Linux-6.12.68-92.122.amzn2023.x86_64-x86_64-with-glibc2.39,,sdpa,5
2026-06-27T06:09:46,/home/colligo/Distill-Spec-Research/checkpoints/jsd_flat_enrich_K1_mathhard_s123/ckpt_best,math_eval,specinfer_dL6,2,8,100,0,2192,5.968978,14.9903,398.188,66.71,9.4562,13084,872.83,725.729,105.249,1.534,29.611,0.01,25.8,4.4,18667,16321,84483,,,5.2,16770.9,17380,cuda:1,123,bf16,12,NVIDIA A100-SXM4-80GB,4,79.2,580.126.09,96,48,1121.8,Linux-6.12.68-92.122.amzn2023.x86_64-x86_64-with-glibc2.39,,sdpa,6
2026-06-27T06:24:50,/home/colligo/Distill-Spec-Research/checkpoints/jsd_flat_enrich_K1_mathhard_s123/ckpt_best,math_eval,specinfer_dL6,3,8,100,0,2226,5.90027,15.3071,385.459,65.329,9.77,13134,858.03,714.512,103.792,1.703,29.659,0.037,26.4,4.5,19119,17869,86886,,,5.2,16770.9,17832,cuda:1,123,bf16,12,NVIDIA A100-SXM4-80GB,4,79.2,580.126.09,96,48,1121.8,Linux-6.12.68-92.122.amzn2023.x86_64-x86_64-with-glibc2.39,,sdpa,6
2026-06-27T06:40:59,/home/colligo/Distill-Spec-Research/checkpoints/jsd_flat_enrich_K1_mathhard_s123/ckpt_best,math_eval,specinfer_dL6,4,8,100,0,2260,5.805752,14.2119,408.515,70.364,10.1181,13121,923.24,769.054,112.292,2.074,30.867,0.044,25.2,4.3,19279,16905,82052,,,5.2,16770.9,17992,cuda:1,123,bf16,12,NVIDIA A100-SXM4-80GB,4,79.2,580.126.09,96,48,1121.8,Linux-6.12.68-92.122.amzn2023.x86_64-x86_64-with-glibc2.39,,sdpa,6
2026-06-27T06:56:11,/home/colligo/Distill-Spec-Research/checkpoints/jsd_flat_enrich_K3_mathhard_s123/ckpt_best,math_eval,specinfer_dL6,2,8,100,0,2233,5.871921,15.0527,390.091,66.433,9.4854,13112,871.07,725.854,105.29,1.538,29.766,0.042,26.1,4.6,19061,16284,86481,,,5.2,16770.9,17774,cuda:1,123,bf16,12,NVIDIA A100-SXM4-80GB,4,79.2,580.126.09,96,48,1121.8,Linux-6.12.68-92.122.amzn2023.x86_64-x86_64-with-glibc2.39,,sdpa,6
2026-06-27T07:10:42,/home/colligo/Distill-Spec-Research/checkpoints/jsd_flat_enrich_K3_mathhard_s123/ckpt_best,math_eval,specinfer_dL6,3,8,100,0,2205,5.960091,15.8777,375.376,62.982,9.819,13142,827.7,688.84,100.166,1.651,28.827,0.04,27.1,4.8,19139,16746,91271,,,5.3,16770.9,17852,cuda:1,123,bf16,12,NVIDIA A100-SXM4-80GB,4,79.2,580.126.09,96,48,1121.8,Linux-6.12.68-92.122.amzn2023.x86_64-x86_64-with-glibc2.39,,sdpa,6
2026-06-27T07:26:23,/home/colligo/Distill-Spec-Research/checkpoints/jsd_flat_enrich_K3_mathhard_s123/ckpt_best,math_eval,specinfer_dL6,4,8,100,0,2259,5.803896,14.6497,396.18,68.261,10.1182,13111,894.97,742.753,108.118,1.969,31.786,0.043,25.9,4.5,19239,16309,85305,,,5.3,16770.9,17952,cuda:1,123,bf16,12,NVIDIA A100-SXM4-80GB,4,79.2,580.126.09,96,48,1121.8,Linux-6.12.68-92.122.amzn2023.x86_64-x86_64-with-glibc2.39,,sdpa,6
2026-06-27T05:33:13,/home/colligo/Distill-Spec-Research/checkpoints/jsd_mathhard_s123/ckpt_best,math_eval,specinfer_dL6,2,8,100,0,2270,5.772687,15.1626,380.718,65.952,9.4696,13104,864.23,719.337,105.059,1.539,30.001,0.043,26.7,4.7,19061,16540,98448,,,5.3,16770.9,17774,cuda:1,123,bf16,12,NVIDIA A100-SXM4-80GB,4,79.2,580.126.09,96,48,1121.8,Linux-6.12.68-92.122.amzn2023.x86_64-x86_64-with-glibc2.39,,sdpa,6
2026-06-27T05:48:40,/home/colligo/Distill-Spec-Research/checkpoints/jsd_mathhard_s123/ckpt_best,math_eval,specinfer_dL6,3,8,100,0,2278,5.744074,14.8589,386.575,67.3,9.7638,13085,880.62,733.958,106.392,1.756,30.111,0.04,26.5,4.7,19119,16332,85757,,,5.3,16770.9,17832,cuda:1,123,bf16,12,NVIDIA A100-SXM4-80GB,4,79.2,580.126.09,96,48,1121.8,Linux-6.12.68-92.122.amzn2023.x86_64-x86_64-with-glibc2.39,,sdpa,6
2026-06-27T06:05:24,/home/colligo/Distill-Spec-Research/checkpoints/jsd_mathhard_s123/ckpt_best,math_eval,specinfer_dL6,4,8,100,0,2397,5.478098,13.6299,401.917,73.368,10.1977,13131,963.39,801.329,116.312,2.172,34.781,0.04,25.6,4.4,19239,16867,84582,,,5.2,16770.9,17952,cuda:1,123,bf16,12,NVIDIA A100-SXM4-80GB,4,79.2,580.126.09,96,48,1121.8,Linux-6.12.68-92.122.amzn2023.x86_64-x86_64-with-glibc2.39,,sdpa,6
2026-06-27T08:04:38,/home/colligo/Distill-Spec-Research/checkpoints/jsd_flat_enrich_K1_mathhard_s123/ckpt_best,math_eval,specinfer_dTau,2,8,100,0,2336,5.609589,14.2087,394.8,70.38,11.0514,13104,922.25,767.904,112.525,1.649,31.495,0.044,26.4,4.3,19061,17864,104428,,,4.3,16770.9,17774,cuda:0,123,bf16,12,NVIDIA A100-SXM4-80GB,4,79.2,580.126.09,96,48,1121.8,Linux-6.12.68-92.122.amzn2023.x86_64-x86_64-with-glibc2.39,,sdpa,0
2026-06-27T08:00:40,/home/colligo/Distill-Spec-Research/checkpoints/jsd_flat_enrich_K1_mathhard_s123/ckpt_best,math_eval,specinfer_dTau,3,8,100,0,2355,5.574522,14.045,396.905,71.2,12.5554,13128,934.71,777.3,113.412,1.822,33.544,0.044,26.5,4.6,19119,18343,85747,,,4.2,16770.9,17832,cuda:1,123,bf16,12,NVIDIA A100-SXM4-80GB,4,79.2,580.126.09,96,48,1121.8,Linux-6.12.68-92.122.amzn2023.x86_64-x86_64-with-glibc2.39,,sdpa,0
2026-06-27T07:57:02,/home/colligo/Distill-Spec-Research/checkpoints/jsd_flat_enrich_K1_mathhard_s123/ckpt_best,math_eval,specinfer_dTau,4,8,100,0,2500,5.2284,13.1432,397.802,76.085,14.8,13071,994.51,828.311,121.582,2.187,33.706,0.043,26.6,4.6,19279,18435,86424,,,4.2,16770.9,17992,cuda:2,123,bf16,12,NVIDIA A100-SXM4-80GB,4,79.2,580.126.09,96,48,1121.8,Linux-6.12.68-92.122.amzn2023.x86_64-x86_64-with-glibc2.39,,sdpa,0
2026-06-27T08:20:43,/home/colligo/Distill-Spec-Research/checkpoints/jsd_flat_enrich_K3_mathhard_s123/ckpt_best,math_eval,specinfer_dTau,2,8,100,0,2337,5.608472,14.3196,391.665,69.834,11.0218,13107,915.32,763.752,110.501,1.583,30.966,0.04,26.3,4.5,19061,20542,87311,,,3.6,16770.9,17774,cuda:0,123,bf16,12,NVIDIA A100-SXM4-80GB,4,79.2,580.126.09,96,48,1121.8,Linux-6.12.68-92.122.amzn2023.x86_64-x86_64-with-glibc2.39,,sdpa,0
2026-06-27T08:18:40,/home/colligo/Distill-Spec-Research/checkpoints/jsd_flat_enrich_K3_mathhard_s123/ckpt_best,math_eval,specinfer_dTau,3,8,100,0,2341,5.61085,13.9662,401.745,71.601,12.5639,13135,940.49,783.41,114.509,1.858,31.943,0.038,26.1,4.3,19309,18664,86854,,,3.9,16770.9,18022,cuda:1,123,bf16,12,NVIDIA A100-SXM4-80GB,4,79.2,580.126.09,96,48,1121.8,Linux-6.12.68-92.122.amzn2023.x86_64-x86_64-with-glibc2.39,,sdpa,0
2026-06-27T08:14:13,/home/colligo/Distill-Spec-Research/checkpoints/jsd_flat_enrich_K3_mathhard_s123/ckpt_best,math_eval,specinfer_dTau,4,8,100,0,2455,5.340937,13.3043,401.445,75.164,14.7035,13112,985.55,820.56,120.433,2.162,33.559,0.042,26.1,4.5,19257,17525,85268,,,4.3,16770.9,17970,cuda:2,123,bf16,12,NVIDIA A100-SXM4-80GB,4,79.2,580.126.09,96,48,1121.8,Linux-6.12.68-92.122.amzn2023.x86_64-x86_64-with-glibc2.39,,sdpa,0
2026-06-27T07:48:29,/home/colligo/Distill-Spec-Research/checkpoints/jsd_mathhard_s123/ckpt_best,math_eval,specinfer_dTau,2,8,100,0,2353,5.590735,13.197,423.636,75.775,10.9707,13155,996.82,832.252,120.68,1.76,32.861,0.041,24.7,4,19061,15636,92318,,,4.3,16770.9,17774,cuda:0,123,bf16,12,NVIDIA A100-SXM4-80GB,4,79.2,580.126.09,96,48,1121.8,Linux-6.12.68-92.122.amzn2023.x86_64-x86_64-with-glibc2.39,,sdpa,0
2026-06-27T07:44:14,/home/colligo/Distill-Spec-Research/checkpoints/jsd_mathhard_s123/ckpt_best,math_eval,specinfer_dTau,3,8,100,0,2477,5.283004,12.8635,410.699,77.74,12.9935,13086,1017.3,848.707,123.183,1.975,34.459,0.04,25.4,4.5,19123,16041,96409,,,4.6,16770.9,17836,cuda:1,123,bf16,12,NVIDIA A100-SXM4-80GB,4,79.2,580.126.09,96,48,1121.8,Linux-6.12.68-92.122.amzn2023.x86_64-x86_64-with-glibc2.39,,sdpa,0
2026-06-27T07:39:40,/home/colligo/Distill-Spec-Research/checkpoints/jsd_mathhard_s123/ckpt_best,math_eval,specinfer_dTau,4,8,100,0,2513,5.198567,12.7882,406.512,78.197,14.8376,13064,1021.56,851.418,124.587,2.277,34.345,0.041,26.1,4.4,19279,16216,96196,,,4.8,16770.9,17992,cuda:2,123,bf16,12,NVIDIA A100-SXM4-80GB,4,79.2,580.126.09,96,48,1121.8,Linux-6.12.68-92.122.amzn2023.x86_64-x86_64-with-glibc2.39,,sdpa,0
2026-06-22T06:46:05,checkpoints/jsd_flat_enrich_K1_mathhard_s123/ckpt_best,math_eval,spectr,1,8,100,0,2242,5.859054,15.7101,372.947,63.653,9,13136,836.15,682.912,111.835,1.473,31.161,0.041,24.6,4.4,19874,14835,96030,,,10.4,16770.9,17744,cuda:0,123,bf16,12,NVIDIA A100-SXM4-80GB,4,79.2,580.126.09,96,48,1121.8,Linux-6.12.68-92.122.amzn2023.x86_64-x86_64-with-glibc2.39,,https://wandb.ai/rmukund16-indian-institute-of-technology-hyderabad/distillspec-pipeline/runs/hjlsg2cr,0
2026-06-22T08:45:39,checkpoints/jsd_flat_enrich_K1_mathhard_s123/ckpt_best,math_eval,spectr,2,8,100,0,2295,5.72854,15.6975,364.934,63.705,13.3481,13147,837.52,678.586,110.583,8.76,31.24,0.038,27.5,4.7,19902,18216,83698,,,10.4,16770.9,17772,cuda:0,123,bf16,12,NVIDIA A100-SXM4-80GB,4,79.2,580.126.09,96,48,1121.8,Linux-6.12.68-92.122.amzn2023.x86_64-x86_64-with-glibc2.39,,https://wandb.ai/rmukund16-indian-institute-of-technology-hyderabad/distillspec-pipeline/runs/hjlsg2cr,0
2026-06-22T09:55:11,checkpoints/jsd_flat_enrich_K1_mathhard_s123/ckpt_best,math_eval,spectr,3,8,100,0,2478,5.271994,13.7668,382.951,72.639,17.5597,13064,948.95,768.922,125.977,10.458,34.804,0.041,26.6,4.5,19964,14772,90798,,,10.3,16770.9,17834,cuda:0,123,bf16,12,NVIDIA A100-SXM4-80GB,4,79.2,580.126.09,96,48,1121.8,Linux-6.12.68-92.122.amzn2023.x86_64-x86_64-with-glibc2.39,,https://wandb.ai/rmukund16-indian-institute-of-technology-hyderabad/distillspec-pipeline/runs/hjlsg2cr,0
2026-06-22T11:17:40,checkpoints/jsd_flat_enrich_K1_mathhard_s123/ckpt_best,math_eval,spectr,4,8,100,0,2461,5.316538,13.8143,384.856,72.388,21.015,13084,947.13,766.104,126.354,11.148,34.687,0.04,26.6,4.7,20112,15957,78288,,,9.1,16770.9,17982,cuda:0,123,bf16,12,NVIDIA A100-SXM4-80GB,4,79.2,580.126.09,96,48,1121.8,Linux-6.12.68-92.122.amzn2023.x86_64-x86_64-with-glibc2.39,,https://wandb.ai/rmukund16-indian-institute-of-technology-hyderabad/distillspec-pipeline/runs/hjlsg2cr,0
2026-06-23T11:44:08,checkpoints/jsd_flat_enrich_K1_mathhard_s456/ckpt_best,math_eval,spectr,1,8,100,0,2223,5.897886,16.886,349.276,59.221,9,13111,776.44,632.869,104.267,1.254,29.937,0.035,25.7,4.7,19037,15479,81996,,,5,16770.9,17750,cuda:0,123,bf16,12,NVIDIA A100-SXM4-80GB,4,79.2,580.126.09,96,48,1121.8,Linux-6.12.68-92.122.amzn2023.x86_64-x86_64-with-glibc2.39,,https://wandb.ai/rmukund16-indian-institute-of-technology-hyderabad/distillspec-pipeline/runs/mekhfoy6,0
2026-06-23T13:47:31,checkpoints/jsd_flat_enrich_K1_mathhard_s456/ckpt_best,math_eval,spectr,2,8,100,0,2253,5.801154,15.7,369.501,63.694,13.0941,13070,832.48,673.605,110.791,9.119,30.571,0.04,27.1,4.5,19480,16032,83813,,,5.4,16770.9,17772,cuda:0,123,bf16,12,NVIDIA A100-SXM4-80GB,4,79.2,580.126.09,96,48,1121.8,Linux-6.12.68-92.122.amzn2023.x86_64-x86_64-with-glibc2.39,,https://wandb.ai/rmukund16-indian-institute-of-technology-hyderabad/distillspec-pipeline/runs/mekhfoy6,0
2026-06-23T16:05:24,checkpoints/jsd_flat_enrich_K1_mathhard_s456/ckpt_best,math_eval,spectr,3,8,100,0,2440,5.361885,14.4485,371.103,69.211,17.366,13083,905.49,732.357,121.644,9.906,33.062,0.044,27.3,4.5,19628,15903,83506,,,5.3,16803.5,17920,cuda:0,123,bf16,12,NVIDIA A100-SXM4-80GB,4,79.2,580.126.09,96,48,1121.8,Linux-6.12.68-92.122.amzn2023.x86_64-x86_64-with-glibc2.39,,https://wandb.ai/rmukund16-indian-institute-of-technology-hyderabad/distillspec-pipeline/runs/mekhfoy6,0
2026-06-24T00:52:01,checkpoints/jsd_flat_enrich_K1_mathhard_s456/ckpt_best,math_eval,spectr,4,8,100,0,2519,5.208416,13.6000,382.973,73.530,21.1822,13120,964.71,781.358,128.854,10.787,34.821,0.042,26.7,4.7,19249,15700,84568,,,7.1,16770.9,17962.0,cuda:0,123,bf16,12,NVIDIA A100-SXM4-80GB,4,79.2,580.126.09,96,48,1121.8,Linux-6.12.68-92.122.amzn2023.x86_64-x86_64-with-glibc2.39,,https://wandb.ai/rmukund16-indian-institute-of-technology-hyderabad/distillspec-pipeline/runs/mekhfoy6,0
2026-06-23T03:43:47,checkpoints/jsd_flat_enrich_K3_mathhard_s123/ckpt_best,math_eval,spectr,1,8,100,0,2209,5.952467,16.7356,355.677,59.753,9,13149,785.69,639.684,106.608,1.283,29.767,0.041,25.6,4.7,19039,15773,82377,,,5.2,16770.9,17752,cuda:1,123,bf16,12,NVIDIA A100-SXM4-80GB,4,79.2,580.126.09,96,48,1121.8,Linux-6.12.68-92.122.amzn2023.x86_64-x86_64-with-glibc2.39,,https://wandb.ai/rmukund16-indian-institute-of-technology-hyderabad/distillspec-pipeline/runs/4whq9rs9,0
2026-06-23T05:50:27,checkpoints/jsd_flat_enrich_K3_mathhard_s123/ckpt_best,math_eval,spectr,2,8,100,0,2335,5.620128,15.7286,357.318,63.578,13.2231,13123,834.34,675.591,110.788,8.751,31.063,0.038,27.9,4.8,19059,16471,86134,,,5.2,16770.9,17772,cuda:1,123,bf16,12,NVIDIA A100-SXM4-80GB,4,79.2,580.126.09,96,48,1121.8,Linux-6.12.68-92.122.amzn2023.x86_64-x86_64-with-glibc2.39,,https://wandb.ai/rmukund16-indian-institute-of-technology-hyderabad/distillspec-pipeline/runs/4whq9rs9,0
2026-06-23T08:14:35,checkpoints/jsd_flat_enrich_K3_mathhard_s123/ckpt_best,math_eval,spectr,3,8,100,0,2434,5.376746,15.0779,356.597,66.322,17.5629,13087,867.96,702.504,115.452,9.405,32.509,0.035,28.3,5,19143,17050,89851,,,5.2,16770.9,17856,cuda:1,123,bf16,12,NVIDIA A100-SXM4-80GB,4,79.2,580.126.09,96,48,1121.8,Linux-6.12.68-92.122.amzn2023.x86_64-x86_64-with-glibc2.39,,https://wandb.ai/rmukund16-indian-institute-of-technology-hyderabad/distillspec-pipeline/runs/4whq9rs9,0
2026-06-23T10:49:34,checkpoints/jsd_flat_enrich_K3_mathhard_s123/ckpt_best,math_eval,spectr,4,8,100,0,2498,5.241393,13.8976,377.142,71.955,21.1974,13093,942.1,761.523,127.053,10.67,34.264,0.04,27.1,4.7,19269,15297,82253,,,4.8,16770.9,17982,cuda:1,123,bf16,12,NVIDIA A100-SXM4-80GB,4,79.2,580.126.09,96,48,1121.8,Linux-6.12.68-92.122.amzn2023.x86_64-x86_64-with-glibc2.39,,https://wandb.ai/rmukund16-indian-institute-of-technology-hyderabad/distillspec-pipeline/runs/4whq9rs9,0
2026-06-23T08:14:07,checkpoints/jsd_flat_enrich_K3_mathhard_s123_ttemp1.5/ckpt_best,math_eval,spectr,1,8,100,0,2322,5.635659,15.7632,357.519,63.439,9,13086,830.16,676.867,112.514,1.31,31.087,0.042,26,4.5,19033,16120,85880,,,5.2,16770.9,17746,cuda:3,123,bf16,12,NVIDIA A100-SXM4-80GB,4,79.2,580.126.09,96,48,1121.8,Linux-6.12.68-92.122.amzn2023.x86_64-x86_64-with-glibc2.39,,https://wandb.ai/rmukund16-indian-institute-of-technology-hyderabad/distillspec-pipeline/runs/7auspodd,0
2026-06-23T10:53:02,checkpoints/jsd_flat_enrich_K3_mathhard_s123_ttemp1.5/ckpt_best,math_eval,spectr,2,8,100,0,2323,5.654326,15.5028,364.73,64.505,13.192,13135,847.27,686.916,112.206,8.879,30.989,0.036,28.1,4.6,19061,15875,84026,,,4.7,16770.9,17774,cuda:3,123,bf16,12,NVIDIA A100-SXM4-80GB,4,79.2,580.126.09,96,48,1121.8,Linux-6.12.68-92.122.amzn2023.x86_64-x86_64-with-glibc2.39,,https://wandb.ai/rmukund16-indian-institute-of-technology-hyderabad/distillspec-pipeline/runs/7auspodd,0
2026-06-23T14:14:16,checkpoints/jsd_flat_enrich_K3_mathhard_s123_ttemp1.5/ckpt_best,math_eval,spectr,3,8,100,0,2490,5.271888,14.6674,359.429,68.178,17.6735,13127,894.98,724.015,119.32,9.725,33.698,0.038,28.6,5,19195,15931,85080,,,5.4,16803.5,17908,cuda:3,123,bf16,12,NVIDIA A100-SXM4-80GB,4,79.2,580.126.09,96,48,1121.8,Linux-6.12.68-92.122.amzn2023.x86_64-x86_64-with-glibc2.39,,https://wandb.ai/rmukund16-indian-institute-of-technology-hyderabad/distillspec-pipeline/runs/7auspodd,0
2026-06-23T17:08:50,checkpoints/jsd_flat_enrich_K3_mathhard_s123_ttemp1.5/ckpt_best,math_eval,spectr,4,8,100,0,2517,5.199841,13.8189,376.284,72.364,21.4545,13088,947.11,765.045,127.888,10.694,34.905,0.039,27.3,4.8,19275,15271,81805,,,5.3,16770.9,17988,cuda:3,123,bf16,12,NVIDIA A100-SXM4-80GB,4,79.2,580.126.09,96,48,1121.8,Linux-6.12.68-92.122.amzn2023.x86_64-x86_64-with-glibc2.39,,https://wandb.ai/rmukund16-indian-institute-of-technology-hyderabad/distillspec-pipeline/runs/7auspodd,0
2026-06-24T08:39:37,checkpoints/jsd_flat_enrich_K3_mathhard_s456/ckpt_best,math_eval,spectr,1,8,100,0,2228,5.886894,16.7575,351.299,59.675,9.0000,13116,782.69,637.315,106.078,1.299,29.735,0.039,25.4,4.6,19039,15390,88758,,,6.9,16770.9,17752.0,cuda:0,123,bf16,12,NVIDIA A100-SXM4-80GB,4,79.2,580.126.09,96,48,1121.8,Linux-6.12.68-92.122.amzn2023.x86_64-x86_64-with-glibc2.39,,https://wandb.ai/rmukund16-indian-institute-of-technology-hyderabad/distillspec-pipeline/runs/lb5m8j9f,0
2026-06-24T08:22:56,checkpoints/jsd_flat_enrich_K3_mathhard_s456/ckpt_best,math_eval,spectr,2,8,100,0,2378,5.536585,14.4136,384.124,69.379,13.3045,13166,913.45,741.450,120.542,9.480,33.132,0.042,26.3,4.3,19059,15049,78518,,,8.6,16770.9,17772.0,cuda:1,123,bf16,12,NVIDIA A100-SXM4-80GB,4,79.2,580.126.09,96,48,1121.8,Linux-6.12.68-92.122.amzn2023.x86_64-x86_64-with-glibc2.39,,https://wandb.ai/rmukund16-indian-institute-of-technology-hyderabad/distillspec-pipeline/runs/lb5m8j9f,0
2026-06-24T08:04:37,checkpoints/jsd_flat_enrich_K3_mathhard_s456/ckpt_best,math_eval,spectr,3,8,100,0,2393,5.500209,15.2109,361.596,65.742,16.9666,13162,865.30,700.314,115.493,9.636,31.567,0.039,28.2,4.9,19205,15908,89071,,,7.4,16803.5,17918.0,cuda:2,123,bf16,12,NVIDIA A100-SXM4-80GB,4,79.2,580.126.09,96,48,1121.8,Linux-6.12.68-92.122.amzn2023.x86_64-x86_64-with-glibc2.39,,https://wandb.ai/rmukund16-indian-institute-of-technology-hyderabad/distillspec-pipeline/runs/lb5m8j9f,0
2026-06-24T07:48:12,checkpoints/jsd_flat_enrich_K3_mathhard_s456/ckpt_best,math_eval,spectr,4,8,100,0,2549,5.140055,14.2331,361.134,70.259,20.9918,13102,920.53,744.486,123.457,10.212,34.055,0.039,28.3,5.1,19269,16020,84474,,,9.3,16770.9,17982.0,cuda:3,123,bf16,12,NVIDIA A100-SXM4-80GB,4,79.2,580.126.09,96,48,1121.8,Linux-6.12.68-92.122.amzn2023.x86_64-x86_64-with-glibc2.39,,https://wandb.ai/rmukund16-indian-institute-of-technology-hyderabad/distillspec-pipeline/runs/lb5m8j9f,0
2026-06-22T06:47:43,checkpoints/jsd_mathhard_s123/ckpt_best,math_eval,spectr,1,8,100,0,2239,5.848146,15.4548,378.404,64.705,9,13094,847.25,691.789,113.889,1.434,31.311,0.04,23.7,4.3,19041,14753,93665,,,10.3,16770.9,17754,cuda:2,123,bf16,12,NVIDIA A100-SXM4-80GB,4,79.2,580.126.09,96,48,1121.8,Linux-6.12.68-92.122.amzn2023.x86_64-x86_64-with-glibc2.39,,https://wandb.ai/rmukund16-indian-institute-of-technology-hyderabad/distillspec-pipeline/runs/1heslnth,0
2026-06-22T08:48:02,checkpoints/jsd_mathhard_s123/ckpt_best,math_eval,spectr,2,8,100,0,2442,5.358722,13.6733,391.913,73.135,13.509,13086,957.05,777.719,125.908,9.661,34.762,0.039,25.5,4.3,19059,16032,80654,,,10.3,16770.9,17772,cuda:2,123,bf16,12,NVIDIA A100-SXM4-80GB,4,79.2,580.126.09,96,48,1121.8,Linux-6.12.68-92.122.amzn2023.x86_64-x86_64-with-glibc2.39,,https://wandb.ai/rmukund16-indian-institute-of-technology-hyderabad/distillspec-pipeline/runs/1heslnth,0
2026-06-22T10:07:50,checkpoints/jsd_mathhard_s123/ckpt_best,math_eval,spectr,3,8,100,0,2513,5.219658,13.2715,393.297,75.349,17.5217,13117,988.36,801.46,131.226,10.977,35.666,0.04,26,4.6,19123,14741,82250,,,10.3,16770.9,17836,cuda:2,123,bf16,12,NVIDIA A100-SXM4-80GB,4,79.2,580.126.09,96,48,1121.8,Linux-6.12.68-92.122.amzn2023.x86_64-x86_64-with-glibc2.39,,https://wandb.ai/rmukund16-indian-institute-of-technology-hyderabad/distillspec-pipeline/runs/1heslnth,0
2026-06-22T15:00:17,checkpoints/jsd_mathhard_s123/ckpt_best,math_eval,spectr,4,8,100,0,2576,5.09278,13.8967,366.473,71.959,21.3517,13119,944.04,763.488,126.881,10.44,34.82,0.039,28,5,20256,16267,86625,,,5.2,16770.9,18126,cuda:0,123,bf16,12,NVIDIA A100-SXM4-80GB,4,79.2,580.126.09,96,48,1121.8,Linux-6.12.68-92.122.amzn2023.x86_64-x86_64-with-glibc2.39,,https://wandb.ai/rmukund16-indian-institute-of-technology-hyderabad/distillspec-pipeline/runs/1heslnth,0
2026-06-23T15:09:32,checkpoints/jsd_mathhard_s456/ckpt_best,math_eval,spectr,1,8,100,0,2253,5.818464,16.2126,358.885,61.68,9,13109,808.57,658.69,109.671,1.305,30.501,0.04,25.2,4.5,19055,15406,82462,,,5.3,16770.9,17768,cuda:1,123,bf16,12,NVIDIA A100-SXM4-80GB,4,79.2,580.126.09,96,48,1121.8,Linux-6.12.68-92.122.amzn2023.x86_64-x86_64-with-glibc2.39,,https://wandb.ai/rmukund16-indian-institute-of-technology-hyderabad/distillspec-pipeline/runs/d6homdte,0
2026-06-23T17:07:31,checkpoints/jsd_mathhard_s456/ckpt_best,math_eval,spectr,2,8,100,0,2350,5.573617,15.8092,352.555,63.254,13.3421,13098,828.51,670.954,109.874,8.475,31.165,0.037,28.4,4.8,19061,16498,87998,,,5.3,16770.9,17774,cuda:1,123,bf16,12,NVIDIA A100-SXM4-80GB,4,79.2,580.126.09,96,48,1121.8,Linux-6.12.68-92.122.amzn2023.x86_64-x86_64-with-glibc2.39,,https://wandb.ai/rmukund16-indian-institute-of-technology-hyderabad/distillspec-pipeline/runs/d6homdte,0
2026-06-23T18:51:15,checkpoints/jsd_mathhard_s456/ckpt_best,math_eval,spectr,3,8,100,0,2423,5.423029,15.4489,351.03,64.73,17.0797,13140,850.55,687.822,113.137,9.52,32.059,0.037,29.3,5.3,19215,16719,89743,,,3.1,16798.8,17928,cuda:1,123,bf16,12,NVIDIA A100-SXM4-80GB,4,79.2,580.126.09,96,48,1121.8,Linux-6.12.68-92.122.amzn2023.x86_64-x86_64-with-glibc2.39,,https://wandb.ai/rmukund16-indian-institute-of-technology-hyderabad/distillspec-pipeline/runs/d6homdte,0
2026-06-24T00:53:14,checkpoints/jsd_mathhard_s456/ckpt_best,math_eval,spectr,4,8,100,0,2571,5.103073,13.1942,386.767,75.791,21.1579,13120,994.38,805.387,133.475,11.060,35.480,0.045,26.6,4.6,19269,14853,83053,,,7.1,16770.9,17982.0,cuda:1,123,bf16,12,NVIDIA A100-SXM4-80GB,4,79.2,580.126.09,96,48,1121.8,Linux-6.12.68-92.122.amzn2023.x86_64-x86_64-with-glibc2.39,,https://wandb.ai/rmukund16-indian-institute-of-technology-hyderabad/distillspec-pipeline/runs/d6homdte,0
2026-06-22T01:22:37,checkpoints/jsd_flat_enrich_K1_mathhard_s123/ckpt_best,math_eval,traversal,1,8,100,0,2134,6.158388,15.8093,389.542,63.254,9,13142,831.28,677.33,110.978,2.714,30.6,0.051,23.4,4.3,19432,14637,74074,,,9.2,16770.9,17724,cuda:0,123,bf16,12,NVIDIA A100-SXM4-80GB,4,79.2,580.126.09,96,48,1121.8,Linux-6.12.68-92.122.amzn2023.x86_64-x86_64-with-glibc2.39,,https://wandb.ai/rmukund16-indian-institute-of-technology-hyderabad/distillspec-pipeline/runs/hjlsg2cr,0
2026-06-22T02:04:13,checkpoints/jsd_flat_enrich_K1_mathhard_s123/ckpt_best,math_eval,traversal,2,8,100,0,2125,6.184941,16.6643,371.15,60.009,13.1624,13143,788.69,642.685,104.234,3.738,28.993,0.049,27,4.6,19480,15558,87713,,,10.2,16770.9,17772,cuda:0,123,bf16,12,NVIDIA A100-SXM4-80GB,4,79.2,580.126.09,96,48,1121.8,Linux-6.12.68-92.122.amzn2023.x86_64-x86_64-with-glibc2.39,,https://wandb.ai/rmukund16-indian-institute-of-technology-hyderabad/distillspec-pipeline/runs/hjlsg2cr,0
2026-06-22T03:30:26,checkpoints/jsd_flat_enrich_K1_mathhard_s123/ckpt_best,math_eval,traversal,3,8,100,0,2243,5.853321,15.3767,380.661,65.033,16.7637,13129,853.82,694.5,113.711,5.303,31.04,0.05,26.7,4.5,19988,15072,80080,,,10.3,16770.9,17858,cuda:0,123,bf16,12,NVIDIA A100-SXM4-80GB,4,79.2,580.126.09,96,48,1121.8,Linux-6.12.68-92.122.amzn2023.x86_64-x86_64-with-glibc2.39,,https://wandb.ai/rmukund16-indian-institute-of-technology-hyderabad/distillspec-pipeline/runs/hjlsg2cr,0
2026-06-22T04:21:59,checkpoints/jsd_flat_enrich_K1_mathhard_s123/ckpt_best,math_eval,traversal,4,8,100,0,2244,5.832888,15.2518,382.438,65.566,20.3988,13089,858.19,696.877,114.514,6.248,31.315,0.048,27,4.7,20094,16165,78406,,,9.4,16770.9,17964,cuda:0,123,bf16,12,NVIDIA A100-SXM4-80GB,4,79.2,580.126.09,96,48,1121.8,Linux-6.12.68-92.122.amzn2023.x86_64-x86_64-with-glibc2.39,,https://wandb.ai/rmukund16-indian-institute-of-technology-hyderabad/distillspec-pipeline/runs/hjlsg2cr,0
2026-06-23T12:43:14,checkpoints/jsd_flat_enrich_K1_mathhard_s456/ckpt_best,math_eval,traversal,1,8,100,0,2169,6.065468,16.7784,361.505,59.601,9,13156,784.1,637.403,106.306,2.545,29.403,0.042,25.1,4.5,19490,14663,79065,,,4.2,16770.9,17782,cuda:0,123,bf16,12,NVIDIA A100-SXM4-80GB,4,79.2,580.126.09,96,48,1121.8,Linux-6.12.68-92.122.amzn2023.x86_64-x86_64-with-glibc2.39,,https://wandb.ai/rmukund16-indian-institute-of-technology-hyderabad/distillspec-pipeline/runs/mekhfoy6,0
2026-06-23T15:05:07,checkpoints/jsd_flat_enrich_K1_mathhard_s456/ckpt_best,math_eval,traversal,2,8,100,0,2147,6.111318,16.7319,365.251,59.766,13.0862,13121,784.19,637.801,105.248,3.74,29.058,0.042,27.2,4.6,19540,15961,84164,,,5.3,16782.5,17832,cuda:0,123,bf16,12,NVIDIA A100-SXM4-80GB,4,79.2,580.126.09,96,48,1121.8,Linux-6.12.68-92.122.amzn2023.x86_64-x86_64-with-glibc2.39,,https://wandb.ai/rmukund16-indian-institute-of-technology-hyderabad/distillspec-pipeline/runs/mekhfoy6,0
2026-06-23T17:34:16,checkpoints/jsd_flat_enrich_K1_mathhard_s456/ckpt_best,math_eval,traversal,3,8,100,0,2172,6.054788,16.7004,362.553,59.879,16.6446,13151,787.47,640.468,105.279,4.616,28.847,0.039,27.9,4.9,19628,16093,85103,,,5.2,16803.5,17920,cuda:0,123,bf16,12,NVIDIA A100-SXM4-80GB,4,79.2,580.126.09,96,48,1121.8,Linux-6.12.68-92.122.amzn2023.x86_64-x86_64-with-glibc2.39,,https://wandb.ai/rmukund16-indian-institute-of-technology-hyderabad/distillspec-pipeline/runs/mekhfoy6,0
2026-06-25T19:49:17,checkpoints/jsd_flat_enrich_K1_mathhard_s456/ckpt_best,math_eval,traversal,4,8,1000,0,22162,5.923157,14.1014,420.041,70.915,20.1008,131269,9308.95,7743.622,1107.030,60.882,303.795,0.391,24.8,4.2,44968,15278,78118,,,9.7,16770.9,21416.0,cuda:0,123,bf16,12,NVIDIA A100-SXM4-80GB,4,79.2,580.126.09,96,48,1121.8,Linux-6.12.68-92.122.amzn2023.x86_64-x86_64-with-glibc2.39,,sdpa+flash_attention_2 (flash_attn-2.8.3.post1),0
2026-06-23T02:50:08,checkpoints/jsd_flat_enrich_K3_mathhard_s123/ckpt_best,math_eval,traversal,1,8,100,0,2119,6.212836,17.938,346.351,55.748,9,13165,733.92,596.789,98.529,2.299,28.239,0.038,26.1,4.8,19015,16120,85149,,,5.2,16770.9,17728,cuda:1,123,bf16,12,NVIDIA A100-SXM4-80GB,4,79.2,580.126.09,96,48,1121.8,Linux-6.12.68-92.122.amzn2023.x86_64-x86_64-with-glibc2.39,,https://wandb.ai/rmukund16-indian-institute-of-technology-hyderabad/distillspec-pipeline/runs/4whq9rs9,0
2026-06-23T07:13:55,checkpoints/jsd_flat_enrich_K3_mathhard_s123/ckpt_best,math_eval,traversal,2,8,100,0,2130,6.16338,17.1695,358.974,58.243,12.7995,13128,764.61,622.323,102.129,3.434,28.51,0.041,27.6,4.8,19143,16140,85975,,,5,16791.8,17856,cuda:1,123,bf16,12,NVIDIA A100-SXM4-80GB,4,79.2,580.126.09,96,48,1121.8,Linux-6.12.68-92.122.amzn2023.x86_64-x86_64-with-glibc2.39,,https://wandb.ai/rmukund16-indian-institute-of-technology-hyderabad/distillspec-pipeline/runs/4whq9rs9,0
2026-06-23T09:40:22,checkpoints/jsd_flat_enrich_K3_mathhard_s123/ckpt_best,math_eval,traversal,3,8,100,0,2113,6.215807,17.4087,357.052,57.443,16.6001,13134,754.45,613.041,100.707,4.324,28.284,0.037,28.2,5.1,19227,15368,86546,,,4.3,16805.8,17940,cuda:1,123,bf16,12,NVIDIA A100-SXM4-80GB,4,79.2,580.126.09,96,48,1121.8,Linux-6.12.68-92.122.amzn2023.x86_64-x86_64-with-glibc2.39,,https://wandb.ai/rmukund16-indian-institute-of-technology-hyderabad/distillspec-pipeline/runs/4whq9rs9,0
2026-06-23T12:24:21,checkpoints/jsd_flat_enrich_K3_mathhard_s123/ckpt_best,math_eval,traversal,4,8,100,0,2226,5.89398,15.8232,372.489,63.198,20.0809,13120,829.16,672.87,111.371,6.101,30.35,0.039,27.1,4.8,19367,15516,81529,,,4.3,16819.8,18080,cuda:1,123,bf16,12,NVIDIA A100-SXM4-80GB,4,79.2,580.126.09,96,48,1121.8,Linux-6.12.68-92.122.amzn2023.x86_64-x86_64-with-glibc2.39,,https://wandb.ai/rmukund16-indian-institute-of-technology-hyderabad/distillspec-pipeline/runs/4whq9rs9,0
2026-06-23T07:18:34,checkpoints/jsd_flat_enrich_K3_mathhard_s123_ttemp1.5/ckpt_best,math_eval,traversal,1,8,100,0,2142,6.128385,17.6426,347.363,56.681,9,13127,744.05,605.162,100.016,2.387,28.402,0.039,26.9,5,19027,15606,83851,,,5.2,16770.9,17740,cuda:3,123,bf16,12,NVIDIA A100-SXM4-80GB,4,79.2,580.126.09,96,48,1121.8,Linux-6.12.68-92.122.amzn2023.x86_64-x86_64-with-glibc2.39,,https://wandb.ai/rmukund16-indian-institute-of-technology-hyderabad/distillspec-pipeline/runs/7auspodd,0
2026-06-23T10:11:06,checkpoints/jsd_flat_enrich_K3_mathhard_s123_ttemp1.5/ckpt_best,math_eval,traversal,2,8,100,0,2131,6.16565,16.7994,367.016,59.526,13.297,13139,782.11,637.457,104.114,3.55,28.651,0.037,27.7,4.6,19061,15519,83549,,,4.7,16770.9,17774,cuda:3,123,bf16,12,NVIDIA A100-SXM4-80GB,4,79.2,580.126.09,96,48,1121.8,Linux-6.12.68-92.122.amzn2023.x86_64-x86_64-with-glibc2.39,,https://wandb.ai/rmukund16-indian-institute-of-technology-hyderabad/distillspec-pipeline/runs/7auspodd,0
2026-06-23T13:32:08,checkpoints/jsd_flat_enrich_K3_mathhard_s123_ttemp1.5/ckpt_best,math_eval,traversal,3,8,100,0,2148,6.094972,17.0482,357.515,58.657,16.7155,13092,767.94,623.809,102.504,4.606,28.898,0.038,28.5,5,19195,16426,86107,,,5.4,16803.5,17908,cuda:3,123,bf16,12,NVIDIA A100-SXM4-80GB,4,79.2,580.126.09,96,48,1121.8,Linux-6.12.68-92.122.amzn2023.x86_64-x86_64-with-glibc2.39,,https://wandb.ai/rmukund16-indian-institute-of-technology-hyderabad/distillspec-pipeline/runs/7auspodd,0
2026-06-23T16:06:53,checkpoints/jsd_flat_enrich_K3_mathhard_s123_ttemp1.5/ckpt_best,math_eval,traversal,4,8,100,0,2241,5.84739,15.8981,367.805,62.901,20.3896,13104,824.25,668.24,110.869,6.228,30.56,0.039,28.1,5.2,19275,15757,84021,,,5.3,16770.9,17988,cuda:3,123,bf16,12,NVIDIA A100-SXM4-80GB,4,79.2,580.126.09,96,48,1121.8,Linux-6.12.68-92.122.amzn2023.x86_64-x86_64-with-glibc2.39,,https://wandb.ai/rmukund16-indian-institute-of-technology-hyderabad/distillspec-pipeline/runs/7auspodd,0
2026-06-24T09:38:33,checkpoints/jsd_flat_enrich_K3_mathhard_s456/ckpt_best,math_eval,traversal,1,8,100,0,2147,6.108524,16.6513,366.850,60.055,9.0000,13115,787.63,641.027,106.140,2.535,29.220,0.040,24.5,4.3,19071,15284,78590,,,8.6,16770.9,17784.0,cuda:0,123,bf16,12,NVIDIA A100-SXM4-80GB,4,79.2,580.126.09,96,48,1121.8,Linux-6.12.68-92.122.amzn2023.x86_64-x86_64-with-glibc2.39,,https://wandb.ai/rmukund16-indian-institute-of-technology-hyderabad/distillspec-pipeline/runs/lb5m8j9f,0
2026-06-25T11:46:42,checkpoints/jsd_flat_enrich_K3_mathhard_s456/ckpt_best,math_eval,traversal,2,8,1000,0,21872,6.004755,16.4426,365.195,60.818,13.0723,131336,7987.55,6505.187,1063.466,37.623,297.738,0.369,27.4,4.7,22523,15976,86950,,,6.1,16770.9,21236.0,cuda:1,123,bf16,12,NVIDIA A100-SXM4-80GB,4,79.2,580.126.09,96,48,1121.8,Linux-6.12.68-92.122.amzn2023.x86_64-x86_64-with-glibc2.39,,sdpa,0
2026-06-24T16:10:35,checkpoints/jsd_flat_enrich_K3_mathhard_s456/ckpt_best,math_eval,traversal,3,8,1000,0,21940,5.991158,16.4502,364.201,60.790,16.4990,131446,7990.56,6491.504,1072.213,46.990,296.149,0.382,28.0,5.0,22055,16040,86866,,,6.5,16770.9,20768.0,cuda:1,123,bf16,12,NVIDIA A100-SXM4-80GB,4,79.2,580.126.09,96,48,1121.8,Linux-6.12.68-92.122.amzn2023.x86_64-x86_64-with-glibc2.39,,https://wandb.ai/rmukund16-indian-institute-of-technology-hyderabad/distillspec-pipeline/runs/lb5m8j9f,0
2026-06-26T05:11:42,checkpoints/jsd_flat_enrich_K3_mathhard_s456/ckpt_best,math_eval,traversal,4,8,1000,0,22195,5.920117,13.8755,426.659,72.069,19.8267,131397,9469.71,7879.729,1127.389,61.737,306.260,0.390,24.7,4.1,44968,14869,76534,,,8.0,16770.9,21418.0,cuda:1,123,bf16,12,NVIDIA A100-SXM4-80GB,4,79.2,580.126.09,96,48,1121.8,Linux-6.12.68-92.122.amzn2023.x86_64-x86_64-with-glibc2.39,,sdpa+flash_attention_2 (flash_attn-2.8.3.post1),0
2026-06-22T01:15:51,checkpoints/jsd_mathhard_s123/ckpt_best,math_eval,traversal,1,8,100,0,2197,5.972235,16.3997,364.167,60.977,9,13121,800.07,650.437,107.389,2.727,29.894,0.034,24.7,4.5,19115,14812,78753,,,8.7,16770.9,17828,cuda:2,123,bf16,12,NVIDIA A100-SXM4-80GB,4,79.2,580.126.09,96,48,1121.8,Linux-6.12.68-92.122.amzn2023.x86_64-x86_64-with-glibc2.39,,https://wandb.ai/rmukund16-indian-institute-of-technology-hyderabad/distillspec-pipeline/runs/1heslnth,0
2026-06-22T01:59:01,checkpoints/jsd_mathhard_s123/ckpt_best,math_eval,traversal,2,8,100,0,2218,5.919748,15.6502,378.254,63.897,13.2876,13130,838.97,684.113,110.49,4.126,31.035,0.05,26.6,4.6,19061,15201,84851,,,10.3,16770.9,17774,cuda:2,123,bf16,12,NVIDIA A100-SXM4-80GB,4,79.2,580.126.09,96,48,1121.8,Linux-6.12.68-92.122.amzn2023.x86_64-x86_64-with-glibc2.39,,https://wandb.ai/rmukund16-indian-institute-of-technology-hyderabad/distillspec-pipeline/runs/1heslnth,0
2026-06-22T03:30:54,checkpoints/jsd_mathhard_s123/ckpt_best,math_eval,traversal,3,8,100,0,2231,5.89377,15.2021,387.693,65.78,16.9812,13149,864.94,704.24,114.755,5.345,31.192,0.049,25.9,4.5,19121,14863,79072,,,10.3,16770.9,17834,cuda:2,123,bf16,12,NVIDIA A100-SXM4-80GB,4,79.2,580.126.09,96,48,1121.8,Linux-6.12.68-92.122.amzn2023.x86_64-x86_64-with-glibc2.39,,https://wandb.ai/rmukund16-indian-institute-of-technology-hyderabad/distillspec-pipeline/runs/1heslnth,0
2026-06-22T04:22:28,checkpoints/jsd_mathhard_s123/ckpt_best,math_eval,traversal,4,8,100,0,2321,5.662215,14.6229,387.215,68.386,20.7811,13142,898.73,729.047,120.288,7.027,32.86,0.049,26.3,4.8,19277,15766,78504,,,9.4,16770.9,17990,cuda:2,123,bf16,12,NVIDIA A100-SXM4-80GB,4,79.2,580.126.09,96,48,1121.8,Linux-6.12.68-92.122.amzn2023.x86_64-x86_64-with-glibc2.39,,https://wandb.ai/rmukund16-indian-institute-of-technology-hyderabad/distillspec-pipeline/runs/1heslnth,0
2026-06-23T14:13:59,checkpoints/jsd_mathhard_s456/ckpt_best,math_eval,traversal,1,8,100,0,2188,6.010512,16.9006,355.638,59.169,9,13151,778.14,632.24,105.535,2.549,29.496,0.041,25.5,4.7,19055,15462,82532,,,5.4,16770.9,17768,cuda:1,123,bf16,12,NVIDIA A100-SXM4-80GB,4,79.2,580.126.09,96,48,1121.8,Linux-6.12.68-92.122.amzn2023.x86_64-x86_64-with-glibc2.39,,https://wandb.ai/rmukund16-indian-institute-of-technology-hyderabad/distillspec-pipeline/runs/d6homdte,0
2026-06-23T16:03:09,checkpoints/jsd_mathhard_s456/ckpt_best,math_eval,traversal,2,8,100,0,2171,6.054813,16.4239,368.658,60.887,13.1294,13145,800.36,651.333,107.08,3.756,29.786,0.041,27.1,4.5,19059,15945,83484,,,5.2,16770.9,17772,cuda:1,123,bf16,12,NVIDIA A100-SXM4-80GB,4,79.2,580.126.09,96,48,1121.8,Linux-6.12.68-92.122.amzn2023.x86_64-x86_64-with-glibc2.39,,https://wandb.ai/rmukund16-indian-institute-of-technology-hyderabad/distillspec-pipeline/runs/d6homdte,0
2026-06-23T19:59:09,checkpoints/jsd_mathhard_s456/ckpt_best,math_eval,traversal,3,8,100,0,2200,5.980455,17.11,349.529,58.445,16.5418,13157,768.96,624.757,102.822,4.494,28.932,0.037,29.1,5.4,19215,16659,85682,,,3.1,16801.1,17928,cuda:1,123,bf16,12,NVIDIA A100-SXM4-80GB,4,79.2,580.126.09,96,48,1121.8,Linux-6.12.68-92.122.amzn2023.x86_64-x86_64-with-glibc2.39,,https://wandb.ai/rmukund16-indian-institute-of-technology-hyderabad/distillspec-pipeline/runs/d6homdte,0
2026-06-26T05:13:18,checkpoints/jsd_mathhard_s456/ckpt_best,math_eval,traversal,4,8,1000,0,22241,5.901848,13.8159,427.179,72.381,19.8043,131263,9500.89,7902.836,1131.500,61.997,309.712,0.396,24.6,4.1,44984,14791,75248,,,8.1,16770.9,21436.0,cuda:3,123,bf16,12,NVIDIA A100-SXM4-80GB,4,79.2,580.126.09,96,48,1121.8,Linux-6.12.68-92.122.amzn2023.x86_64-x86_64-with-glibc2.39,,sdpa+flash_attention_2 (flash_attn-2.8.3.post1),0
2026-06-26T19:32:18,/home/colligo/Distill-Spec-Research/checkpoints/jsd_flat_enrich_K1_mathhard_s123/ckpt_best,math_eval,traversal_dAdapt,2,8,100,0,2173,6.061206,6.3694,951.62,157.002,10.8058,13171,2067.87,1443.355,260.804,18.353,324.381,0.114,99.9,6.1,55636,25828,140034,,,73,16770.9,17774,cuda:0,123,bf16,12,NVIDIA A100-SXM4-80GB,4,79.2,580.126.09,96,48,1121.8,Linux-6.12.68-92.122.amzn2023.x86_64-x86_64-with-glibc2.39,,sdpa,0
2026-06-26T22:53:15,/home/colligo/Distill-Spec-Research/checkpoints/jsd_flat_enrich_K1_mathhard_s123/ckpt_best,math_eval,traversal_dAdapt,3,8,100,0,2165,6.061432,8.9597,676.52,111.611,12.0503,13123,1464.67,862.567,205.208,21.754,363.044,0.045,99.5,8.7,55860,27895,159933,,,4.2,16770.9,17834,cuda:0,123,bf16,12,NVIDIA A100-SXM4-80GB,4,79.2,580.126.09,96,48,1121.8,Linux-6.12.68-92.122.amzn2023.x86_64-x86_64-with-glibc2.39,,sdpa,0
2026-06-27T01:45:49,/home/colligo/Distill-Spec-Research/checkpoints/jsd_flat_enrich_K1_mathhard_s123/ckpt_best,math_eval,traversal_dAdapt,4,8,100,0,2166,6.044783,7.9036,764.813,126.525,13.3943,13093,1656.59,1033.48,234.733,23.906,350.42,0.066,99.9,7.7,56228,26476,147490,,,42.9,16770.9,17990,cuda:0,123,bf16,12,NVIDIA A100-SXM4-80GB,4,79.2,580.126.09,96,48,1121.8,Linux-6.12.68-92.122.amzn2023.x86_64-x86_64-with-glibc2.39,,sdpa,0
2026-06-26T19:34:02,/home/colligo/Distill-Spec-Research/checkpoints/jsd_flat_enrich_K3_mathhard_s123/ckpt_best,math_eval,traversal_dAdapt,2,8,100,0,2107,6.240626,6.5334,955.186,153.059,10.6089,13149,2012.58,1404.01,251.585,16.793,320.795,0.118,100,6.1,55636,23447,139202,,,73,16770.9,17772,cuda:0,123,bf16,12,NVIDIA A100-SXM4-80GB,4,79.2,580.126.09,96,48,1121.8,Linux-6.12.68-92.122.amzn2023.x86_64-x86_64-with-glibc2.39,,sdpa,0
2026-06-26T22:48:53,/home/colligo/Distill-Spec-Research/checkpoints/jsd_flat_enrich_K3_mathhard_s123/ckpt_best,math_eval,traversal_dAdapt,3,8,100,0,2121,6.181047,9.1981,671.99,108.718,12.0561,13110,1425.29,839.809,198.977,20.365,354.167,0.043,99.6,8.7,55860,29459,179838,,,4.3,16770.9,17856,cuda:0,123,bf16,12,NVIDIA A100-SXM4-80GB,4,79.2,580.126.09,96,48,1121.8,Linux-6.12.68-92.122.amzn2023.x86_64-x86_64-with-glibc2.39,,sdpa,0
2026-06-27T01:39:09,/home/colligo/Distill-Spec-Research/checkpoints/jsd_flat_enrich_K3_mathhard_s123/ckpt_best,math_eval,traversal_dAdapt,4,8,100,0,2139,6.152875,8.1817,752.03,122.224,13.5446,13161,1608.59,1001.174,227.472,22.95,343.386,0.062,99.8,7.7,56228,29348,176387,,,42.5,16770.9,17970,cuda:0,123,bf16,12,NVIDIA A100-SXM4-80GB,4,79.2,580.126.09,96,48,1121.8,Linux-6.12.68-92.122.amzn2023.x86_64-x86_64-with-glibc2.39,,sdpa,0
2026-06-26T19:31:57,/home/colligo/Distill-Spec-Research/checkpoints/jsd_mathhard_s123/ckpt_best,math_eval,traversal_dAdapt,2,8,100,0,2251,5.835184,6.3883,913.419,156.536,10.7592,13135,2056.11,1422.403,259.313,20.306,334.656,0.115,99.9,6.1,55636,25587,164553,,,73.1,16770.9,17772,cuda:0,123,bf16,12,NVIDIA A100-SXM4-80GB,4,79.2,580.126.09,96,48,1121.8,Linux-6.12.68-92.122.amzn2023.x86_64-x86_64-with-glibc2.39,,sdpa,0
2026-06-26T22:48:41,/home/colligo/Distill-Spec-Research/checkpoints/jsd_mathhard_s123/ckpt_best,math_eval,traversal_dAdapt,3,8,100,0,2184,6.007784,8.9964,667.801,111.156,12.0041,13121,1458.48,852.359,205.126,22.098,366.876,0.044,99.6,8.6,55860,31042,191977,,,4.3,16770.9,17852,cuda:0,123,bf16,12,NVIDIA A100-SXM4-80GB,4,79.2,580.126.09,96,48,1121.8,Linux-6.12.68-92.122.amzn2023.x86_64-x86_64-with-glibc2.39,,sdpa,0
2026-06-27T01:41:32,/home/colligo/Distill-Spec-Research/checkpoints/jsd_mathhard_s123/ckpt_best,math_eval,traversal_dAdapt,4,8,100,0,2187,5.977595,8.0027,746.951,124.958,13.7782,13073,1633.58,1008.501,235.998,25.67,349.653,0.06,99.9,7.7,56228,28058,160258,,,42.6,16770.9,17950,cuda:0,123,bf16,12,NVIDIA A100-SXM4-80GB,4,79.2,580.126.09,96,48,1121.8,Linux-6.12.68-92.122.amzn2023.x86_64-x86_64-with-glibc2.39,,sdpa,0
2026-06-26T17:06:56,/home/colligo/Distill-Spec-Research/checkpoints/jsd_flat_enrich_K1_mathhard_s123/ckpt_best,math_eval,traversal_dL2,2,8,100,0,2150,6.110698,8.8747,688.552,112.68,11.4009,13138,1480.39,892.016,195.574,20.317,360.348,0.047,99.4,8,55612,81200,421786,,,12.8,16770.9,17772,cuda:0,123,bf16,12,NVIDIA A100-SXM4-80GB,4,79.2,580.126.09,96,48,1121.8,Linux-6.12.68-92.122.amzn2023.x86_64-x86_64-with-glibc2.39,,sdpa,2
2026-06-26T20:46:20,/home/colligo/Distill-Spec-Research/checkpoints/jsd_flat_enrich_K1_mathhard_s123/ckpt_best,math_eval,traversal_dL2,3,8,100,0,2147,6.11551,6.3032,970.221,158.649,13.4918,13130,2083.06,1432.683,280.722,24.138,326.971,0.117,99.7,6.3,55842,24716,123851,,,66.9,16770.9,17856,cuda:0,123,bf16,12,NVIDIA A100-SXM4-80GB,4,79.2,580.126.09,96,48,1121.8,Linux-6.12.68-92.122.amzn2023.x86_64-x86_64-with-glibc2.39,,sdpa,2
2026-06-26T23:48:36,/home/colligo/Distill-Spec-Research/checkpoints/jsd_flat_enrich_K1_mathhard_s123/ckpt_best,math_eval,traversal_dL2,4,8,100,0,2191,6.001826,8.3641,717.57,119.559,15.4153,13150,1572.2,915.559,239.925,30.348,374.141,0.045,99.4,8.3,56248,28132,160968,,,4.2,16770.9,17992,cuda:0,123,bf16,12,NVIDIA A100-SXM4-80GB,4,79.2,580.126.09,96,48,1121.8,Linux-6.12.68-92.122.amzn2023.x86_64-x86_64-with-glibc2.39,,sdpa,2
2026-06-26T17:08:16,/home/colligo/Distill-Spec-Research/checkpoints/jsd_flat_enrich_K3_mathhard_s123/ckpt_best,math_eval,traversal_dL2,2,8,100,0,2124,6.179849,8.7785,703.978,113.915,11.4656,13126,1495.25,909.488,196.899,19.523,356.926,0.048,99.5,8.1,55612,86680,457721,,,12.8,16770.9,17770,cuda:0,123,bf16,12,NVIDIA A100-SXM4-80GB,4,79.2,580.126.09,96,48,1121.8,Linux-6.12.68-92.122.amzn2023.x86_64-x86_64-with-glibc2.39,,sdpa,2
2026-06-26T20:46:38,/home/colligo/Distill-Spec-Research/checkpoints/jsd_flat_enrich_K3_mathhard_s123/ckpt_best,math_eval,traversal_dL2,3,8,100,0,2113,6.199243,6.3051,983.205,158.601,13.6843,13099,2077.51,1429.911,280.869,24.18,323.272,0.124,99.8,6.2,55842,23804,114312,,,67.4,16770.9,17834,cuda:0,123,bf16,12,NVIDIA A100-SXM4-80GB,4,79.2,580.126.09,96,48,1121.8,Linux-6.12.68-92.122.amzn2023.x86_64-x86_64-with-glibc2.39,,sdpa,2
2026-06-26T23:43:44,/home/colligo/Distill-Spec-Research/checkpoints/jsd_flat_enrich_K3_mathhard_s123/ckpt_best,math_eval,traversal_dL2,4,8,99,1,2132,6.103659,8.6051,709.31,116.211,15.7603,13013,1512.25,870.966,235.047,29.63,361.06,0.046,99.3,8.3,56248,30658,183576,,,4.2,16770.9,17970,cuda:0,123,bf16,12,NVIDIA A100-SXM4-80GB,4,79.2,580.126.09,96,48,1121.8,Linux-6.12.68-92.122.amzn2023.x86_64-x86_64-with-glibc2.39,,sdpa,2
2026-06-26T17:05:53,/home/colligo/Distill-Spec-Research/checkpoints/jsd_mathhard_s123/ckpt_best,math_eval,traversal_dL2,2,8,100,0,2228,5.876571,8.6237,681.442,115.959,11.5601,13093,1518.25,942.55,198.399,21.245,343.743,0.047,91.8,7.6,55612,73669,369968,,,11.9,16770.9,17752,cuda:0,123,bf16,12,NVIDIA A100-SXM4-80GB,4,79.2,580.126.09,96,48,1121.8,Linux-6.12.68-92.122.amzn2023.x86_64-x86_64-with-glibc2.39,,sdpa,2
2026-06-26T20:44:14,/home/colligo/Distill-Spec-Research/checkpoints/jsd_mathhard_s123/ckpt_best,math_eval,traversal_dL2,3,8,100,0,2190,5.988128,6.5803,910.013,151.969,13.6292,13114,1992.93,1348.07,268.29,24.971,331.654,0.107,99.7,6.3,55840,25840,132654,,,65.8,16770.9,17834,cuda:0,123,bf16,12,NVIDIA A100-SXM4-80GB,4,79.2,580.126.09,96,48,1121.8,Linux-6.12.68-92.122.amzn2023.x86_64-x86_64-with-glibc2.39,,sdpa,2
2026-06-26T23:44:44,/home/colligo/Distill-Spec-Research/checkpoints/jsd_mathhard_s123/ckpt_best,math_eval,traversal_dL2,4,8,100,0,2222,5.920792,8.5117,695.606,117.485,15.4523,13156,1545.64,888.251,239.984,31.689,373.887,0.043,99.3,8.3,56248,29747,176921,,,4.2,16770.9,17968,cuda:0,123,bf16,12,NVIDIA A100-SXM4-80GB,4,79.2,580.126.09,96,48,1121.8,Linux-6.12.68-92.122.amzn2023.x86_64-x86_64-with-glibc2.39,,sdpa,2
2026-06-27T03:05:45,/home/colligo/Distill-Spec-Research/checkpoints/jsd_flat_enrich_K1_mathhard_s123/ckpt_best,math_eval,traversal_dL3,2,8,100,0,2158,6.081557,12.5669,483.933,79.574,10.8712,13124,1044.33,870.772,123.781,3.897,33.97,0.061,21.7,3.7,19039,14512,74140,,,41.8,16770.9,17752,cuda:1,123,bf16,12,NVIDIA A100-SXM4-80GB,4,79.2,580.126.09,96,48,1121.8,Linux-6.12.68-92.122.amzn2023.x86_64-x86_64-with-glibc2.39,,sdpa,3
2026-06-27T03:42:24,/home/colligo/Distill-Spec-Research/checkpoints/jsd_flat_enrich_K1_mathhard_s123/ckpt_best,math_eval,traversal_dL3,3,8,100,0,2120,6.205189,12.9516,479.107,77.211,12.3778,13155,1015.71,847.304,120.208,4.39,33.088,0.06,22,3.8,19141,14162,97805,,,41.7,16770.9,17854,cuda:1,123,bf16,12,NVIDIA A100-SXM4-80GB,4,79.2,580.126.09,96,48,1121.8,Linux-6.12.68-92.122.amzn2023.x86_64-x86_64-with-glibc2.39,,sdpa,3
2026-06-27T04:19:36,/home/colligo/Distill-Spec-Research/checkpoints/jsd_flat_enrich_K1_mathhard_s123/ckpt_best,math_eval,traversal_dL3,4,8,100,0,2145,6.119347,12.3408,495.861,81.032,13.6093,13126,1063.62,885.973,126.635,5.169,34.693,0.068,21.6,3.7,19255,16249,71681,,,47.4,16770.9,17968,cuda:1,123,bf16,12,NVIDIA A100-SXM4-80GB,4,79.2,580.126.09,96,48,1121.8,Linux-6.12.68-92.122.amzn2023.x86_64-x86_64-with-glibc2.39,,sdpa,3
2026-06-27T03:06:56,/home/colligo/Distill-Spec-Research/checkpoints/jsd_flat_enrich_K3_mathhard_s123/ckpt_best,math_eval,traversal_dL3,2,8,100,0,2087,6.288931,13.0188,483.064,76.812,10.8333,13125,1008.15,842.443,118.936,3.604,32.589,0.059,21.8,3.7,19059,14070,73065,,,41.6,16770.9,17772,cuda:3,123,bf16,12,NVIDIA A100-SXM4-80GB,4,79.2,580.126.09,96,48,1121.8,Linux-6.12.68-92.122.amzn2023.x86_64-x86_64-with-glibc2.39,,sdpa,3
2026-06-27T03:45:03,/home/colligo/Distill-Spec-Research/checkpoints/jsd_flat_enrich_K3_mathhard_s123/ckpt_best,math_eval,traversal_dL3,3,8,100,0,2117,6.194143,12.3479,501.635,80.985,12.4265,13113,1061.96,885.602,126.288,4.451,34.23,0.062,21.1,3.7,19119,14762,89428,,,41.9,16770.9,17832,cuda:3,123,bf16,12,NVIDIA A100-SXM4-80GB,4,79.2,580.126.09,96,48,1121.8,Linux-6.12.68-92.122.amzn2023.x86_64-x86_64-with-glibc2.39,,sdpa,3
2026-06-27T04:23:51,/home/colligo/Distill-Spec-Research/checkpoints/jsd_flat_enrich_K3_mathhard_s123/ckpt_best,math_eval,traversal_dL3,4,8,100,0,2133,6.146742,12.0369,510.659,83.078,13.5795,13111,1089.24,907.738,129.68,5.147,35.059,0.066,21.1,3.6,19277,16001,78974,,,47.4,16770.9,17990,cuda:3,123,bf16,12,NVIDIA A100-SXM4-80GB,4,79.2,580.126.09,96,48,1121.8,Linux-6.12.68-92.122.amzn2023.x86_64-x86_64-with-glibc2.39,,sdpa,3
2026-06-27T03:05:48,/home/colligo/Distill-Spec-Research/checkpoints/jsd_mathhard_s123/ckpt_best,math_eval,traversal_dL3,2,8,100,0,2223,5.902834,12.1653,485.219,82.201,10.9618,13122,1078.64,900.928,127.603,4.257,34.826,0.061,21.4,3.6,19039,14453,73477,,,41.7,16770.9,17752,cuda:0,123,bf16,12,NVIDIA A100-SXM4-80GB,4,79.2,580.126.09,96,48,1121.8,Linux-6.12.68-92.122.amzn2023.x86_64-x86_64-with-glibc2.39,,sdpa,3
2026-06-27T03:44:24,/home/colligo/Distill-Spec-Research/checkpoints/jsd_mathhard_s123/ckpt_best,math_eval,traversal_dL3,3,8,100,0,2214,5.928636,12.1441,488.192,82.345,12.2963,13126,1080.86,901.905,128.2,4.787,34.767,0.062,21.6,3.8,19139,13925,91584,,,41.8,16770.9,17852,cuda:0,123,bf16,12,NVIDIA A100-SXM4-80GB,4,79.2,580.126.09,96,48,1121.8,Linux-6.12.68-92.122.amzn2023.x86_64-x86_64-with-glibc2.39,,sdpa,3
2026-06-27T04:23:30,/home/colligo/Distill-Spec-Research/checkpoints/jsd_mathhard_s123/ckpt_best,math_eval,traversal_dL3,4,8,100,0,2187,5.998628,11.8746,505.165,84.213,13.7334,13119,1104.8,920.444,131.463,5.483,35.446,0.07,21,3.6,19257,17046,76452,,,47.9,16770.9,17970,cuda:0,123,bf16,12,NVIDIA A100-SXM4-80GB,4,79.2,580.126.09,96,48,1121.8,Linux-6.12.68-92.122.amzn2023.x86_64-x86_64-with-glibc2.39,,sdpa,3
2026-06-26T18:19:06,/home/colligo/Distill-Spec-Research/checkpoints/jsd_flat_enrich_K1_mathhard_s123/ckpt_best,math_eval,traversal_dL4,2,8,100,0,2198,5.967698,6.3041,946.635,158.626,10.4122,13117,2080.7,1457.985,256.855,18.485,326.87,0.117,99.8,6,55616,26938,140664,,,74.8,16770.9,17772,cuda:0,123,bf16,12,NVIDIA A100-SXM4-80GB,4,79.2,580.126.09,96,48,1121.8,Linux-6.12.68-92.122.amzn2023.x86_64-x86_64-with-glibc2.39,,sdpa,4
2026-06-26T21:59:50,/home/colligo/Distill-Spec-Research/checkpoints/jsd_flat_enrich_K1_mathhard_s123/ckpt_best,math_eval,traversal_dL4,3,8,100,0,2137,6.173608,7.6523,806.764,130.679,11.3683,13193,1724.05,1120.019,223.485,19.362,346.148,0.073,99.7,7.2,55818,28559,132501,,,39.6,16770.9,17834,cuda:0,123,bf16,12,NVIDIA A100-SXM4-80GB,4,79.2,580.126.09,96,48,1121.8,Linux-6.12.68-92.122.amzn2023.x86_64-x86_64-with-glibc2.39,,sdpa,4
2026-06-27T00:45:46,/home/colligo/Distill-Spec-Research/checkpoints/jsd_flat_enrich_K1_mathhard_s123/ckpt_best,math_eval,traversal_dL4,4,8,100,0,2156,6.102968,8.8297,691.19,113.255,12.3265,13158,1490.21,881.013,208.646,22.987,365.41,0.044,99.3,8.3,56252,27930,153106,,,4.3,16770.9,17990,cuda:0,123,bf16,12,NVIDIA A100-SXM4-80GB,4,79.2,580.126.09,96,48,1121.8,Linux-6.12.68-92.122.amzn2023.x86_64-x86_64-with-glibc2.39,,sdpa,4
2026-06-26T18:21:32,/home/colligo/Distill-Spec-Research/checkpoints/jsd_flat_enrich_K3_mathhard_s123/ckpt_best,math_eval,traversal_dL4,2,8,100,0,2102,6.254044,6.3158,990.22,158.333,10.3849,13146,2081.44,1469.219,258.918,16.588,317.324,0.11,99.9,6,55616,24195,128800,,,74.6,16770.9,17774,cuda:0,123,bf16,12,NVIDIA A100-SXM4-80GB,4,79.2,580.126.09,96,48,1121.8,Linux-6.12.68-92.122.amzn2023.x86_64-x86_64-with-glibc2.39,,sdpa,4
2026-06-26T21:57:43,/home/colligo/Distill-Spec-Research/checkpoints/jsd_flat_enrich_K3_mathhard_s123/ckpt_best,math_eval,traversal_dL4,3,8,100,0,2063,6.36064,7.8932,805.842,126.692,11.1721,13122,1662.45,1081.466,218.812,17.796,329.845,0.074,99.7,7,55816,29776,142856,,,43.5,16770.9,17834,cuda:0,123,bf16,12,NVIDIA A100-SXM4-80GB,4,79.2,580.126.09,96,48,1121.8,Linux-6.12.68-92.122.amzn2023.x86_64-x86_64-with-glibc2.39,,sdpa,4
2026-06-27T00:40:30,/home/colligo/Distill-Spec-Research/checkpoints/jsd_flat_enrich_K3_mathhard_s123/ckpt_best,math_eval,traversal_dL4,4,8,100,0,2080,6.3125,9.1117,692.793,109.749,12.1702,13130,1441.01,858.324,198.946,20.668,351.059,0.042,99.4,8.2,56252,34952,178997,,,4.2,16770.9,17974,cuda:0,123,bf16,12,NVIDIA A100-SXM4-80GB,4,79.2,580.126.09,96,48,1121.8,Linux-6.12.68-92.122.amzn2023.x86_64-x86_64-with-glibc2.39,,sdpa,4
2026-06-26T18:19:05,/home/colligo/Distill-Spec-Research/checkpoints/jsd_mathhard_s123/ckpt_best,math_eval,traversal_dL4,2,8,100,0,2200,5.981818,6.4145,932.545,155.897,10.3791,13160,2051.6,1433.233,254.311,18.376,327.319,0.117,99.8,6,55616,23835,130729,,,74.7,16770.9,17752,cuda:0,123,bf16,12,NVIDIA A100-SXM4-80GB,4,79.2,580.126.09,96,48,1121.8,Linux-6.12.68-92.122.amzn2023.x86_64-x86_64-with-glibc2.39,,sdpa,4
2026-06-26T21:56:00,/home/colligo/Distill-Spec-Research/checkpoints/jsd_mathhard_s123/ckpt_best,math_eval,traversal_dL4,3,8,100,0,2167,6.0503,7.4191,815.506,134.788,11.2893,13111,1767.2,1169.051,227.985,19.791,334.883,0.084,99.7,6.7,55816,28037,148745,,,49.4,16770.9,17832,cuda:0,123,bf16,12,NVIDIA A100-SXM4-80GB,4,79.2,580.126.09,96,48,1121.8,Linux-6.12.68-92.122.amzn2023.x86_64-x86_64-with-glibc2.39,,sdpa,4
2026-06-27T00:41:34,/home/colligo/Distill-Spec-Research/checkpoints/jsd_mathhard_s123/ckpt_best,math_eval,traversal_dL4,4,8,100,0,2162,6.090194,8.9273,682.202,112.016,12.21,13167,1474.92,872.566,205.707,22.505,362.221,0.044,99.4,8.3,56252,31120,167041,,,4.2,16770.9,17970,cuda:0,123,bf16,12,NVIDIA A100-SXM4-80GB,4,79.2,580.126.09,96,48,1121.8,Linux-6.12.68-92.122.amzn2023.x86_64-x86_64-with-glibc2.39,,sdpa,4
2026-06-27T06:18:48,/home/colligo/Distill-Spec-Research/checkpoints/jsd_flat_enrich_K1_mathhard_s123/ckpt_best,math_eval,traversal_dL5,2,8,99,1,2139,6.083216,14.5705,417.501,68.632,9.9182,13012,893.04,743.61,107.92,2.898,29.673,0.041,24.7,4.1,19041,16576,81823,,,5.2,16770.9,17754,cuda:2,123,bf16,12,NVIDIA A100-SXM4-80GB,4,79.2,580.126.09,96,48,1121.8,Linux-6.12.68-92.122.amzn2023.x86_64-x86_64-with-glibc2.39,,sdpa,5
2026-06-27T06:34:01,/home/colligo/Distill-Spec-Research/checkpoints/jsd_flat_enrich_K1_mathhard_s123/ckpt_best,math_eval,traversal_dL5,3,8,100,0,2150,6.095349,15.0191,405.841,66.582,10.447,13105,872.56,725.644,105.478,3.054,29.603,0.04,25.7,4.3,19119,15726,83698,,,5.2,16770.9,17832,cuda:2,123,bf16,12,NVIDIA A100-SXM4-80GB,4,79.2,580.126.09,96,48,1121.8,Linux-6.12.68-92.122.amzn2023.x86_64-x86_64-with-glibc2.39,,sdpa,5
2026-06-27T06:49:43,/home/colligo/Distill-Spec-Research/checkpoints/jsd_flat_enrich_K1_mathhard_s123/ckpt_best,math_eval,traversal_dL5,4,8,100,0,2163,6.081368,14.6428,415.315,68.293,11.062,13154,898.33,747.123,108.814,3.404,30.004,0.041,25.2,4.2,19259,15066,80720,,,5.2,16770.9,17972,cuda:2,123,bf16,12,NVIDIA A100-SXM4-80GB,4,79.2,580.126.09,96,48,1121.8,Linux-6.12.68-92.122.amzn2023.x86_64-x86_64-with-glibc2.39,,sdpa,5
2026-06-27T06:52:43,/home/colligo/Distill-Spec-Research/checkpoints/jsd_flat_enrich_K3_mathhard_s123/ckpt_best,math_eval,traversal_dL5,2,8,100,0,2135,6.143794,16.2593,377.864,61.503,9.8857,13117,806.74,670.714,97.418,2.575,27.851,0.007,26.9,4.8,18525,15813,86467,,,5.1,16770.9,17238,cuda:2,123,bf16,12,NVIDIA A100-SXM4-80GB,4,79.2,580.126.09,96,48,1121.8,Linux-6.12.68-92.122.amzn2023.x86_64-x86_64-with-glibc2.39,,sdpa,5
2026-06-27T07:08:01,/home/colligo/Distill-Spec-Research/checkpoints/jsd_flat_enrich_K3_mathhard_s123/ckpt_best,math_eval,traversal_dL5,3,8,100,0,2150,6.123721,15.0476,406.957,66.456,10.5563,13166,874.96,727.009,106.395,3.14,29.613,0.043,25.4,4.2,19139,15952,84886,,,5.3,16770.9,17852,cuda:2,123,bf16,12,NVIDIA A100-SXM4-80GB,4,79.2,580.126.09,96,48,1121.8,Linux-6.12.68-92.122.amzn2023.x86_64-x86_64-with-glibc2.39,,sdpa,5
2026-06-27T07:21:44,/home/colligo/Distill-Spec-Research/checkpoints/jsd_flat_enrich_K3_mathhard_s123/ckpt_best,math_eval,traversal_dL5,4,8,100,0,2050,6.417561,16.8266,381.395,59.43,11.0117,13156,781.86,649.464,94.55,2.746,26.92,0.04,27.2,5,19257,16931,105202,,,5.3,16770.9,17970,cuda:2,123,bf16,12,NVIDIA A100-SXM4-80GB,4,79.2,580.126.09,96,48,1121.8,Linux-6.12.68-92.122.amzn2023.x86_64-x86_64-with-glibc2.39,,sdpa,5
2026-06-27T05:33:30,/home/colligo/Distill-Spec-Research/checkpoints/jsd_mathhard_s123/ckpt_best,math_eval,traversal_dL5,2,8,100,0,2191,5.99361,14.9948,399.714,66.69,9.911,13132,875.77,728.862,105.88,2.846,29.529,0.043,25.6,4.3,19061,15901,94875,,,5.3,16770.9,17774,cuda:2,123,bf16,12,NVIDIA A100-SXM4-80GB,4,79.2,580.126.09,96,48,1121.8,Linux-6.12.68-92.122.amzn2023.x86_64-x86_64-with-glibc2.39,,sdpa,5
2026-06-27T05:48:37,/home/colligo/Distill-Spec-Research/checkpoints/jsd_mathhard_s123/ckpt_best,math_eval,traversal_dL5,3,8,100,0,2254,5.837178,15.242,382.968,65.608,10.5368,13157,863.21,718.073,104.235,3.183,29.426,0.039,26.9,4.7,19119,16659,87187,,,5.3,16770.9,17832,cuda:2,123,bf16,12,NVIDIA A100-SXM4-80GB,4,79.2,580.126.09,96,48,1121.8,Linux-6.12.68-92.122.amzn2023.x86_64-x86_64-with-glibc2.39,,sdpa,5
2026-06-27T06:03:11,/home/colligo/Distill-Spec-Research/checkpoints/jsd_mathhard_s123/ckpt_best,math_eval,traversal_dL5,4,8,100,0,2154,6.111885,15.896,384.492,62.909,10.9865,13165,828.2,688.482,100.077,3.087,28.218,0.04,27,4.9,19239,18403,88032,,,5.2,16770.9,17952,cuda:2,123,bf16,12,NVIDIA A100-SXM4-80GB,4,79.2,580.126.09,96,48,1121.8,Linux-6.12.68-92.122.amzn2023.x86_64-x86_64-with-glibc2.39,,sdpa,5
2026-06-27T06:17:56,/home/colligo/Distill-Spec-Research/checkpoints/jsd_flat_enrich_K1_mathhard_s123/ckpt_best,math_eval,traversal_dTau,2,8,100,0,2189,5.992691,15.1822,394.718,65.867,10.8579,13118,864.04,716.964,104.512,3.114,29.233,0.042,26.4,4.4,19063,15985,86298,,,5.3,16770.9,17776,cuda:3,123,bf16,12,NVIDIA A100-SXM4-80GB,4,79.2,580.126.09,96,48,1121.8,Linux-6.12.68-92.122.amzn2023.x86_64-x86_64-with-glibc2.39,,sdpa,0
2026-06-27T06:32:59,/home/colligo/Distill-Spec-Research/checkpoints/jsd_flat_enrich_K1_mathhard_s123/ckpt_best,math_eval,traversal_dTau,3,8,100,0,2170,6.039171,15.1997,397.321,65.791,11.9926,13105,862.19,715.081,104.247,3.53,29.207,0.043,26.4,4.5,19121,15902,86266,,,5.2,16770.9,17834,cuda:3,123,bf16,12,NVIDIA A100-SXM4-80GB,4,79.2,580.126.09,96,48,1121.8,Linux-6.12.68-92.122.amzn2023.x86_64-x86_64-with-glibc2.39,,sdpa,0
2026-06-27T06:47:45,/home/colligo/Distill-Spec-Research/checkpoints/jsd_flat_enrich_K1_mathhard_s123/ckpt_best,math_eval,traversal_dTau,4,8,100,0,2164,6.066081,15.4865,391.701,64.572,13.2953,13127,847.64,704.111,102.549,3.864,28.697,0.039,26.8,4.8,19281,16034,84832,,,5.2,16770.9,17994,cuda:3,123,bf16,12,NVIDIA A100-SXM4-80GB,4,79.2,580.126.09,96,48,1121.8,Linux-6.12.68-92.122.amzn2023.x86_64-x86_64-with-glibc2.39,,sdpa,0
2026-06-27T07:02:18,/home/colligo/Distill-Spec-Research/checkpoints/jsd_flat_enrich_K3_mathhard_s123/ckpt_best,math_eval,traversal_dTau,2,8,100,0,2108,6.253795,15.8975,393.382,62.903,10.5726,13183,829.25,689.548,100.068,2.788,28.39,0.04,26.5,4.4,19041,16457,88115,,,5.3,16770.9,17754,cuda:3,123,bf16,12,NVIDIA A100-SXM4-80GB,4,79.2,580.126.09,96,48,1121.8,Linux-6.12.68-92.122.amzn2023.x86_64-x86_64-with-glibc2.39,,sdpa,0
2026-06-27T07:17:01,/home/colligo/Distill-Spec-Research/checkpoints/jsd_flat_enrich_K3_mathhard_s123/ckpt_best,math_eval,traversal_dTau,3,8,100,0,2120,6.19434,15.7598,393.047,63.453,11.9448,13132,833.26,691.072,100.981,3.284,28.402,0.043,26.4,4.4,19143,16584,99615,,,5.3,16770.9,17856,cuda:3,123,bf16,12,NVIDIA A100-SXM4-80GB,4,79.2,580.126.09,96,48,1121.8,Linux-6.12.68-92.122.amzn2023.x86_64-x86_64-with-glibc2.39,,sdpa,0
2026-06-27T07:32:07,/home/colligo/Distill-Spec-Research/checkpoints/jsd_flat_enrich_K3_mathhard_s123/ckpt_best,math_eval,traversal_dTau,4,8,100,0,2117,6.199811,15.1979,407.939,65.799,13.0368,13125,863.61,717.691,104.645,3.797,28.665,0.04,25.9,4.3,19259,15827,83780,,,5.3,16770.9,17972,cuda:3,123,bf16,12,NVIDIA A100-SXM4-80GB,4,79.2,580.126.09,96,48,1121.8,Linux-6.12.68-92.122.amzn2023.x86_64-x86_64-with-glibc2.39,,sdpa,0
2026-06-27T05:33:09,/home/colligo/Distill-Spec-Research/checkpoints/jsd_mathhard_s123/ckpt_best,math_eval,traversal_dTau,2,8,100,0,2204,5.957804,15.4366,385.954,64.781,10.7945,13131,850.64,707.253,102.662,3.097,29.264,0.037,26.9,4.5,19041,16522,107110,,,5.3,16770.9,17754,cuda:3,123,bf16,12,NVIDIA A100-SXM4-80GB,4,79.2,580.126.09,96,48,1121.8,Linux-6.12.68-92.122.amzn2023.x86_64-x86_64-with-glibc2.39,,sdpa,0
2026-06-27T05:48:06,/home/colligo/Distill-Spec-Research/checkpoints/jsd_mathhard_s123/ckpt_best,math_eval,traversal_dTau,3,8,100,0,2214,5.932701,15.3235,387.164,65.259,12.1486,13135,857.18,711.934,103.61,3.633,29.633,0.038,27,4.7,19121,16675,86668,,,5.3,16770.9,17834,cuda:3,123,bf16,12,NVIDIA A100-SXM4-80GB,4,79.2,580.126.09,96,48,1121.8,Linux-6.12.68-92.122.amzn2023.x86_64-x86_64-with-glibc2.39,,sdpa,0
2026-06-27T06:02:45,/home/colligo/Distill-Spec-Research/checkpoints/jsd_mathhard_s123/ckpt_best,math_eval,traversal_dTau,4,8,100,0,2169,6.042416,15.6281,386.637,63.987,13.332,13106,838.61,694.677,101.64,3.902,28.665,0.037,27.2,4.8,19259,16418,86934,,,5.2,16770.9,17972,cuda:3,123,bf16,12,NVIDIA A100-SXM4-80GB,4,79.2,580.126.09,96,48,1121.8,Linux-6.12.68-92.122.amzn2023.x86_64-x86_64-with-glibc2.39,,sdpa,0
